{"fidelities_each_sample": [0.3048599911607359, 0.2879090872703098, 0.20700116874123548], "average_fidelity": 0.2665900823907604, "training_params": {"N_samples": 3, "N_training_iterations": 1000, "learning_rate": 0.01, "convergence_threshold": 1e-06, "batch_size": 8, "eval_batch_size": 16, "evaluation_time_steps": 100}}