{"fidelities_each_sample": [0.462692137586406, 0.4284146009553512, 0.299228144545723], "average_fidelity": 0.3967782943624934, "training_params": {"N_samples": 3, "N_training_iterations": 4000, "learning_rate": 0.01, "convergence_threshold": 1e-06, "batch_size": 8, "eval_batch_size": 16, "evaluation_time_steps": 100}}