{"fidelities_each_sample": [0.24390307687309565, 0.23693459010084886, 0.2172832588771775], "average_fidelity": 0.23270697528370732, "training_params": {"N_samples": 3, "N_training_iterations": 4000, "learning_rate": 0.01, "convergence_threshold": 1e-06, "batch_size": 8, "eval_batch_size": 16, "evaluation_time_steps": 100}}