{"fidelities_each_sample": [0.9824439034503402, 0.9202304804730528, 0.9172142802965363], "average_fidelity": 0.9399628880733096, "training_params": {"N_samples": 3, "N_training_iterations": 1000, "learning_rate": 0.01, "convergence_threshold": 1e-06, "batch_size": 8, "eval_batch_size": 16, "evaluation_time_steps": 200}}