{"fidelities_each_sample": [0.20246873477671007, 0.5441884063612394, 0.3002559437764165], "average_fidelity": 0.34897102830478866, "training_params": {"N_samples": 3, "N_training_iterations": 4000, "learning_rate": 0.01, "convergence_threshold": 1e-06, "batch_size": 8, "eval_batch_size": 16, "evaluation_time_steps": 100}}