{"fidelities_each_sample": [0.5490647251785221, 0.47502918256285764, 0.49251437392586606, 0.5140442993869064, 0.5044025212933182, 0.4871646744957714, 0.5555121715296405, 0.505598562772512, 0.48227631651215824, 0.5078849739925236], "average_fidelity": 0.5073491801650076, "training_params": {"N_samples": 10, "N_training_iterations": 100000, "learning_rate": 0.001, "convergence_threshold": 1e-06, "batch_size": 32, "eval_batch_size": 32, "evaluation_time_steps": 50}}