{"fidelities_each_sample": [0.31334437994933034, 0.340038522006031, 0.312767152317202], "average_fidelity": 0.3220500180908545, "training_params": {"N_samples": 3, "N_training_iterations": 1000, "learning_rate": 0.01, "convergence_threshold": 1e-06, "batch_size": 16, "eval_batch_size": 16, "evaluation_time_steps": 50}}