{"fidelities_each_sample": [0.6529418241695685, 0.6410135553553724, 0.6447602630823956], "average_fidelity": 0.6462385475357788, "training_params": {"N_samples": 3, "N_training_iterations": 1000, "learning_rate": 0.01, "convergence_threshold": 1e-06, "batch_size": 8, "eval_batch_size": 16, "evaluation_time_steps": 200}}