{"fidelities_each_sample": [0.6273218627482273, 0.6244896370857432, 0.6170822748044555], "average_fidelity": 0.622964591546142, "training_params": {"N_samples": 3, "N_training_iterations": 1000, "learning_rate": 0.01, "convergence_threshold": 1e-06, "batch_size": 8, "eval_batch_size": 16, "evaluation_time_steps": 200}}