{"fidelities_each_sample": [0.6516458647574627, 0.6403699322021065, 0.6445952362472908], "average_fidelity": 0.6455370110689533, "training_params": {"N_samples": 3, "N_training_iterations": 1000, "learning_rate": 0.01, "convergence_threshold": 1e-06, "batch_size": 8, "eval_batch_size": 16, "evaluation_time_steps": 200}}