{"fidelities_each_sample": [0.5960011562169172, 0.6021938619489553, 0.6005426402351213], "average_fidelity": 0.5995792194669979, "training_params": {"N_samples": 3, "N_training_iterations": 1000, "learning_rate": 0.01, "convergence_threshold": 1e-06, "batch_size": 8, "eval_batch_size": 16, "evaluation_time_steps": 200}}