{"fidelities_each_sample": [0.7051580933234709, 0.7468344156914983, 0.8758512861972293], "average_fidelity": 0.7759479317373994, "training_params": {"N_samples": 3, "N_training_iterations": 1000, "learning_rate": 0.01, "convergence_threshold": 1e-06, "batch_size": 8, "eval_batch_size": 16, "evaluation_time_steps": 200}}