{"fidelities_each_sample": [0.6809506863766941, 0.837882137105428, 0.7113293037408309], "average_fidelity": 0.7433873757409843, "training_params": {"N_samples": 3, "N_training_iterations": 1000, "learning_rate": 0.01, "convergence_threshold": 1e-06, "batch_size": 8, "eval_batch_size": 16, "evaluation_time_steps": 200}}