{"fidelities_each_sample": [0.8544624493197618, 0.7677231541792457, 0.7678944090428634], "average_fidelity": 0.7966933375139569, "training_params": {"N_samples": 3, "N_training_iterations": 1000, "learning_rate": 0.01, "convergence_threshold": 1e-06, "batch_size": 8, "eval_batch_size": 16, "evaluation_time_steps": 200}}