{"fidelities_each_sample": [0.8450861845658478, 0.8046164042520841, 0.8007015011050342], "average_fidelity": 0.8168013633076554, "training_params": {"N_samples": 3, "N_training_iterations": 1000, "learning_rate": 0.01, "convergence_threshold": 1e-06, "batch_size": 8, "eval_batch_size": 16, "evaluation_time_steps": 200}}