{"fidelities_each_sample": [0.8536153117026697, 0.7435943303796474, 0.7898461259753837], "average_fidelity": 0.7956852560192336, "training_params": {"N_samples": 3, "N_training_iterations": 1000, "learning_rate": 0.01, "convergence_threshold": 1e-06, "batch_size": 8, "eval_batch_size": 16, "evaluation_time_steps": 200}}