{"fidelities_each_sample": [0.7703457889833245, 0.7560104401370401, 0.7950635318695743], "average_fidelity": 0.7738065869966464, "training_params": {"N_samples": 3, "N_training_iterations": 1000, "learning_rate": 0.01, "convergence_threshold": 1e-06, "batch_size": 8, "eval_batch_size": 16, "evaluation_time_steps": 200}}