{"fidelities_each_sample": [0.7942678775540977, 0.7821842440625986, 0.7644960397116619], "average_fidelity": 0.7803160537761193, "training_params": {"N_samples": 3, "N_training_iterations": 1000, "learning_rate": 0.01, "convergence_threshold": 1e-06, "batch_size": 8, "eval_batch_size": 16, "evaluation_time_steps": 200}}