{"fidelities_each_sample": [0.8113023840835277, 0.7743252978463474, 0.7965496100555444], "average_fidelity": 0.7940590973284731, "training_params": {"N_samples": 3, "N_training_iterations": 1000, "learning_rate": 0.01, "convergence_threshold": 1e-06, "batch_size": 8, "eval_batch_size": 16, "evaluation_time_steps": 200}}