{"fidelities_each_sample": [0.9194211824806556, 0.9185725681318866, 0.9174601883145739, 0.9210628285061749, 0.9109249388646128], "average_fidelity": 0.9174883412595808, "training_params": {"N_samples": 5, "N_training_iterations": 1000, "learning_rate": 0.01, "convergence_threshold": 1e-06, "batch_size": 16, "eval_batch_size": 16, "evaluation_time_steps": 500}}