{"fidelities_each_sample": [0.821504426012991, 0.8259343619724501, 0.8256355752935309, 0.8237570238772624, 0.8250117683112961], "average_fidelity": 0.8243686310935061, "training_params": {"N_samples": 5, "N_training_iterations": 1000, "learning_rate": 0.01, "convergence_threshold": 1e-06, "batch_size": 16, "eval_batch_size": 16, "evaluation_time_steps": 500}}