{"fidelities_each_sample": [0.8343960920850878, 0.835105679273526, 0.8324748123307079, 0.8319132315625941, 0.8341225280248283], "average_fidelity": 0.8336024686553488, "training_params": {"N_samples": 5, "N_training_iterations": 1000, "learning_rate": 0.01, "convergence_threshold": 1e-06, "batch_size": 16, "eval_batch_size": 16, "evaluation_time_steps": 500}}