{"fidelities_each_sample": [0.8437151437629102, 0.8436393250464765, 0.8436385630427072, 0.8436344887640386, 0.8436338831003188], "average_fidelity": 0.8436522807432904, "training_params": {"N_samples": 5, "N_training_iterations": 1000, "learning_rate": 0.01, "convergence_threshold": 1e-06, "batch_size": 16, "eval_batch_size": 16, "evaluation_time_steps": 500}}