{"fidelities_each_sample": [0.7676287727588813, 0.7676219316753521, 0.7676318484450401, 0.7676417358288143, 0.7676306736391056], "average_fidelity": 0.7676309924694387, "training_params": {"N_samples": 5, "N_training_iterations": 1000, "learning_rate": 0.01, "convergence_threshold": 1e-06, "batch_size": 16, "eval_batch_size": 16, "evaluation_time_steps": 500}}