{"fidelities_each_sample": [0.9357584531915206, 0.9562684096790743, 0.9392748067842726], "average_fidelity": 0.9437672232182891, "training_params": {"N_samples": 5, "N_training_iterations": 1000, "learning_rate": 0.01, "convergence_threshold": 1e-06, "batch_size": 16, "eval_batch_size": 16, "evaluation_time_steps": 500}}