{"fidelities_each_sample": [0.930787762122789, 0.927538725770074, 0.9725831477369976], "average_fidelity": 0.9436365452099534, "training_params": {"N_samples": 5, "N_training_iterations": 1000, "learning_rate": 0.01, "convergence_threshold": 1e-06, "batch_size": 16, "eval_batch_size": 16, "evaluation_time_steps": 500}}