{"fidelities_each_sample": [0.9375245126898856, 0.9741448291512289, 0.9617646030057384], "average_fidelity": 0.9578113149489509, "training_params": {"N_samples": 5, "N_training_iterations": 1000, "learning_rate": 0.01, "convergence_threshold": 1e-06, "batch_size": 16, "eval_batch_size": 16, "evaluation_time_steps": 500}}