{"fidelities_each_sample": [0.9733021297786847, 0.9947101969760254, 0.9655957894348862, 0.9475285337443174], "average_fidelity": 0.9702841624834784, "training_params": {"N_samples": 5, "N_training_iterations": 1000, "learning_rate": 0.01, "convergence_threshold": 1e-06, "batch_size": 16, "eval_batch_size": 16, "evaluation_time_steps": 500}}