{"fidelities_each_sample": [0.9043304763940704, 0.9636845048982781, 0.9571298660016005, 0.9563187553191183], "average_fidelity": 0.9453659006532668, "training_params": {"N_samples": 5, "N_training_iterations": 1000, "learning_rate": 0.01, "convergence_threshold": 1e-06, "batch_size": 16, "eval_batch_size": 16, "evaluation_time_steps": 500}}