{"fidelities_each_sample": [0.9165090031551545, 0.9621522196118948, 0.9238144261192694, 0.9149657869721793], "average_fidelity": 0.9293603589646245, "training_params": {"N_samples": 5, "N_training_iterations": 1000, "learning_rate": 0.01, "convergence_threshold": 1e-06, "batch_size": 16, "eval_batch_size": 16, "evaluation_time_steps": 500}}