{"fidelities_each_sample": [0.930677631289039, 0.9517528198518341, 0.956418192638179, 0.9321411530056881], "average_fidelity": 0.942747449196185, "training_params": {"N_samples": 5, "N_training_iterations": 1000, "learning_rate": 0.01, "convergence_threshold": 1e-06, "batch_size": 16, "eval_batch_size": 16, "evaluation_time_steps": 500}}