{"fidelities_each_sample": [0.8862419632639272, 0.9338179694154871, 0.9171796342239891, 0.9439785033559265, 0.9680553281226401], "average_fidelity": 0.9298546796763939, "training_params": {"N_samples": 5, "N_training_iterations": 1000, "learning_rate": 0.01, "convergence_threshold": 1e-06, "batch_size": 16, "eval_batch_size": 16, "evaluation_time_steps": 500}}