{"fidelities_each_sample": [0.8773949937716127, 0.8751754877345931, 0.8897994305652246, 0.9061061765989682], "average_fidelity": 0.8871190221675996, "training_params": {"N_samples": 5, "N_training_iterations": 1000, "learning_rate": 0.01, "convergence_threshold": 1e-06, "batch_size": 16, "eval_batch_size": 16, "evaluation_time_steps": 500}}