{"fidelities_each_sample": [0.8643626586617809, 0.959803650203911, 0.8515683666475528, 0.9606771936433934, 0.9710073799130671], "average_fidelity": 0.9214838498139412, "training_params": {"N_samples": 5, "N_training_iterations": 1000, "learning_rate": 0.01, "convergence_threshold": 1e-06, "batch_size": 16, "eval_batch_size": 16, "evaluation_time_steps": 500}}