{"fidelities_each_sample": [0.9642113563559476, 0.9332379287545525, 0.9436914986919329], "average_fidelity": 0.9470469279341442, "training_params": {"N_samples": 5, "N_training_iterations": 1000, "learning_rate": 0.01, "convergence_threshold": 1e-06, "batch_size": 16, "eval_batch_size": 16, "evaluation_time_steps": 500}}