{"fidelities_each_sample": [0.9441181971587026, 0.9464439185286037, 0.9325721958284947, 0.9562315395049577, 0.9479588613224981], "average_fidelity": 0.9454649424686515, "training_params": {"N_samples": 5, "N_training_iterations": 1000, "learning_rate": 0.01, "convergence_threshold": 1e-06, "batch_size": 16, "eval_batch_size": 16, "evaluation_time_steps": 500}}