{"fidelities_each_sample": [0.4305472332503788, 0.43856555701527156, 0.43135932061992194], "average_fidelity": 0.4334907036285241, "training_params": {"N_samples": 3, "N_training_iterations": 10000, "learning_rate": 0.01, "convergence_threshold": 1e-06, "batch_size": 16, "eval_batch_size": 16, "evaluation_time_steps": 50}}