{"fidelities_each_sample": [0.41487222552957564, 0.4544873738773373, 0.4277758028281878], "average_fidelity": 0.4323784674117002, "training_params": {"N_samples": 3, "N_training_iterations": 10000, "learning_rate": 0.01, "convergence_threshold": 1e-06, "batch_size": 16, "eval_batch_size": 16, "evaluation_time_steps": 50}}