{"fidelities_each_sample": [0.5475319100441307, 0.5513607498668247, 0.436924758125231], "average_fidelity": 0.5119391393453955, "training_params": {"N_samples": 3, "N_training_iterations": 10000, "learning_rate": 0.01, "convergence_threshold": 1e-06, "batch_size": 16, "eval_batch_size": 16, "evaluation_time_steps": 50}}