{"fidelities_each_sample": [0.5512096489891181, 0.530748015014825, 0.24744535331734005], "average_fidelity": 0.4431343391070943, "training_params": {"N_samples": 3, "N_training_iterations": 10000, "learning_rate": 0.01, "convergence_threshold": 1e-06, "batch_size": 16, "eval_batch_size": 16, "evaluation_time_steps": 50}}