{"fidelities_each_sample": [0.46900649069889777, 0.5456069033095814, 0.5551978905977648], "average_fidelity": 0.5232704282020814, "training_params": {"N_samples": 3, "N_training_iterations": 10000, "learning_rate": 0.01, "convergence_threshold": 1e-06, "batch_size": 16, "eval_batch_size": 16, "evaluation_time_steps": 50}}