{"fidelities_each_sample": [0.20633184625748108, 0.24951111839858958, 0.21979387129511557], "average_fidelity": 0.2252122786503954, "training_params": {"N_samples": 3, "N_training_iterations": 10000, "learning_rate": 0.01, "convergence_threshold": 1e-06, "batch_size": 16, "eval_batch_size": 16, "evaluation_time_steps": 50}}