{"fidelities_each_sample": [0.4503983069430253, 0.5177085747066308, 0.5526815891506299], "average_fidelity": 0.5069294902667619, "training_params": {"N_samples": 3, "N_training_iterations": 10000, "learning_rate": 0.01, "convergence_threshold": 1e-06, "batch_size": 16, "eval_batch_size": 16, "evaluation_time_steps": 50}}