{"fidelities_each_sample": [0.461764210831866, 0.49777565089662834, 0.49926162597763296], "average_fidelity": 0.4862671625687091, "training_params": {"N_samples": 3, "N_training_iterations": 10000, "learning_rate": 0.01, "convergence_threshold": 1e-06, "batch_size": 16, "eval_batch_size": 16, "evaluation_time_steps": 50}}