{"fidelities_each_sample": [0.17665541565329668, 0.2207056019922249, 0.16557879159982525], "average_fidelity": 0.18764660308178227, "training_params": {"N_samples": 3, "N_training_iterations": 10000, "learning_rate": 0.01, "convergence_threshold": 1e-06, "batch_size": 16, "eval_batch_size": 16, "evaluation_time_steps": 50}}