{"fidelities_each_sample": [0.472161908584973, 0.5367653217424687, 0.5375305142723907], "average_fidelity": 0.5154859148666108, "training_params": {"N_samples": 3, "N_training_iterations": 10000, "learning_rate": 0.01, "convergence_threshold": 1e-06, "batch_size": 16, "eval_batch_size": 16, "evaluation_time_steps": 50}}