{"fidelities_each_sample": [0.16562202307152973, 0.23763125742891147, 0.172486789455548], "average_fidelity": 0.19191335665199638, "training_params": {"N_samples": 3, "N_training_iterations": 10000, "learning_rate": 0.01, "convergence_threshold": 1e-06, "batch_size": 16, "eval_batch_size": 16, "evaluation_time_steps": 50}}