{"fidelities_each_sample": [0.21075246267885514, 0.2769158999425219, 0.2008261349439579], "average_fidelity": 0.22949816585511162, "training_params": {"N_samples": 3, "N_training_iterations": 10000, "learning_rate": 0.01, "convergence_threshold": 1e-06, "batch_size": 16, "eval_batch_size": 16, "evaluation_time_steps": 50}}