{"fidelities_each_sample": [0.510039477441167, 0.5383408177682719, 0.5114836104036183], "average_fidelity": 0.5199546352043525, "training_params": {"N_samples": 3, "N_training_iterations": 10000, "learning_rate": 0.01, "convergence_threshold": 1e-06, "batch_size": 16, "eval_batch_size": 16, "evaluation_time_steps": 50}}