{"iterations": 1000, "returned_params": [[[[1.570796326794528, -2.5672404572680914e-13], [1.570796326794528, -2.5672404572680914e-13], [1.570796326794528, -2.5672404572680914e-13], [1.570796326794528, -2.5672404572680914e-13], [1.570796326794528, -2.5672404572680914e-13], [1.570796326794528, -2.5672404572680914e-13], [1.570796326794528, -2.5672404572680914e-13], [1.570796326794528, -2.5672404572680914e-13], [1.570796326794528, -2.5672404572680914e-13], [1.570796326794528, -2.5672404572680914e-13]], [[-0.7836376002057387, 0.711205999664061], [-0.7836376002057387, 0.711205999664061], [-0.7836376002057387, 0.711205999664061], [-0.7836376002057387, 0.711205999664061], [-0.7836376002057387, 0.711205999664061], [-0.7836376002057387, 0.711205999664061], [-0.7836376002057387, 0.711205999664061], [-0.7836376002057387, 0.711205999664061], [-0.7836376002057387, 0.711205999664061], [-0.7836376002057387, 0.711205999664061]], [[1.3464567732256363, 0.6873731361860038, -0.313674556127082, -0.9030862299248874, -2.8576677186551493, -0.1277137255712159, -0.48491573982927966, 3.281312886561642, 1.5849287114748107, -0.23646137632063324, -2.3927700576750124, 1.8818724014321375, 0.10954299935131417, -1.6738917894597336, -3.61269405291762], [1.3464567732256363, 0.6873731361860038, -0.313674556127082, -0.9030862299248874, -2.8576677186551493, -0.1277137255712159, -0.48491573982927966, 3.281312886561642, 1.5849287114748107, -0.23646137632063324, -2.3927700576750124, 1.8818724014321375, 0.10954299935131417, -1.6738917894597336, -3.61269405291762], [1.3464567732256363, 0.6873731361860038, -0.313674556127082, -0.9030862299248874, -2.8576677186551493, -0.1277137255712159, -0.48491573982927966, 3.281312886561642, 1.5849287114748107, -0.23646137632063324, -2.3927700576750124, 1.8818724014321375, 0.10954299935131417, -1.6738917894597336, -3.61269405291762], [1.3464567732256363, 0.6873731361860038, -0.313674556127082, -0.9030862299248874, -2.8576677186551493, -0.1277137255712159, -0.48491573982927966, 3.281312886561642, 1.5849287114748107, -0.23646137632063324, -2.3927700576750124, 1.8818724014321375, 0.10954299935131417, -1.6738917894597336, -3.61269405291762], [1.3464567732256363, 0.6873731361860038, -0.313674556127082, -0.9030862299248874, -2.8576677186551493, -0.1277137255712159, -0.48491573982927966, 3.281312886561642, 1.5849287114748107, -0.23646137632063324, -2.3927700576750124, 1.8818724014321375, 0.10954299935131417, -1.6738917894597336, -3.61269405291762], [1.3464567732256363, 0.6873731361860038, -0.313674556127082, -0.9030862299248874, -2.8576677186551493, -0.1277137255712159, -0.48491573982927966, 3.281312886561642, 1.5849287114748107, -0.23646137632063324, -2.3927700576750124, 1.8818724014321375, 0.10954299935131417, -1.6738917894597336, -3.61269405291762], [1.3464567732256363, 0.6873731361860038, -0.313674556127082, -0.9030862299248874, -2.8576677186551493, -0.1277137255712159, -0.48491573982927966, 3.281312886561642, 1.5849287114748107, -0.23646137632063324, -2.3927700576750124, 1.8818724014321375, 0.10954299935131417, -1.6738917894597336, -3.61269405291762], [1.3464567732256363, 0.6873731361860038, -0.313674556127082, -0.9030862299248874, -2.8576677186551493, -0.1277137255712159, -0.48491573982927966, 3.281312886561642, 1.5849287114748107, -0.23646137632063324, -2.3927700576750124, 1.8818724014321375, 0.10954299935131417, -1.6738917894597336, -3.61269405291762], [1.3464567732256363, 0.6873731361860038, -0.313674556127082, -0.9030862299248874, -2.8576677186551493, -0.1277137255712159, -0.48491573982927966, 3.281312886561642, 1.5849287114748107, -0.23646137632063324, -2.3927700576750124, 1.8818724014321375, 0.10954299935131417, -1.6738917894597336, -3.61269405291762], [1.3464567732256363, 0.6873731361860038, -0.313674556127082, -0.9030862299248874, -2.8576677186551493, -0.1277137255712159, -0.48491573982927966, 3.281312886561642, 1.5849287114748107, -0.23646137632063324, -2.3927700576750124, 1.8818724014321375, 0.10954299935131417, -1.6738917894597336, -3.61269405291762]], [[0.68268962074736, -0.12719594988863728], [0.68268962074736, -0.12719594988863728], [0.68268962074736, -0.12719594988863728], [0.68268962074736, -0.12719594988863728], [0.68268962074736, -0.12719594988863728], [0.68268962074736, -0.12719594988863728], [0.68268962074736, -0.12719594988863728], [0.68268962074736, -0.12719594988863728], [0.68268962074736, -0.12719594988863728], [0.68268962074736, -0.12719594988863728]]], [[[1.5583230930663343, 0.0848751122873306], [1.5583230930663343, 0.0848751122873306], [1.5583230930663343, 0.0848751122873306], [1.5583230930663343, 0.0848751122873306], [1.5583230930663343, 0.0848751122873306], [1.5583230930663343, 0.0848751122873306], [1.5583230930663343, 0.0848751122873306], [1.5583230930663343, 0.0848751122873306], [1.5583230930663343, 0.0848751122873306], [1.5583230930663343, 0.0848751122873306]], [[-1.1556001029099514, 0.8713142798080525], [-1.1556001029099514, 0.8713142798080525], [-0.48432723267206296, 1.2183745409293452], [-1.1556001029099514, 0.8713142798080525], [-1.1556001029099514, 0.8713142798080525], [-1.1556001029099514, 0.8713142798080525], [-1.1556001029099514, 0.8713142798080525], [-1.1556001029099514, 0.8713142798080525], [-1.1556001029099514, 0.8713142798080525], [-1.1556001029099514, 0.8713142798080525]], [[0.7450614828523091, 0.7556189061480018, 0.08991319645843321, -0.24933114821084595, -0.00534499031063795, -2.6584602453786927, -0.2344035036295799, 4.16723235992448, 2.4416004255655546, 0.06452263002578482, -2.1841534178713893, 2.1951923384614807, 0.2670677566579905, -1.8668662401860021, 2.067515888832189], [0.7450614828523091, 0.7556189061480018, 0.08991319645843321, -0.24933114821084595, -0.00534499031063795, -2.6584602453786927, -0.2344035036295799, 4.16723235992448, 2.4416004255655546, 0.06452263002578482, -2.1841534178713893, 2.1951923384614807, 0.2670677566579905, -1.8668662401860021, 2.067515888832189], [1.5579729234776767, 0.7551235242518122, -0.3067207847359438, 0.20430564811065538, 1.2380444153888324, -0.3801601347855547, -2.842675713311059, 1.6289551825990773, 0.02555497193131024, -1.6205564728454347, -3.1809030007949852, 1.2834579867740448, -0.6511256652888832, -2.4968543149781746, -4.016648902991089], [0.7450614828523091, 0.7556189061480018, 0.08991319645843321, -0.24933114821084595, -0.00534499031063795, -2.6584602453786927, -0.2344035036295799, 4.16723235992448, 2.4416004255655546, 0.06452263002578482, -2.1841534178713893, 2.1951923384614807, 0.2670677566579905, -1.8668662401860021, 2.067515888832189], [0.7450614828523091, 0.7556189061480018, 0.08991319645843321, -0.24933114821084595, -0.00534499031063795, -2.6584602453786927, -0.2344035036295799, 4.16723235992448, 2.4416004255655546, 0.06452263002578482, -2.1841534178713893, 2.1951923384614807, 0.2670677566579905, -1.8668662401860021, 2.067515888832189], [0.7450614828523091, 0.7556189061480018, 0.08991319645843321, -0.24933114821084595, -0.00534499031063795, -2.6584602453786927, -0.2344035036295799, 4.16723235992448, 2.4416004255655546, 0.06452263002578482, -2.1841534178713893, 2.1951923384614807, 0.2670677566579905, -1.8668662401860021, 2.067515888832189], [0.7450614828523091, 0.7556189061480018, 0.08991319645843321, -0.24933114821084595, -0.00534499031063795, -2.6584602453786927, -0.2344035036295799, 4.16723235992448, 2.4416004255655546, 0.06452263002578482, -2.1841534178713893, 2.1951923384614807, 0.2670677566579905, -1.8668662401860021, 2.067515888832189], [0.7450614828523091, 0.7556189061480018, 0.08991319645843321, -0.24933114821084595, -0.00534499031063795, -2.6584602453786927, -0.2344035036295799, 4.16723235992448, 2.4416004255655546, 0.06452263002578482, -2.1841534178713893, 2.1951923384614807, 0.2670677566579905, -1.8668662401860021, 2.067515888832189], [0.7450614828523091, 0.7556189061480018, 0.08991319645843321, -0.24933114821084595, -0.00534499031063795, -2.6584602453786927, -0.2344035036295799, 4.16723235992448, 2.4416004255655546, 0.06452263002578482, 