{"iterations": 997, "returned_params": [[[[1.5707963267948972, -4.747236608535764e-15], [1.5707963267948972, -4.747236608535764e-15], [1.5707963267948972, -4.747236608535764e-15], [1.5707963267948972, -4.747236608535764e-15], [1.5707963267948972, -4.747236608535764e-15], [1.5707963267948972, -4.747236608535764e-15], [1.5707963267948972, -4.747236608535764e-15], [1.5707963267948972, -4.747236608535764e-15], [1.5707963267948972, -4.747236608535764e-15], [1.5707963267948972, -4.747236608535764e-15]], [[-1.1154729667935233, 0.047574628948271226], [-1.1154729667935233, 0.047574628948271226], [-1.1154729667935233, 0.047574628948271226], [-1.1154729667935233, 0.047574628948271226], [-1.1154729667935233, 0.047574628948271226], [-1.1154729667935233, 0.047574628948271226], [-1.1154729667935233, 0.047574628948271226], [-1.1154729667935233, 0.047574628948271226], [-1.1154729667935233, 0.047574628948271226], [-1.1154729667935233, 0.047574628948271226]], [[1.610483757377981, 1.369718692280762, -0.6143208552171786, -0.8098676316285977, 0.4942009921959445, 0.5774639852874663, -2.2950162909523493, 2.3685371932456265, -0.9312251652747764, -4.847787811366889, 0.6005416967453133, 3.257800573489831, -0.6591676594817477, -1.5977136062710005, -3.393560832380567], [1.610483757377981, 1.369718692280762, -0.6143208552171786, -0.8098676316285977, 0.4942009921959445, 0.5774639852874663, -2.2950162909523493, 2.3685371932456265, -0.9312251652747764, -4.847787811366889, 0.6005416967453133, 3.257800573489831, -0.6591676594817477, -1.5977136062710005, -3.393560832380567], [1.610483757377981, 1.369718692280762, -0.6143208552171786, -0.8098676316285977, 0.4942009921959445, 0.5774639852874663, -2.2950162909523493, 2.3685371932456265, -0.9312251652747764, -4.847787811366889, 0.6005416967453133, 3.257800573489831, -0.6591676594817477, -1.5977136062710005, -3.393560832380567], [1.610483757377981, 1.369718692280762, -0.6143208552171786, -0.8098676316285977, 0.4942009921959445, 0.5774639852874663, -2.2950162909523493, 2.3685371932456265, -0.9312251652747764, -4.847787811366889, 0.6005416967453133, 3.257800573489831, -0.6591676594817477, -1.5977136062710005, -3.393560832380567], [1.610483757377981, 1.369718692280762, -0.6143208552171786, -0.8098676316285977, 0.4942009921959445, 0.5774639852874663, -2.2950162909523493, 2.3685371932456265, -0.9312251652747764, -4.847787811366889, 0.6005416967453133, 3.257800573489831, -0.6591676594817477, -1.5977136062710005, -3.393560832380567], [1.610483757377981, 1.369718692280762, -0.6143208552171786, -0.8098676316285977, 0.4942009921959445, 0.5774639852874663, -2.2950162909523493, 2.3685371932456265, -0.9312251652747764, -4.847787811366889, 0.6005416967453133, 3.257800573489831, -0.6591676594817477, -1.5977136062710005, -3.393560832380567], [1.610483757377981, 1.369718692280762, -0.6143208552171786, -0.8098676316285977, 0.4942009921959445, 0.5774639852874663, -2.2950162909523493, 2.3685371932456265, -0.9312251652747764, -4.847787811366889, 0.6005416967453133, 3.257800573489831, -0.6591676594817477, -1.5977136062710005, -3.393560832380567], [1.610483757377981, 1.369718692280762, -0.6143208552171786, -0.8098676316285977, 0.4942009921959445, 0.5774639852874663, -2.2950162909523493, 2.3685371932456265, -0.9312251652747764, -4.847787811366889, 0.6005416967453133, 3.257800573489831, -0.6591676594817477, -1.5977136062710005, -3.393560832380567], [1.610483757377981, 1.369718692280762, -0.6143208552171786, -0.8098676316285977, 0.4942009921959445, 0.5774639852874663, -2.2950162909523493, 2.3685371932456265, -0.9312251652747764, -4.847787811366889, 0.6005416967453133, 3.257800573489831, -0.6591676594817477, -1.5977136062710005, -3.393560832380567], [1.610483757377981, 1.369718692280762, -0.6143208552171786, -0.8098676316285977, 0.4942009921959445, 0.5774639852874663, -2.2950162909523493, 2.3685371932456265, -0.9312251652747764, -4.847787811366889, 0.6005416967453133, 3.257800573489831, -0.6591676594817477, -1.5977136062710005, -3.393560832380567]], [[0.4352918199417677, -0.041323878326680975], [0.4352918199417677, -0.041323878326680975], [0.4352918199417677, -0.041323878326680975], [0.4352918199417677, -0.041323878326680975], [0.4352918199417677, -0.041323878326680975], [0.4352918199417677, -0.041323878326680975], [0.4352918199417677, -0.041323878326680975], [0.4352918199417677, -0.041323878326680975], [0.4352918199417677, -0.041323878326680975], [0.4352918199417677, -0.041323878326680975]]], [[[1.532910305158851, -1.2013404252882098], [1.532910305158851, -1.2013404252882098], [1.532910305158851, -1.2013404252882098], [1.532910305158851, -1.2013404252882098], [1.532910305158851, -1.2013404252882098], [1.532910305158851, -1.2013404252882098], [1.532910305158851, -1.2013404252882098], [1.532910305158851, -1.2013404252882098], [1.532910305158851, -1.2013404252882098], [1.532910305158851, -1.2013404252882098]], [[-0.27515222004447304, 1.4342391042609595], [-1.8414646356913364, 0.49585086830784336], [-0.27515222004447304, 1.4342391042609595], [-0.27515222004447304, 1.4342391042609595], [-1.8414646356913364, 0.49585086830784336], [-0.27515222004447304, 1.4342391042609595], [-0.27515222004447304, 1.4342391042609595], [-0.27515222004447304, 1.4342391042609595], [-0.27515222004447304, 1.4342391042609595], [-0.27515222004447304, 1.4342391042609595]], [[0.7726749747738605, 0.3649028382596768, -0.6814952862891842, 0.10458723381309727, -1.0621427029414503, 0.8575392749041815, -1.2318581751064341, 1.0716090319366178, -0.9537486966176822, -4.410679952577551, -0.2952980981317413, 2.5060964041761107, -0.18659339160456226, -1.7182727449800406, 3.3882036930862967], [2.556935430615895, -1.496622436374716, -0.27310396890536426, 2.2593920851181957, 3.0980886882091867, 0.10998727599887453, -0.6900111612774489, 3.0155474983921264, 1.5329701805540952, -0.964040433153136, -3.130195996056647, 0.9710195732958744, -2.0030716711816194, -5.965160495720623, -3.1315242935257226], [0.7726749747738605, 0.3649028382596768, -0.6814952862891842, 0.10458723381309727, -1.0621427029414503, 0.8575392749041815, -1.2318581751064341, 1.0716090319366178, -0.9537486966176822, -4.410679952577551, -0.2952980981317413, 2.5060964041761107, -0.18659339160456226, -1.7182727449800406, 3.3882036930862967], [0.7726749747738605, 0.3649028382596768, -0.6814952862891842, 0.10458723381309727, -1.0621427029414503, 0.8575392749041815, -1.2318581751064341, 1.0716090319366178, -0.9537486966176822, -4.410679952577551, -0.2952980981317413, 2.5060964041761107, -0.18659339160456226, -1.7182727449800406, 3.3882036930862967], [2.556935430615895, -1.496622436374716, -0.27310396890536426, 2.2593920851181957, 3.0980886882091867, 0.10998727599887453, -0.6900111612774489, 3.0155474983921264, 1.5329701805540952, -0.964040433153136, -3.130195996056647, 0.9710195732958744, -2.0030716711816194, -5.965160495720623, -3.1315242935257226], [0.7726749747738605, 0.3649028382596768, -0.6814952862891842, 0.10458723381309727, -1.0621427029414503, 0.8575392749041815, -1.2318581751064341, 1.0716090319366178, -0.9537486966176822, -4.410679952577551, -0.2952980981317413, 2.5060964041761107, -0.18659339160456226, -1.7182727449800406, 3.3882036930862967], [0.7726749747738605, 0.3649028382596768, -0.6814952862891842, 0.10458723381309727, -1.0621427029414503, 0.8575392749041815, -1.2318581751064341, 1.0716090319366178, -0.9537486966176822, -4.410679952577551, -0.2952980981317413, 2.5060964041761107, -0.18659339160456226, -1.7182727449800406, 3.3882036930862967], [0.7726749747738605, 0.3649028382596768, -0.6814952862891842, 0.10458723381309727, -1.0621427029414503, 0.8575392749041815, -1.2318581751064341, 1.0716090319366178, -0.9537486966176822, -4.410679952577551, -0.2952980981317413, 2.5060964041761107, -0.18659339160456226, -1.7182727449800406, 3.3882036930862967], [0.7726749747738605, 0.3649028382596768, -0.6814952862891842, 0.10458723381309727, -1.0621427029414503, 0.8575392749041815, -1.2318581751064341, 1.0716090319366178, -0.9537486966176822, 