{"iterations": 1000, "returned_params": [[[[1.4739308860578508, -1.6433667310000248], [1.4739308860578508, -1.6433667310000248], [1.4739308860578508, -1.6433667310000248], [1.4739308860578508, -1.6433667310000248], [1.4739308860578508, -1.6433667310000248], [1.4739308860578508, -1.6433667310000248], [1.4739308860578508, -1.6433667310000248], [1.4739308860578508, -1.6433667310000248], [1.4739308860578508, -1.6433667310000248], [1.4739308860578508, -1.6433667310000248]], [[-0.451161656490017, 0.3897503434910345], [-0.451161656490017, 0.3897503434910345], [-0.451161656490017, 0.3897503434910345], [-0.451161656490017, 0.3897503434910345], [-0.451161656490017, 0.3897503434910345], [-0.451161656490017, 0.3897503434910345], [-0.451161656490017, 0.3897503434910345], [-0.451161656490017, 0.3897503434910345], [-0.451161656490017, 0.3897503434910345], [-0.451161656490017, 0.3897503434910345]], [[1.331276638891987, 1.039716856432852, -0.8819674218322735, -1.4420282447737638, -0.20348994562346265, 1.7314606358773166, -2.0378545548752762, 4.041700555653545, 1.0915361847998946, -0.44036477685625613, -2.480461545165423, 1.7444701841402834, -0.02858776159429378, -2.1279874017947145, -3.9771914585990817], [1.331276638891987, 1.039716856432852, -0.8819674218322735, -1.4420282447737638, -0.20348994562346265, 1.7314606358773166, -2.0378545548752762, 4.041700555653545, 1.0915361847998946, -0.44036477685625613, -2.480461545165423, 1.7444701841402834, -0.02858776159429378, -2.1279874017947145, -3.9771914585990817], [1.331276638891987, 1.039716856432852, -0.8819674218322735, -1.4420282447737638, -0.20348994562346265, 1.7314606358773166, -2.0378545548752762, 4.041700555653545, 1.0915361847998946, -0.44036477685625613, -2.480461545165423, 1.7444701841402834, -0.02858776159429378, -2.1279874017947145, -3.9771914585990817], [1.331276638891987, 1.039716856432852, -0.8819674218322735, -1.4420282447737638, -0.20348994562346265, 1.7314606358773166, -2.0378545548752762, 4.041700555653545, 1.0915361847998946, -0.44036477685625613, -2.480461545165423, 1.7444701841402834, -0.02858776159429378, -2.1279874017947145, -3.9771914585990817], [1.331276638891987, 1.039716856432852, -0.8819674218322735, -1.4420282447737638, -0.20348994562346265, 1.7314606358773166, -2.0378545548752762, 4.041700555653545, 1.0915361847998946, -0.44036477685625613, -2.480461545165423, 1.7444701841402834, -0.02858776159429378, -2.1279874017947145, -3.9771914585990817], [1.331276638891987, 1.039716856432852, -0.8819674218322735, -1.4420282447737638, -0.20348994562346265, 1.7314606358773166, -2.0378545548752762, 4.041700555653545, 1.0915361847998946, -0.44036477685625613, -2.480461545165423, 1.7444701841402834, -0.02858776159429378, -2.1279874017947145, -3.9771914585990817], [1.331276638891987, 1.039716856432852, -0.8819674218322735, -1.4420282447737638, -0.20348994562346265, 1.7314606358773166, -2.0378545548752762, 4.041700555653545, 1.0915361847998946, -0.44036477685625613, -2.480461545165423, 1.7444701841402834, -0.02858776159429378, -2.1279874017947145, -3.9771914585990817], [1.331276638891987, 1.039716856432852, -0.8819674218322735, -1.4420282447737638, -0.20348994562346265, 1.7314606358773166, -2.0378545548752762, 4.041700555653545, 1.0915361847998946, -0.44036477685625613, -2.480461545165423, 1.7444701841402834, -0.02858776159429378, -2.1279874017947145, -3.9771914585990817], [1.331276638891987, 1.039716856432852, -0.8819674218322735, -1.4420282447737638, -0.20348994562346265, 1.7314606358773166, -2.0378545548752762, 4.041700555653545, 1.0915361847998946, -0.44036477685625613, -2.480461545165423, 1.7444701841402834, -0.02858776159429378, -2.1279874017947145, -3.9771914585990817], [1.331276638891987, 1.039716856432852, -0.8819674218322735, -1.4420282447737638, -0.20348994562346265, 1.7314606358773166, -2.0378545548752762, 4.041700555653545, 1.0915361847998946, -0.44036477685625613, -2.480461545165423, 1.7444701841402834, -0.02858776159429378, -2.1279874017947145, -3.9771914585990817]], [[0.38488469538760395, -0.4509020878988253], [0.38488469538760395, -0.4509020878988253], [0.38488469538760395, -0.4509020878988253], [0.38488469538760395, -0.4509020878988253], [0.38488469538760395, -0.4509020878988253], [0.38488469538760395, -0.4509020878988253], [0.38488469538760395, -0.4509020878988253], [0.38488469538760395, -0.4509020878988253], [0.38488469538760395, -0.4509020878988253], [0.38488469538760395, -0.4509020878988253]]]], "final_fidelity": 0.9729144244192706, "final_purity": -1, "optimized_trainable_parameters": {"initial_params": [[1.4739308860578508, -1.6433667310000248], [-1.3175074087819514, 1.3318745472976856], [0.4772778420518262, 1.1923763861901362, -0.9010030875098405, -0.0631237241149105, 0.010175745932540366, -0.6944343811378926, -0.5045604229512405, 1.226988064481387, 0.4745049839226395, -1.2839033335156373, -0.9735639795031124, 0.22918536062935532, -0.3587501437208183, -0.8879627293750545, -1.1919668679752333], [0.7871853617856772, -0.06394168367583902]], "lookup_table": [[[1.4763851780542656, -0.5806233112396996, -0.8559486443397349, 1.2148610887915747, 1.1199913951478886, 0.753479392324361, 0.39659665579491404, 1.3675276799264444, -2.077582664322167, 0.3519953317936647, -1.6601908716622498, 2.8021826832393555, 0.9591449200548297, -0.9709248710828698, -2.8857021004508034, 1.5020630605449143, -0.4099397994434514, -2.3406407915689704, 1.977456624785165, 1.0250837007331792, -0.19393990676921816], [1.4763851780542656, -0.5806233112396996, -0.451161656490017, 0.3897503434910345, 1.331276638891987, 1.039716856432852, -0.8819674218322735, -1.4420282447737638, -0.20348994562346265, 1.7314606358773166, -2.0378545548752762, 4.041700555653545, 1.0915361847998946, -0.44036477685625613, -2.480461545165423, 1.7444701841402834, -0.02858776159429378, -2.1279874017947145, -3.9771914585990817, 0.38488469538760395, -0.4509020878988253]]]}}