{"iterations": 701, "returned_params": [[[[1.5707963267949483, 4.890451151988714e-13], [1.5707963267949483, 4.890451151988714e-13], [1.5707963267949483, 4.890451151988714e-13], [1.5707963267949483, 4.890451151988714e-13], [1.5707963267949483, 4.890451151988714e-13], [1.5707963267949483, 4.890451151988714e-13], [1.5707963267949483, 4.890451151988714e-13], [1.5707963267949483, 4.890451151988714e-13], [1.5707963267949483, 4.890451151988714e-13], [1.5707963267949483, 4.890451151988714e-13]], [[-0.49313875794270917, 0.44930940972432853], [-0.49313875794270917, 0.44930940972432853], [-0.49313875794270917, 0.44930940972432853], [-0.49313875794270917, 0.44930940972432853], [-0.49313875794270917, 0.44930940972432853], [-0.49313875794270917, 0.44930940972432853], [-0.49313875794270917, 0.44930940972432853], [-0.49313875794270917, 0.44930940972432853], [-0.49313875794270917, 0.44930940972432853], [-0.49313875794270917, 0.44930940972432853]], [[1.372578299446782, 0.9918309379111833, -0.4043436238118817, -1.4324898426055033, -0.005836106270807867, 1.541189497408303, -2.2334226166075872, 3.294793770558867, 0.764247781184448, -1.2028588456708278, -3.0033319655990263, 1.1441411518353977, -0.7446387922911806, -2.8382746719318424, 1.5324115746162421], [1.372578299446782, 0.9918309379111833, -0.4043436238118817, -1.4324898426055033, -0.005836106270807867, 1.541189497408303, -2.2334226166075872, 3.294793770558867, 0.764247781184448, -1.2028588456708278, -3.0033319655990263, 1.1441411518353977, -0.7446387922911806, -2.8382746719318424, 1.5324115746162421], [1.372578299446782, 0.9918309379111833, -0.4043436238118817, -1.4324898426055033, -0.005836106270807867, 1.541189497408303, -2.2334226166075872, 3.294793770558867, 0.764247781184448, -1.2028588456708278, -3.0033319655990263, 1.1441411518353977, -0.7446387922911806, -2.8382746719318424, 1.5324115746162421], [1.372578299446782, 0.9918309379111833, -0.4043436238118817, -1.4324898426055033, -0.005836106270807867, 1.541189497408303, -2.2334226166075872, 3.294793770558867, 0.764247781184448, -1.2028588456708278, -3.0033319655990263, 1.1441411518353977, -0.7446387922911806, -2.8382746719318424, 1.5324115746162421], [1.372578299446782, 0.9918309379111833, -0.4043436238118817, -1.4324898426055033, -0.005836106270807867, 1.541189497408303, -2.2334226166075872, 3.294793770558867, 0.764247781184448, -1.2028588456708278, -3.0033319655990263, 1.1441411518353977, -0.7446387922911806, -2.8382746719318424, 1.5324115746162421], [1.372578299446782, 0.9918309379111833, -0.4043436238118817, -1.4324898426055033, -0.005836106270807867, 1.541189497408303, -2.2334226166075872, 3.294793770558867, 0.764247781184448, -1.2028588456708278, -3.0033319655990263, 1.1441411518353977, -0.7446387922911806, -2.8382746719318424, 1.5324115746162421], [1.372578299446782, 0.9918309379111833, -0.4043436238118817, -1.4324898426055033, -0.005836106270807867, 1.541189497408303, -2.2334226166075872, 3.294793770558867, 0.764247781184448, -1.2028588456708278, -3.0033319655990263, 1.1441411518353977, -0.7446387922911806, -2.8382746719318424, 1.5324115746162421], [1.372578299446782, 0.9918309379111833, -0.4043436238118817, -1.4324898426055033, -0.005836106270807867, 1.541189497408303, -2.2334226166075872, 3.294793770558867, 0.764247781184448, -1.2028588456708278, -3.0033319655990263, 1.1441411518353977, -0.7446387922911806, -2.8382746719318424, 1.5324115746162421], [1.372578299446782, 0.9918309379111833, -0.4043436238118817, -1.4324898426055033, -0.005836106270807867, 1.541189497408303, -2.2334226166075872, 3.294793770558867, 0.764247781184448, -1.2028588456708278, -3.0033319655990263, 1.1441411518353977, -0.7446387922911806, -2.8382746719318424, 1.5324115746162421], [1.372578299446782, 0.9918309379111833, -0.4043436238118817, -1.4324898426055033, -0.005836106270807867, 1.541189497408303, -2.2334226166075872, 3.294793770558867, 0.764247781184448, -1.2028588456708278, -3.0033319655990263, 1.1441411518353977, -0.7446387922911806, -2.8382746719318424, 1.5324115746162421]], [[0.4507598318378031, -0.4946084242510945], [0.4507598318378031, -0.4946084242510945], [0.4507598318378031, -0.4946084242510945], [0.4507598318378031, -0.4946084242510945], [0.4507598318378031, -0.4946084242510945], [0.4507598318378031, -0.4946084242510945], [0.4507598318378031, -0.4946084242510945], [0.4507598318378031, -0.4946084242510945], [0.4507598318378031, -0.4946084242510945], [0.4507598318378031, -0.4946084242510945]]], [[[1.5708399843473917, -0.0007656806619777095], [1.5708399843473917, -0.0007656806619777095], [1.5708399843473917, -0.0007656806619777095], [1.5708399843473917, -0.0007656806619777095], [1.5708399843473917, -0.0007656806619777095], [1.5708399843473917, -0.0007656806619777095], [1.5708399843473917, -0.0007656806619777095], [1.5708399843473917, -0.0007656806619777095], [1.5708399843473917, -0.0007656806619777095], [1.5708399843473917, -0.0007656806619777095]], [[-0.49313875794270917, 0.44930940972432853], [-0.49313875794270917, 0.44930940972432853], [-1.3042432410081861, 0.8595319945028704], [-0.49313875794270917, 0.44930940972432853], [-0.49313875794270917, 0.44930940972432853], [-0.49313875794270917, 0.44930940972432853], [-0.49313875794270917, 0.44930940972432853], [-0.49313875794270917, 0.44930940972432853], [-0.49313875794270917, 0.44930940972432853], [-0.49313875794270917, 0.44930940972432853]], [[1.372578299446782, 0.9918309379111833, -0.4043436238118817, -1.4324898426055033, -0.005836106270807867, 1.541189497408303, -2.2334226166075872, 3.294793770558867, 0.764247781184448, -1.2028588456708278, -3.0033319655990263, 1.1441411518353977, -0.7446387922911806, -2.8382746719318424, 1.5324115746162421], [1.372578299446782, 0.9918309379111833, -0.4043436238118817, -1.4324898426055033, -0.005836106270807867, 1.541189497408303, -2.2334226166075872, 3.294793770558867, 0.764247781184448, -1.2028588456708278, -3.0033319655990263, 1.1441411518353977, -0.7446387922911806, -2.8382746719318424, 1.5324115746162421], [1.2244391208693177, 1.0575097258516082, 0.18180640815824897, 0.26709997416915177, -1.8326694122975469, 0.008711999997223413, -1.6866230360186054, 3.5151311969190853, 1.080758562342492, -1.1083768030608936, -2.9541303976262077, 1.1711003917521592, -0.9042545368543108, -2.8601992813935615, -0.23251768840270784], [1.372578299446782, 0.9918309379111833, -0.4043436238118817, -1.4324898426055033, -0.005836106270807867, 1.541189497408303, -2.2334226166075872, 3.294793770558867, 0.764247781184448, -1.2028588456708278, -3.0033319655990263, 1.1441411518353977, -0.7446387922911806, -2.8382746719318424, 1.5324115746162421], [1.372578299446782, 0.9918309379111833, -0.4043436238118817, -1.4324898426055033, -0.005836106270807867, 1.541189497408303, -2.2334226166075872, 3.294793770558867, 0.764247781184448, -1.2028588456708278, -3.0033319655990263, 1.1441411518353977, -0.7446387922911806, -2.8382746719318424, 1.5324115746162421], [1.372578299446782, 0.9918309379111833, -0.4043436238118817, -1.4324898426055033, -0.005836106270807867, 1.541189497408303, -2.2334226166075872, 3.294793770558867, 0.764247781184448, -1.2028588456708278, -3.0033319655990263, 1.1441411518353977, -0.7446387922911806, -2.8382746719318424, 1.5324115746162421], [1.372578299446782, 0.9918309379111833, -0.4043436238118817, -1.4324898426055033, -0.005836106270807867, 1.541189497408303, -2.2334226166075872, 3.294793770558867, 0.764247781184448, -1.2028588456708278, -3.0033319655990263, 1.1441411518353977, -0.7446387922911806, -2.8382746719318424, 1.5324115746162421], [1.372578299446782, 0.9918309379111833, -0.4043436238118817, -1.4324898426055033, -0.005836106270807867, 1.541189497408303, -2.2334226166075872, 3.294793770558867, 0.764247781184448, -1.2028588456708278, -3.0033319655990263, 1.1441411518353977, -0.7446387922911806, -2.8382746719318424, 1.5324115746162421], [1.372578299446782, 0.9918309379111833, -0.4043436238118817, -1.4324898426055033, -0.005836106270807867, 1.541189497408303, -2.2334226166075872, 