{"fidelities_each_sample": [0.3347806248671435, 0.5769841737782162, 0.5485117380298682], "average_fidelity": 0.48675884555840926, "training_params": {"N_samples": 3, "N_training_iterations": 10000, "learning_rate": 0.01, "convergence_threshold": 1e-06, "batch_size": 8, "eval_batch_size": 8, "evaluation_time_steps": 50}}