{"fidelities_each_sample": [0.17365159329869245, 0.18114431586078084, 0.19027118709081065], "average_fidelity": 0.181689032083428, "training_params": {"N_samples": 3, "N_training_iterations": 10000, "learning_rate": 0.01, "convergence_threshold": 1e-06, "batch_size": 8, "eval_batch_size": 8, "evaluation_time_steps": 50}}