{"fidelities_each_sample": [0.18712921531078044, 0.18627720815269325, 0.18890293836832575], "average_fidelity": 0.18743645394393316, "training_params": {"N_samples": 3, "N_training_iterations": 10000, "learning_rate": 0.01, "convergence_threshold": 1e-06, "batch_size": 8, "eval_batch_size": 8, "evaluation_time_steps": 50}}