{"fidelities_each_sample": [0.31172759788821586, 0.5452847498662513, 0.5617305849146951], "average_fidelity": 0.47291431088972075, "training_params": {"N_samples": 3, "N_training_iterations": 10000, "learning_rate": 0.01, "convergence_threshold": 1e-06, "batch_size": 8, "eval_batch_size": 8, "evaluation_time_steps": 50}}