{"fidelities_each_sample": [0.47537585304398583, 0.5303513795399433, 0.3729118632012608], "average_fidelity": 0.4595463652617299, "training_params": {"N_samples": 3, "N_training_iterations": 10000, "learning_rate": 0.01, "convergence_threshold": 1e-06, "batch_size": 8, "eval_batch_size": 8, "evaluation_time_steps": 50}}