{"fidelities_each_sample": [0.43520705321375996, 0.3677601689315822, 0.4217604889591022, 0.46699193044447546, 0.4146333007616374, 0.5720113276744393, 0.4528972827109398, 0.5246079793787564, 0.4123929479621877, 0.5462046864061443], "average_fidelity": 0.4614467166443024, "training_params": {"N_samples": 10, "N_training_iterations": 10000, "learning_rate": 0.01, "convergence_threshold": 1e-06, "batch_size": 8, "eval_batch_size": 16, "evaluation_time_steps": 100}}