{"fidelities_each_sample": [0.4026764633831532, 0.46574870366866755, 0.42693697568517264, 0.45793635275529465, 0.45869913758486053, 0.6504461220664535, 0.40482116800603896, 0.44052142381067677, 0.46049836656922094, 0.565696029890245], "average_fidelity": 0.47339807434197834, "training_params": {"N_samples": 10, "N_training_iterations": 10000, "learning_rate": 0.01, "convergence_threshold": 1e-06, "batch_size": 8, "eval_batch_size": 16, "evaluation_time_steps": 100}}