{"fidelities_each_sample": [0.2903887328581517, 0.2283509426442141, 0.3533325102705847, 0.23810276902093927, 0.19785809212762265, 0.3641182771680189, 0.25171647630288396, 0.28372041043848734, 0.29465687975287636, 0.3435796141277489], "average_fidelity": 0.28458247047115276, "training_params": {"N_samples": 10, "N_training_iterations": 10000, "learning_rate": 0.01, "convergence_threshold": 1e-06, "batch_size": 8, "eval_batch_size": 16, "evaluation_time_steps": 100}}