{"fidelities_each_sample": [0.41244069426086327, 0.38731859200969254, 0.48652163542138704, 0.48235565924908497, 0.41167223407406156, 0.5266551266270545, 0.45767807502543545, 0.4600964993392887, 0.3855272474050235, 0.603183600746478], "average_fidelity": 0.46134493641583696, "training_params": {"N_samples": 10, "N_training_iterations": 10000, "learning_rate": 0.01, "convergence_threshold": 1e-06, "batch_size": 8, "eval_batch_size": 16, "evaluation_time_steps": 100}}