{"fidelities_each_sample": [0.20211544511697302, 0.1810805249578693, 0.1843605350668784, 0.1600640361724161, 0.21673793062438979, 0.167090673134072, 0.2003426916004862, 0.1766055745518661, 0.1991303330305147, 0.1834333213294201], "average_fidelity": 0.18709610655848857, "training_params": {"N_samples": 10, "N_training_iterations": 10000, "learning_rate": 0.01, "convergence_threshold": 1e-06, "batch_size": 8, "eval_batch_size": 16, "evaluation_time_steps": 100}}