{"fidelities_each_sample": [0.3061436616422586, 0.23072605336280871, 0.2921417893488307, 0.44604902619358633, 0.4412488263905887, 0.41178209127122073, 0.30985544783778723, 0.3267955635410212, 0.4259585669855914, 0.3650404779696732], "average_fidelity": 0.3555741504543367, "training_params": {"N_samples": 10, "N_training_iterations": 10000, "learning_rate": 0.01, "convergence_threshold": 1e-06, "batch_size": 8, "eval_batch_size": 16, "evaluation_time_steps": 100}}