{"fidelities_each_sample": [0.14328251471651582, 0.15457158659666492, 0.15079250012337878, 0.16123964244240416, 0.1883692532915986, 0.14632078029557768, 0.17200411688335102, 0.1393074021738799, 0.14537940522385998, 0.17533901976040145], "average_fidelity": 0.1576606221507632, "training_params": {"N_samples": 10, "N_training_iterations": 10000, "learning_rate": 0.01, "convergence_threshold": 1e-06, "batch_size": 8, "eval_batch_size": 16, "evaluation_time_steps": 100}}