{"fidelities_each_sample": [0.35789699396689584, 0.34723482028556163, 0.32914105672068045, 0.3406214101577744, 0.2998512432794215, 0.3039705629772467, 0.3733029598293995, 0.4551399419975935, 0.3296241576641637, 0.34198433552843716], "average_fidelity": 0.34787674824071746, "training_params": {"N_samples": 10, "N_training_iterations": 10000, "learning_rate": 0.01, "convergence_threshold": 1e-06, "batch_size": 8, "eval_batch_size": 16, "evaluation_time_steps": 100}}