{"fidelities_each_sample": [0.33912459605383766, 0.341049105418407, 0.3972689543542736, 0.4278641148620366, 0.419728295126867, 0.504114186210174, 0.404257540472008, 0.39578721251954413, 0.23858546655463647, 0.4723254817423463], "average_fidelity": 0.3940104953314131, "training_params": {"N_samples": 10, "N_training_iterations": 10000, "learning_rate": 0.01, "convergence_threshold": 1e-06, "batch_size": 8, "eval_batch_size": 16, "evaluation_time_steps": 100}}