{"fidelities_each_sample": [0.4529271954463856, 0.37329210684862557, 0.4122655646851996, 0.39484332593052224, 0.4203217424648921, 0.3470537808634034, 0.4275197506009152, 0.3380795440523611, 0.3979354089905256, 0.3975755064745674], "average_fidelity": 0.39618139263573976, "training_params": {"N_samples": 10, "N_training_iterations": 10000, "learning_rate": 0.01, "convergence_threshold": 1e-06, "batch_size": 8, "eval_batch_size": 16, "evaluation_time_steps": 100}}