{"fidelities_each_sample": [0.3995576259282951, 0.3713244605924904, 0.3481279683621558, 0.39331500677251185, 0.32272280557281996, 0.349465340478495, 0.4346257542752067, 0.4471795952284001, 0.4215718150146802, 0.3935266035360474], "average_fidelity": 0.3881416975761102, "training_params": {"N_samples": 10, "N_training_iterations": 10000, "learning_rate": 0.01, "convergence_threshold": 1e-06, "batch_size": 8, "eval_batch_size": 16, "evaluation_time_steps": 100}}