{"fidelities_each_sample": [0.3687202701210381, 0.42506632121116167, 0.3467461391427878, 0.423564502736511, 0.4544123115991828, 0.5331709405604116, 0.500253720654483, 0.3604502478529197, 0.4335151480926811, 0.4105256161657205], "average_fidelity": 0.4256425218136897, "training_params": {"N_samples": 10, "N_training_iterations": 10000, "learning_rate": 0.01, "convergence_threshold": 1e-06, "batch_size": 8, "eval_batch_size": 16, "evaluation_time_steps": 100}}