{"fidelities_each_sample": [0.34836665289258856, 0.2644996512675367, 0.35114941908668174, 0.3645359829643245, 0.34631484741898083, 0.43955237722138923, 0.3284958686093584, 0.3482257865105519, 0.37195112522380247, 0.3211383931026646], "average_fidelity": 0.3484230104297879, "training_params": {"N_samples": 10, "N_training_iterations": 10000, "learning_rate": 0.01, "convergence_threshold": 1e-06, "batch_size": 8, "eval_batch_size": 16, "evaluation_time_steps": 100}}