{"fidelities_each_sample": [0.3670360537203687, 0.3809558527479025, 0.44412806499228447, 0.39858441741385864, 0.4556975420438141, 0.35378131178518174, 0.431326632522001, 0.3619903420339105, 0.36242740590730366, 0.34211199907072637], "average_fidelity": 0.38980396222373515, "training_params": {"N_samples": 10, "N_training_iterations": 10000, "learning_rate": 0.01, "convergence_threshold": 1e-06, "batch_size": 8, "eval_batch_size": 16, "evaluation_time_steps": 100}}