{"fidelities_each_sample": [0.1740513302903597, 0.14141363682940467, 0.14586520820055307, 0.18028425439931467, 0.16975300170903154, 0.15966366172500965, 0.1513200303455047, 0.12996465173534785, 0.1521684274545822, 0.14157993244373085], "average_fidelity": 0.15460641351328389, "training_params": {"N_samples": 10, "N_training_iterations": 10000, "learning_rate": 0.01, "convergence_threshold": 1e-06, "batch_size": 8, "eval_batch_size": 16, "evaluation_time_steps": 100}}