{"fidelities_each_sample": [0.27316324089891236, 0.2916821640300619, 0.2802508305336029, 0.34148079308159734, 0.35003547444108757, 0.28287107786310983, 0.20153323253814873, 0.33453256488884586, 0.24903121741874576, 0.3071053089519425], "average_fidelity": 0.29116859046460547, "training_params": {"N_samples": 10, "N_training_iterations": 10000, "learning_rate": 0.01, "convergence_threshold": 1e-06, "batch_size": 8, "eval_batch_size": 16, "evaluation_time_steps": 100}}