{"fidelities_each_sample": [0.4416153816658527, 0.3674998979442178, 0.34818496801954596, 0.39872620863098923, 0.30371829184938404, 0.3376864845638463, 0.39572224441718956, 0.3348997698028352, 0.35234200085487183, 0.37567183173889873], "average_fidelity": 0.36560670794876315, "training_params": {"N_samples": 10, "N_training_iterations": 10000, "learning_rate": 0.01, "convergence_threshold": 1e-06, "batch_size": 8, "eval_batch_size": 16, "evaluation_time_steps": 100}}