{"fidelities_each_sample": [0.4090008048584431, 0.2602571150889071, 0.35267794588614637, 0.3140241089875232, 0.4426080412484144, 0.4715513515424382, 0.4061158525204847, 0.3882327337189005, 0.45748199448752663, 0.24898383385583267], "average_fidelity": 0.3750933782194617, "training_params": {"N_samples": 10, "N_training_iterations": 10000, "learning_rate": 0.01, "convergence_threshold": 1e-06, "batch_size": 8, "eval_batch_size": 16, "evaluation_time_steps": 100}}