{"fidelities_each_sample": [0.4639937985148659, 0.33879093779366004, 0.46424593032880224, 0.49931828484169427, 0.44673262908131084, 0.4615285090623503, 0.5004197053411839, 0.349670942293675, 0.38107228735990584, 0.38640334577715907], "average_fidelity": 0.4292176370394607, "training_params": {"N_samples": 10, "N_training_iterations": 10000, "learning_rate": 0.01, "convergence_threshold": 1e-06, "batch_size": 8, "eval_batch_size": 16, "evaluation_time_steps": 100}}