{"fidelities_each_sample": [0.33646887441396217, 0.324129250678149, 0.352650657712882, 0.510702305504198, 0.4648446114192436, 0.3905105177565225, 0.4416220638299467, 0.4364184101140349, 0.3932422935071498, 0.3909336336662388], "average_fidelity": 0.4041522618602328, "training_params": {"N_samples": 10, "N_training_iterations": 10000, "learning_rate": 0.01, "convergence_threshold": 1e-06, "batch_size": 8, "eval_batch_size": 16, "evaluation_time_steps": 100}}