{"fidelities_each_sample": [0.2613272974446688, 0.24375812069971498, 0.3182524876209398, 0.3120829432447292, 0.20790720276317878, 0.26729353264296746, 0.2275291272702405, 0.24082142287886454, 0.3018303478839387, 0.3074486740651763], "average_fidelity": 0.26882511565144196, "training_params": {"N_samples": 10, "N_training_iterations": 10000, "learning_rate": 0.01, "convergence_threshold": 1e-06, "batch_size": 8, "eval_batch_size": 16, "evaluation_time_steps": 100}}