{"fidelities_each_sample": [0.19933454471315962, 0.2069052458505933, 0.19521132385428636, 0.19706748966952894, 0.20587702843786937, 0.15732692604577803, 0.17141333696241037, 0.16171508693397504, 0.20212725406460744, 0.15932272694119726], "average_fidelity": 0.18563009634734057, "training_params": {"N_samples": 10, "N_training_iterations": 10000, "learning_rate": 0.01, "convergence_threshold": 1e-06, "batch_size": 8, "eval_batch_size": 16, "evaluation_time_steps": 100}}