{"fidelities_each_sample": [0.46786652586751987, 0.36486943276768885, 0.31798628709468135, 0.4366128647083443, 0.4440109809599725, 0.36375496519354644, 0.3756672201569654, 0.3093406083651905, 0.3735390831739296, 0.40508566465155255], "average_fidelity": 0.3858733632939392, "training_params": {"N_samples": 10, "N_training_iterations": 10000, "learning_rate": 0.01, "convergence_threshold": 1e-06, "batch_size": 8, "eval_batch_size": 16, "evaluation_time_steps": 100}}