{"fidelities_each_sample": [0.438837826382495, 0.4324375336655962, 0.4617959831781861, 0.4603800277997083, 0.4229365629861816, 0.4552532750953062, 0.40478706641046724, 0.5040715505064445, 0.4290489387357783, 0.5485479032466387], "average_fidelity": 0.4558096668006802, "training_params": {"N_samples": 10, "N_training_iterations": 10000, "learning_rate": 0.01, "convergence_threshold": 1e-06, "batch_size": 8, "eval_batch_size": 16, "evaluation_time_steps": 100}}