{"fidelities_each_sample": [0.33514809487522934, 0.34894068171232706, 0.3033295926375266, 0.3956574786710151, 0.3439016657636065, 0.3884012145559899, 0.3411730300218658, 0.3441163844563948, 0.3576468804130457, 0.31076304227387713], "average_fidelity": 0.3469078065380878, "training_params": {"N_samples": 10, "N_training_iterations": 10000, "learning_rate": 0.01, "convergence_threshold": 1e-06, "batch_size": 8, "eval_batch_size": 16, "evaluation_time_steps": 100}}