{"fidelities_each_sample": [0.4407620726038899, 0.4399985395118935, 0.4444730199090124, 0.45589967814633753, 0.409345124183689, 0.5146999986959012, 0.44931241786437676, 0.5082575433163151, 0.37245570963956814, 0.6176830594749332], "average_fidelity": 0.4652887163345916, "training_params": {"N_samples": 10, "N_training_iterations": 10000, "learning_rate": 0.01, "convergence_threshold": 1e-06, "batch_size": 8, "eval_batch_size": 16, "evaluation_time_steps": 100}}