{"fidelities_each_sample": [0.34792474834423176, 0.3439865988720037, 0.39490224706312815, 0.4628775182870308, 0.4522702026349216, 0.3804000086980347, 0.44438354616178605, 0.34112178023229833, 0.414069897242373, 0.4624081207197101], "average_fidelity": 0.40443446682555184, "training_params": {"N_samples": 10, "N_training_iterations": 10000, "learning_rate": 0.01, "convergence_threshold": 1e-06, "batch_size": 8, "eval_batch_size": 16, "evaluation_time_steps": 100}}