{"fidelities_each_sample": [0.3725966536768476, 0.3232043950232115, 0.34938922851165805, 0.3362921571468979, 0.34301874000182137, 0.30326872895759827, 0.3350081971787712, 0.4564048814986672, 0.3549707105182165, 0.3588936859816547], "average_fidelity": 0.3533047378495344, "training_params": {"N_samples": 10, "N_training_iterations": 10000, "learning_rate": 0.01, "convergence_threshold": 1e-06, "batch_size": 8, "eval_batch_size": 16, "evaluation_time_steps": 100}}