{"fidelities_each_sample": [0.3698959349517979, 0.34374076010957505, 0.3612822992908906, 0.48882091344087697, 0.4526612594226727, 0.44499536717749416, 0.5402415762607697, 0.4370122612696844, 0.3522594479707619, 0.5655936719267544], "average_fidelity": 0.4356503491821278, "training_params": {"N_samples": 10, "N_training_iterations": 10000, "learning_rate": 0.01, "convergence_threshold": 1e-06, "batch_size": 8, "eval_batch_size": 16, "evaluation_time_steps": 100}}