{"fidelities_each_sample": [0.41919745377776674, 0.35951166524515715, 0.43453322583522797, 0.3904945499795519, 0.408131670154683, 0.4916643442285472, 0.45086635814144116, 0.5271384444861854, 0.3729310672873437, 0.5243892371548157], "average_fidelity": 0.437885801629072, "training_params": {"N_samples": 10, "N_training_iterations": 10000, "learning_rate": 0.01, "convergence_threshold": 1e-06, "batch_size": 8, "eval_batch_size": 16, "evaluation_time_steps": 100}}