{"fidelities_each_sample": [0.3575727841436373, 0.3589865659511433, 0.32405038426045035, 0.4408991677366224, 0.31468356300741107, 0.36846102866566854, 0.4263230754734055, 0.36958271738207754, 0.34562457133988184, 0.3422999481466698], "average_fidelity": 0.3648483806106968, "training_params": {"N_samples": 10, "N_training_iterations": 10000, "learning_rate": 0.01, "convergence_threshold": 1e-06, "batch_size": 8, "eval_batch_size": 16, "evaluation_time_steps": 100}}