{"fidelities_each_sample": [0.15657719289173805, 0.15170007704184454, 0.15804675952371497, 0.20740880367482056, 0.11809246614610294, 0.1568032905214748, 0.14270800638573325, 0.15212066926590198, 0.14474227010755075, 0.15783704078536553], "average_fidelity": 0.15460365763442474, "training_params": {"N_samples": 10, "N_training_iterations": 10000, "learning_rate": 0.01, "convergence_threshold": 1e-06, "batch_size": 8, "eval_batch_size": 16, "evaluation_time_steps": 100}}