{"fidelities_each_sample": [0.2561931163847466, 0.24398820732411328, 0.2886481903836468, 0.2541499117410267, 0.24220932809094764, 0.31941980933695985, 0.2583894591834036, 0.2935759995543078, 0.2023381879399569, 0.3003507399545101], "average_fidelity": 0.26592629498936193, "training_params": {"N_samples": 10, "N_training_iterations": 10000, "learning_rate": 0.01, "convergence_threshold": 1e-06, "batch_size": 8, "eval_batch_size": 16, "evaluation_time_steps": 100}}