{"fidelities_each_sample": [0.4478688213842093, 0.3762474697039013, 0.36191684939784985, 0.4337278789243607, 0.4365053496443147, 0.4511652611986813, 0.4226884473610745, 0.4008235739885598, 0.3434698503508729, 0.40983486469919667], "average_fidelity": 0.40842483666530216, "training_params": {"N_samples": 10, "N_training_iterations": 10000, "learning_rate": 0.01, "convergence_threshold": 1e-06, "batch_size": 8, "eval_batch_size": 16, "evaluation_time_steps": 100}}