{"fidelities_each_sample": [0.29849451157831247, 0.25000035679631605, 0.28126412461071787, 0.29373526873341255, 0.3002600134474679, 0.316313224448954, 0.23207092881836222, 0.3066284221398106, 0.20850886905379515, 0.3112152664151078], "average_fidelity": 0.2798490986042257, "training_params": {"N_samples": 10, "N_training_iterations": 10000, "learning_rate": 0.01, "convergence_threshold": 1e-06, "batch_size": 8, "eval_batch_size": 16, "evaluation_time_steps": 100}}