{"fidelities_each_sample": [0.3574124949090452, 0.3442430769557632, 0.337013870048386, 0.36428249236949445, 0.33654741592174714, 0.3289298948971866, 0.3546785855200961, 0.4470213969783121, 0.3822416952692473, 0.34036070338374824], "average_fidelity": 0.3592731626253026, "training_params": {"N_samples": 10, "N_training_iterations": 10000, "learning_rate": 0.01, "convergence_threshold": 1e-06, "batch_size": 8, "eval_batch_size": 16, "evaluation_time_steps": 100}}