{"fidelities_each_sample": [0.4513568516548847, 0.3280644889733719, 0.41773786337018726, 0.5107561366782427, 0.44833608191110047, 0.38362545515305, 0.42056385874167085, 0.4102922198998124, 0.3483803367428638, 0.4271427768347433], "average_fidelity": 0.41462560699599277, "training_params": {"N_samples": 10, "N_training_iterations": 10000, "learning_rate": 0.01, "convergence_threshold": 1e-06, "batch_size": 8, "eval_batch_size": 16, "evaluation_time_steps": 100}}