{"fidelities_each_sample": [0.31991477060699797, 0.33264121807252206, 0.37258963663903977, 0.337343472366624, 0.3125955852831713, 0.2580112591255035, 0.4113401359250578, 0.354206470563686, 0.34727030332048753, 0.34755916001312537], "average_fidelity": 0.3393472011916215, "training_params": {"N_samples": 10, "N_training_iterations": 10000, "learning_rate": 0.01, "convergence_threshold": 1e-06, "batch_size": 8, "eval_batch_size": 16, "evaluation_time_steps": 100}}