{"fidelities_each_sample": [0.4631765097848249, 0.36562187756548203, 0.4883304159753494, 0.4045827937202615, 0.3938771117959947, 0.43308951937518536, 0.4827209417096206, 0.33328285650130307, 0.3507508968283164, 0.3998079325154644], "average_fidelity": 0.4115240855771802, "training_params": {"N_samples": 10, "N_training_iterations": 10000, "learning_rate": 0.01, "convergence_threshold": 1e-06, "batch_size": 8, "eval_batch_size": 16, "evaluation_time_steps": 100}}