{"fidelities_each_sample": [0.3303769791813228, 0.308242872490899, 0.37436417737868655, 0.3352643626426917, 0.3892947149571528, 0.24461036444584666, 0.47638005996966587, 0.32586146796651594, 0.3880588861270704, 0.3942344792935465], "average_fidelity": 0.35666883644533987, "training_params": {"N_samples": 10, "N_training_iterations": 10000, "learning_rate": 0.01, "convergence_threshold": 1e-06, "batch_size": 8, "eval_batch_size": 16, "evaluation_time_steps": 100}}