{"fidelities_each_sample": [0.14722729792353276, 0.15401153873555468, 0.17036206586481062, 0.15301557769300153, 0.1547845285247339, 0.15651046868968893, 0.18204762319946383, 0.15052789892940147, 0.15084544361140714, 0.15537627906390855], "average_fidelity": 0.15747087222355033, "training_params": {"N_samples": 10, "N_training_iterations": 10000, "learning_rate": 0.01, "convergence_threshold": 1e-06, "batch_size": 8, "eval_batch_size": 16, "evaluation_time_steps": 100}}