{"fidelities_each_sample": [0.36039886780817826, 0.3878333372324682, 0.29995631701024966, 0.3157265410674538, 0.3617217584898132, 0.3424852176234392, 0.3440802697709608, 0.427051152104882, 0.3369612258446115, 0.35439602663602104], "average_fidelity": 0.3530610713588077, "training_params": {"N_samples": 10, "N_training_iterations": 10000, "learning_rate": 0.01, "convergence_threshold": 1e-06, "batch_size": 8, "eval_batch_size": 16, "evaluation_time_steps": 100}}