{"fidelities_each_sample": [0.34958356729378365, 0.338691695031009, 0.36150886239063906, 0.3345543225109135, 0.33880459081699943, 0.3439795485391951, 0.3958393132427864, 0.46799713919669184, 0.3559748627879476, 0.3538240419871753], "average_fidelity": 0.3640757943797141, "training_params": {"N_samples": 10, "N_training_iterations": 10000, "learning_rate": 0.01, "convergence_threshold": 1e-06, "batch_size": 8, "eval_batch_size": 16, "evaluation_time_steps": 100}}