{"fidelities_each_sample": [0.21132911904761026, 0.19309018050796722, 0.20026296463315563, 0.18146159608516965, 0.19159691827813172, 0.15505545182401476, 0.2008341487692608, 0.17324866917650017, 0.18840633487567443, 0.1552259259050895], "average_fidelity": 0.1850511309102574, "training_params": {"N_samples": 10, "N_training_iterations": 10000, "learning_rate": 0.01, "convergence_threshold": 1e-06, "batch_size": 8, "eval_batch_size": 16, "evaluation_time_steps": 100}}