{"fidelities_each_sample": [0.44325672748090583, 0.3581557797723088, 0.48633475402707294, 0.4325980451082966, 0.43505888950827515, 0.3672617647434206, 0.44615746051582245, 0.39574558233043095, 0.3637111370184688, 0.3443786245495765], "average_fidelity": 0.40726587650545787, "training_params": {"N_samples": 10, "N_training_iterations": 10000, "learning_rate": 0.01, "convergence_threshold": 1e-06, "batch_size": 8, "eval_batch_size": 16, "evaluation_time_steps": 100}}