{"fidelities_each_sample": [0.36576396563052965, 0.36492458025213315, 0.39776900868820536, 0.4302083625440565, 0.29998739443454026, 0.3760344679517162, 0.236996422960847, 0.30413431281490994, 0.3502139758831411, 0.37361520065678056], "average_fidelity": 0.34996476918168595, "training_params": {"N_samples": 10, "N_training_iterations": 10000, "learning_rate": 0.01, "convergence_threshold": 1e-06, "batch_size": 8, "eval_batch_size": 16, "evaluation_time_steps": 100}}