{"fidelities_each_sample": [0.4577872185249425, 0.3662609226569147, 0.35419841974293687, 0.4283793252808484, 0.4035149779579438, 0.4660315674916026, 0.5321472936804899, 0.42664160584727906, 0.34724670947050296, 0.4263795724266156], "average_fidelity": 0.4208587613080076, "training_params": {"N_samples": 10, "N_training_iterations": 10000, "learning_rate": 0.01, "convergence_threshold": 1e-06, "batch_size": 8, "eval_batch_size": 16, "evaluation_time_steps": 100}}