{"fidelities_each_sample": [0.3624451579547914, 0.36685244188159094, 0.3469790213631545, 0.4339725560924627, 0.290242704193862, 0.3472975571807444, 0.3792307766488782, 0.3676195027051765, 0.3801541219138988, 0.3920251667773097], "average_fidelity": 0.3666819006711869, "training_params": {"N_samples": 10, "N_training_iterations": 10000, "learning_rate": 0.01, "convergence_threshold": 1e-06, "batch_size": 8, "eval_batch_size": 16, "evaluation_time_steps": 100}}