{"fidelities_each_sample": [0.44730261105651986, 0.4364177814348823, 0.41753271801679276, 0.4833704719790974, 0.4544521555502023, 0.4942556531547995, 0.4488382784670077, 0.4364309015284409, 0.38199193040073925, 0.5494965486031748], "average_fidelity": 0.4550089050191657, "training_params": {"N_samples": 10, "N_training_iterations": 10000, "learning_rate": 0.01, "convergence_threshold": 1e-06, "batch_size": 8, "eval_batch_size": 16, "evaluation_time_steps": 100}}