{"fidelities_each_sample": [0.3680543316131979, 0.35409054665080003, 0.3364133064107037, 0.31849866527349596, 0.33661597129309867, 0.3425770122483167, 0.32680379129308995, 0.44126256962002064, 0.45008711580727684, 0.34843171190138095], "average_fidelity": 0.3622835022111382, "training_params": {"N_samples": 10, "N_training_iterations": 10000, "learning_rate": 0.01, "convergence_threshold": 1e-06, "batch_size": 8, "eval_batch_size": 16, "evaluation_time_steps": 100}}