{"fidelities_each_sample": [0.41190575919729105, 0.4122542075192895, 0.44604784098931505, 0.442088224450851, 0.43294999714499033, 0.42989455596348697, 0.4451326320237394, 0.4271010410968822, 0.3861860612886975, 0.623116627893071], "average_fidelity": 0.4456676947567614, "training_params": {"N_samples": 10, "N_training_iterations": 10000, "learning_rate": 0.01, "convergence_threshold": 1e-06, "batch_size": 8, "eval_batch_size": 16, "evaluation_time_steps": 100}}