{"fidelities_each_sample": [0.46616359487567527, 0.4547546701830953, 0.42648640654964515, 0.48485006638128814, 0.4441133368762254, 0.40381705950445695, 0.48902580002933493, 0.42177428227861513, 0.4215121914010993, 0.5693971013978052], "average_fidelity": 0.4581894509477241, "training_params": {"N_samples": 10, "N_training_iterations": 10000, "learning_rate": 0.01, "convergence_threshold": 1e-06, "batch_size": 8, "eval_batch_size": 16, "evaluation_time_steps": 100}}