{"fidelities_each_sample": [0.22358754147159526, 0.18472070170998126, 0.30528721546874554, 0.1880824393530079, 0.21698645718488044, 0.17082063703338365, 0.229353221700616, 0.19922979567336388, 0.18972871304484734, 0.14773045380392433], "average_fidelity": 0.20555271764443456, "training_params": {"N_samples": 10, "N_training_iterations": 10000, "learning_rate": 0.01, "convergence_threshold": 1e-06, "batch_size": 8, "eval_batch_size": 16, "evaluation_time_steps": 100}}