{"fidelities_each_sample": [0.23925691993718307, 0.18984881802977024, 0.1768242731279666, 0.2218899782025144, 0.17349735143531816, 0.17814070176648766, 0.1893351620639415, 0.1893383927831025, 0.22309973064652658, 0.1611629501838282], "average_fidelity": 0.19423942781766387, "training_params": {"N_samples": 10, "N_training_iterations": 10000, "learning_rate": 0.01, "convergence_threshold": 1e-06, "batch_size": 8, "eval_batch_size": 16, "evaluation_time_steps": 100}}