{"fidelities_each_sample": [0.44461394048111436, 0.3874748365909207, 0.4291841299282468, 0.4663346993353197, 0.43811518363462953, 0.5196751068861997, 0.4521491666283843, 0.4278290943151303, 0.4404902590196882, 0.572433516429417], "average_fidelity": 0.457829993324905, "training_params": {"N_samples": 10, "N_training_iterations": 10000, "learning_rate": 0.01, "convergence_threshold": 1e-06, "batch_size": 8, "eval_batch_size": 16, "evaluation_time_steps": 100}}