{"fidelities_each_sample": [0.3075806327314646, 0.33007457342297264, 0.2828553601310495, 0.3970287586791076, 0.35544236158184195, 0.2335574504511442, 0.2279990653236009, 0.30495824541929134, 0.37947115806803805, 0.406614752850742], "average_fidelity": 0.32255823586592525, "training_params": {"N_samples": 10, "N_training_iterations": 10000, "learning_rate": 0.01, "convergence_threshold": 1e-06, "batch_size": 8, "eval_batch_size": 16, "evaluation_time_steps": 100}}