{"fidelities_each_sample": [0.26142662333098504, 0.2947035606959443, 0.31468262191051183, 0.2821408871070173, 0.3228686154414848, 0.24002894600690863, 0.2597947726302558, 0.23218909888837225, 0.2906451919446059, 0.2905550548725529], "average_fidelity": 0.2789035372828639, "training_params": {"N_samples": 10, "N_training_iterations": 10000, "learning_rate": 0.01, "convergence_threshold": 1e-06, "batch_size": 8, "eval_batch_size": 16, "evaluation_time_steps": 100}}