{"fidelities_each_sample": [0.3515074157134408, 0.35669426423546785, 0.43807335531909725, 0.437506292816107, 0.45036312893815567, 0.40539503663577964, 0.4830335709795256, 0.387656546687336, 0.392480918986488, 0.35928285860594483], "average_fidelity": 0.4061993388917342, "training_params": {"N_samples": 10, "N_training_iterations": 10000, "learning_rate": 0.01, "convergence_threshold": 1e-06, "batch_size": 8, "eval_batch_size": 16, "evaluation_time_steps": 100}}