{"fidelities_each_sample": [0.3627708786186864, 0.4268161208220731, 0.3345707651895432, 0.41022757055690307, 0.4359366277039509, 0.5053109980861675, 0.29078916434625535, 0.46569509423945443, 0.43525209577270907, 0.3948949419243991], "average_fidelity": 0.4062264257260142, "training_params": {"N_samples": 10, "N_training_iterations": 10000, "learning_rate": 0.01, "convergence_threshold": 1e-06, "batch_size": 8, "eval_batch_size": 16, "evaluation_time_steps": 100}}