{"fidelities_each_sample": [0.3685830364621892, 0.3787043430157418, 0.3847966426769528, 0.4084847348966189, 0.4614056440797779, 0.42170182313534826, 0.31652311823842755, 0.4337778878008096, 0.41479145807534695, 0.3639408432950966], "average_fidelity": 0.395270953167631, "training_params": {"N_samples": 10, "N_training_iterations": 10000, "learning_rate": 0.01, "convergence_threshold": 1e-06, "batch_size": 8, "eval_batch_size": 16, "evaluation_time_steps": 100}}