{"fidelities_each_sample": [0.3466906927310843, 0.33609923028925714, 0.3307925481289839, 0.3638117190054024, 0.30880167120272384, 0.35601798512469635, 0.38680474826618994, 0.43119131906100433, 0.42964210522279983, 0.40952268922039436], "average_fidelity": 0.36993747082525363, "training_params": {"N_samples": 10, "N_training_iterations": 10000, "learning_rate": 0.01, "convergence_threshold": 1e-06, "batch_size": 8, "eval_batch_size": 16, "evaluation_time_steps": 100}}