{"fidelities_each_sample": [0.35326330142929324, 0.34716520379698984, 0.3452009886452483, 0.3139748176645158, 0.33565455584318576, 0.3491042440842797, 0.4245186176501784, 0.45158654259327136, 0.40329103838930946, 0.36688188627114887], "average_fidelity": 0.369064119636742, "training_params": {"N_samples": 10, "N_training_iterations": 10000, "learning_rate": 0.01, "convergence_threshold": 1e-06, "batch_size": 8, "eval_batch_size": 16, "evaluation_time_steps": 100}}