{"fidelities_each_sample": [0.2149240969832675, 0.16287768361214966, 0.220263016001037, 0.2252838487646498, 0.2326163597176183, 0.18894463715888063, 0.2097786148682989, 0.210544190959099, 0.19271472358594197, 0.19007716851829048], "average_fidelity": 0.2048024340169233, "training_params": {"N_samples": 10, "N_training_iterations": 10000, "learning_rate": 0.01, "convergence_threshold": 1e-06, "batch_size": 8, "eval_batch_size": 16, "evaluation_time_steps": 100}}