{"fidelities_each_sample": [0.35069856495712504, 0.37246838089445955, 0.2561450238951234, 0.418848523518139, 0.33016201318976307, 0.5163179848950713, 0.4054854086901691, 0.36768852192809587, 0.4209042359399825, 0.35962595696806404], "average_fidelity": 0.3798344614875993, "training_params": {"N_samples": 10, "N_training_iterations": 10000, "learning_rate": 0.01, "convergence_threshold": 1e-06, "batch_size": 8, "eval_batch_size": 16, "evaluation_time_steps": 100}}