{"fidelities_each_sample": [0.42564400085679494, 0.3580076060363324, 0.3726670676636584, 0.38149786194539587, 0.4486609316010256, 0.3825726916501912, 0.3718853188105923, 0.323303926476154, 0.4141311656457253, 0.41476462634154], "average_fidelity": 0.389313519702741, "training_params": {"N_samples": 10, "N_training_iterations": 10000, "learning_rate": 0.01, "convergence_threshold": 1e-06, "batch_size": 8, "eval_batch_size": 16, "evaluation_time_steps": 100}}