{"fidelities_each_sample": [0.35063918927312476, 0.3414188359980703, 0.40111043998040524, 0.3392212237320562, 0.3669296072729954, 0.3822844461512135, 0.280130973930118, 0.349659952625114, 0.4472214742108539, 0.36786075683423053], "average_fidelity": 0.3626476900008182, "training_params": {"N_samples": 10, "N_training_iterations": 10000, "learning_rate": 0.01, "convergence_threshold": 1e-06, "batch_size": 8, "eval_batch_size": 16, "evaluation_time_steps": 100}}