{"fidelities_each_sample": [0.42961083607323125, 0.32424938790888513, 0.44846942295715286, 0.4038228978008558, 0.4586273142260701, 0.426747679963997, 0.33678318203829, 0.42699239572269465, 0.4053750513120727, 0.3405717458036923], "average_fidelity": 0.4001249913806942, "training_params": {"N_samples": 10, "N_training_iterations": 10000, "learning_rate": 0.01, "convergence_threshold": 1e-06, "batch_size": 8, "eval_batch_size": 16, "evaluation_time_steps": 100}}