{"fidelities_each_sample": [0.43233183395904423, 0.3967846634716521, 0.42124101526371216, 0.4627707095630063, 0.41681036083941214, 0.37991090515764625, 0.4706907942476446, 0.42682500115200694, 0.43762881976810003, 0.5945412973040273], "average_fidelity": 0.4439535400726252, "training_params": {"N_samples": 10, "N_training_iterations": 10000, "learning_rate": 0.01, "convergence_threshold": 1e-06, "batch_size": 8, "eval_batch_size": 16, "evaluation_time_steps": 100}}