{"fidelities_each_sample": [0.24621802134273935, 0.26409464007686473, 0.32219984036892935, 0.3213255685668067, 0.3202893544444068, 0.2987164596862654, 0.33649287848541815, 0.30074476670613504, 0.2919204852006893, 0.3257348504191794], "average_fidelity": 0.3027736865297434, "training_params": {"N_samples": 10, "N_training_iterations": 10000, "learning_rate": 0.01, "convergence_threshold": 1e-06, "batch_size": 8, "eval_batch_size": 16, "evaluation_time_steps": 100}}