{"fidelities_each_sample": [0.3195368155797549, 0.17293433450170717, 0.2998541835027, 0.3039070384997007, 0.2798669161018618, 0.3516002007448674, 0.3416219150819302, 0.2829980471928812, 0.2861781780286572, 0.4255003892124892], "average_fidelity": 0.306399801844655, "training_params": {"N_samples": 10, "N_training_iterations": 10000, "learning_rate": 0.01, "convergence_threshold": 1e-06, "batch_size": 8, "eval_batch_size": 16, "evaluation_time_steps": 100}}