{"fidelities_each_sample": [0.44008388291460987, 0.43789580648566206, 0.4204024040319032, 0.4658744821387018, 0.44590661690517247, 0.483197869705393, 0.4228104940304964, 0.4234532003285015, 0.4051251358534531, 0.5772962463841583], "average_fidelity": 0.4522046138778051, "training_params": {"N_samples": 10, "N_training_iterations": 10000, "learning_rate": 0.01, "convergence_threshold": 1e-06, "batch_size": 8, "eval_batch_size": 16, "evaluation_time_steps": 100}}