{"fidelities_each_sample": [0.3262775050806228, 0.32675430051887255, 0.3851287815689865, 0.3106688171195634, 0.30901955783780094, 0.3684927798689504, 0.3471324793587908, 0.25759779151226564, 0.3109519231887042, 0.2579938215280195], "average_fidelity": 0.32000177575825767, "training_params": {"N_samples": 10, "N_training_iterations": 10000, "learning_rate": 0.01, "convergence_threshold": 1e-06, "batch_size": 8, "eval_batch_size": 16, "evaluation_time_steps": 100}}