{"fidelities_each_sample": [0.1474203124425912, 0.1525839678663165, 0.15483518085671397, 0.15186929707553737, 0.14319656507215556, 0.15515875317825184, 0.1545732773578319, 0.13619992378577755, 0.15486680350507406, 0.16731166759042165], "average_fidelity": 0.15180157487306714, "training_params": {"N_samples": 10, "N_training_iterations": 10000, "learning_rate": 0.01, "convergence_threshold": 1e-06, "batch_size": 8, "eval_batch_size": 16, "evaluation_time_steps": 100}}