{"fidelities_each_sample": [0.35499335784280417, 0.32762305553935395, 0.38273413744852763, 0.36634273587990857, 0.3458492669523343, 0.3225122312288226, 0.4070182120179267, 0.42712434310804553, 0.23710865166284414, 0.35134038467648493], "average_fidelity": 0.35226463763570526, "training_params": {"N_samples": 10, "N_training_iterations": 10000, "learning_rate": 0.01, "convergence_threshold": 1e-06, "batch_size": 8, "eval_batch_size": 16, "evaluation_time_steps": 100}}