{"fidelities_each_sample": [0.3350360599279443, 0.46847915530784956, 0.33997943358998844, 0.3570502785571386, 0.3236056800262003, 0.33702096745091176, 0.35803750285553637, 0.34143659829064654, 0.32167597163936745, 0.4642934286295641], "average_fidelity": 0.3646615076275147, "training_params": {"N_samples": 10, "N_training_iterations": 10000, "learning_rate": 0.01, "convergence_threshold": 1e-06, "batch_size": 8, "eval_batch_size": 16, "evaluation_time_steps": 100}}