{"fidelities_each_sample": [0.19665756037298973, 0.145741050372327, 0.1856588417724931, 0.20601139003579383, 0.19516557433906237, 0.15553012705237146, 0.1956423058505835, 0.14526022253483634, 0.18005699836691083, 0.18529246692050425], "average_fidelity": 0.17910165376178727, "training_params": {"N_samples": 10, "N_training_iterations": 10000, "learning_rate": 0.01, "convergence_threshold": 1e-06, "batch_size": 8, "eval_batch_size": 16, "evaluation_time_steps": 100}}