{"fidelities_each_sample": [0.26477543918559265, 0.3173818714344547, 0.3390610419529349, 0.289904670516251, 0.3562593179143552, 0.18992630488515533, 0.34234195296805287, 0.2847959968890702, 0.306215812140451, 0.3124812976085779], "average_fidelity": 0.3003143705494895, "training_params": {"N_samples": 10, "N_training_iterations": 10000, "learning_rate": 0.01, "convergence_threshold": 1e-06, "batch_size": 8, "eval_batch_size": 16, "evaluation_time_steps": 100}}