{"fidelities_each_sample": [0.4387768055357145, 0.3822735872633621, 0.43690830813591214, 0.4623813909184802, 0.422731234602868, 0.6256850995605979, 0.42691060099573763, 0.5566801498295019, 0.40468506118451103, 0.578390628507949], "average_fidelity": 0.47354228665346343, "training_params": {"N_samples": 10, "N_training_iterations": 10000, "learning_rate": 0.01, "convergence_threshold": 1e-06, "batch_size": 8, "eval_batch_size": 16, "evaluation_time_steps": 100}}