{"fidelities_each_sample": [0.3552076505663272, 0.32229296567554183, 0.35365106066841595, 0.3640404334736936, 0.3369467663631455, 0.33997763862952585, 0.3491663277211634, 0.43018821325485135, 0.3502800042991049, 0.3548884658125272], "average_fidelity": 0.3556639526464297, "training_params": {"N_samples": 10, "N_training_iterations": 10000, "learning_rate": 0.01, "convergence_threshold": 1e-06, "batch_size": 8, "eval_batch_size": 16, "evaluation_time_steps": 100}}