{"fidelities_each_sample": [0.2800889763143259, 0.29661292088343505, 0.326016368273058, 0.33293586078116455, 0.32764466084012156, 0.3522962675873681, 0.3135467298848467, 0.4266510916635425, 0.32592513647271154, 0.4066927788731931], "average_fidelity": 0.3388410791573767, "training_params": {"N_samples": 10, "N_training_iterations": 10000, "learning_rate": 0.01, "convergence_threshold": 1e-06, "batch_size": 8, "eval_batch_size": 16, "evaluation_time_steps": 100}}