{"fidelities_each_sample": [0.3634864634591066, 0.3436587600172922, 0.4283213713992532, 0.3512378617098635, 0.4457163655974982, 0.46024789408960676, 0.28061785258988914, 0.35710942582806127, 0.38436310763634923, 0.35219119455089576], "average_fidelity": 0.3766950296877816, "training_params": {"N_samples": 10, "N_training_iterations": 10000, "learning_rate": 0.01, "convergence_threshold": 1e-06, "batch_size": 8, "eval_batch_size": 16, "evaluation_time_steps": 100}}