{"fidelities_each_sample": [0.4558070533378364, 0.44750929580635407, 0.4578477897143523, 0.4372668145927162, 0.40685555354488345, 0.5023520268490841, 0.4509360834549619, 0.416346017385994, 0.4853272268855959, 0.5818359449403806], "average_fidelity": 0.4642083806512159, "training_params": {"N_samples": 10, "N_training_iterations": 10000, "learning_rate": 0.01, "convergence_threshold": 1e-06, "batch_size": 8, "eval_batch_size": 16, "evaluation_time_steps": 100}}