{"fidelities_each_sample": [0.4377148321292912, 0.4474357625847168, 0.4451361983660364, 0.4752270154325624, 0.4453751989089124, 0.44238757286471525, 0.4763611996679228, 0.4272620125897843, 0.44114885829545936, 0.5287788101139874], "average_fidelity": 0.4566827460953388, "training_params": {"N_samples": 10, "N_training_iterations": 10000, "learning_rate": 0.01, "convergence_threshold": 1e-06, "batch_size": 8, "eval_batch_size": 16, "evaluation_time_steps": 100}}