{"fidelities_each_sample": [0.3481201478173984, 0.3484526135785964, 0.4476648893232874, 0.44865440715839805, 0.4719966533813118, 0.418942934301799, 0.4012600617250946, 0.3727896121750849, 0.3747605302270245, 0.3847364569554359], "average_fidelity": 0.40173783066434315, "training_params": {"N_samples": 10, "N_training_iterations": 10000, "learning_rate": 0.01, "convergence_threshold": 1e-06, "batch_size": 8, "eval_batch_size": 16, "evaluation_time_steps": 100}}