{"fidelities_each_sample": [0.4867170512393728, 0.3938028485423844, 0.47400341504660526], "average_fidelity": 0.45150777160945416, "training_params": {"N_samples": 3, "N_training_iterations": 10000, "learning_rate": 0.01, "convergence_threshold": 1e-06, "batch_size": 8, "eval_batch_size": 8, "evaluation_time_steps": 50}}