{"fidelities_each_sample": [0.21454117909770742, 0.17999346557510484, 0.18325408868079526], "average_fidelity": 0.19259624445120252, "training_params": {"N_samples": 3, "N_training_iterations": 10000, "learning_rate": 0.01, "convergence_threshold": 1e-06, "batch_size": 8, "eval_batch_size": 8, "evaluation_time_steps": 50}}