{"fidelities_each_sample": [0.5585473808820298, 0.5894108432745568, 0.5611522759428255], "average_fidelity": 0.5697035000331373, "training_params": {"N_samples": 3, "N_training_iterations": 10000, "learning_rate": 0.01, "convergence_threshold": 1e-06, "batch_size": 8, "eval_batch_size": 8, "evaluation_time_steps": 50}}