{"fidelities_each_sample": [0.9405823424582326, 0.9404914788390648, 0.9404671801533337], "average_fidelity": 0.9405136671502105, "training_params": {"N_samples": 3, "N_training_iterations": 1000, "learning_rate": 0.02, "convergence_threshold": 1e-06, "batch_size": 16, "eval_batch_size": 16, "evaluation_time_steps": 200}}