{"fidelities_each_sample": [0.9154001130200378, 0.9210908538264702, 0.9186990477649855], "average_fidelity": 0.9183966715371643, "training_params": {"N_samples": 3, "N_training_iterations": 1000, "learning_rate": 0.02, "convergence_threshold": 1e-06, "batch_size": 16, "eval_batch_size": 16, "evaluation_time_steps": 200}}