{"fidelities_each_sample": [0.9235736868980653, 0.9259654114290446, 0.9239291340965198], "average_fidelity": 0.9244894108078766, "training_params": {"N_samples": 3, "N_training_iterations": 1000, "learning_rate": 0.02, "convergence_threshold": 1e-06, "batch_size": 16, "eval_batch_size": 16, "evaluation_time_steps": 200}}