{"fidelities_each_sample": [0.9207686942591012, 0.9221904299888457, 0.9198039632048088], "average_fidelity": 0.9209210291509186, "training_params": {"N_samples": 3, "N_training_iterations": 1000, "learning_rate": 0.02, "convergence_threshold": 1e-06, "batch_size": 16, "eval_batch_size": 16, "evaluation_time_steps": 200}}