{"fidelities_each_sample": [0.8340648868210216, 0.8342022493613916, 0.7475630289374349], "average_fidelity": 0.805276721706616, "training_params": {"N_samples": 3, "N_training_iterations": 1000, "learning_rate": 0.02, "convergence_threshold": 1e-06, "batch_size": 16, "eval_batch_size": 16, "evaluation_time_steps": 200}}