{"fidelities_each_sample": [0.8860785319172751, 0.8658008692773843, 0.8848738712237202], "average_fidelity": 0.8789177574727931, "training_params": {"N_samples": 3, "N_training_iterations": 4000, "learning_rate": 0.02, "convergence_threshold": 1e-06, "batch_size": 16, "eval_batch_size": 16, "evaluation_time_steps": 200}}