{"fidelities_each_sample": [0.9371750864606615, 0.9357990185123846, 0.937489857355133], "average_fidelity": 0.9368213207760596, "training_params": {"N_samples": 3, "N_training_iterations": 1000, "learning_rate": 0.02, "convergence_threshold": 1e-06, "batch_size": 16, "eval_batch_size": 16, "evaluation_time_steps": 200}}