{"fidelities_each_sample": [0.9271061058724875, 0.9251057895558876, 0.9267610413021371], "average_fidelity": 0.9263243122435041, "training_params": {"N_samples": 3, "N_training_iterations": 1000, "learning_rate": 0.02, "convergence_threshold": 1e-06, "batch_size": 16, "eval_batch_size": 16, "evaluation_time_steps": 200}}