{"fidelities_each_sample": [0.8344040484936106, 0.8265555715722472, 0.8343248497247492], "average_fidelity": 0.8317614899302024, "training_params": {"N_samples": 3, "N_training_iterations": 1000, "learning_rate": 0.02, "convergence_threshold": 1e-06, "batch_size": 16, "eval_batch_size": 16, "evaluation_time_steps": 200}}