{"fidelities_each_sample": [0.9209437937524823, 0.913633883752745, 0.9198547403316695], "average_fidelity": 0.9181441392789657, "training_params": {"N_samples": 3, "N_training_iterations": 1000, "learning_rate": 0.02, "convergence_threshold": 1e-06, "batch_size": 16, "eval_batch_size": 16, "evaluation_time_steps": 200}}