{"fidelities_each_sample": [0.1839477323149679, 0.21738025837791006, 0.13933790267730603], "average_fidelity": 0.180221964456728, "training_params": {"N_samples": 3, "N_training_iterations": 10000, "learning_rate": 0.01, "convergence_threshold": 1e-06, "batch_size": 8, "eval_batch_size": 8, "evaluation_time_steps": 50}}