{"fidelities_each_sample": [0.21554623334224352, 0.1912697285824113, 0.19914453156363426], "average_fidelity": 0.20198683116276306, "training_params": {"N_samples": 3, "N_training_iterations": 10000, "learning_rate": 0.01, "convergence_threshold": 1e-06, "batch_size": 8, "eval_batch_size": 8, "evaluation_time_steps": 50}}