{"fidelities_each_sample": [0.2166820746329832, 0.2762685946846196, 0.2334466871818592], "average_fidelity": 0.24213245216648735, "training_params": {"N_samples": 3, "N_training_iterations": 10000, "learning_rate": 0.01, "convergence_threshold": 1e-06, "batch_size": 8, "eval_batch_size": 8, "evaluation_time_steps": 50}}