{"fidelities_each_sample": [0.6201374115828437, 0.6101973083603631, 0.6122277987505695], "average_fidelity": 0.6141875062312587, "training_params": {"N_samples": 3, "N_training_iterations": 1000, "learning_rate": 0.01, "convergence_threshold": 1e-06, "batch_size": 8, "eval_batch_size": 16, "evaluation_time_steps": 200}}