{"fidelities_each_sample": [0.680772581847386, 0.7733138162806609, 0.739182478000052], "average_fidelity": 0.7310896253760328, "training_params": {"N_samples": 3, "N_training_iterations": 1000, "learning_rate": 0.01, "convergence_threshold": 1e-06, "batch_size": 8, "eval_batch_size": 16, "evaluation_time_steps": 200}}