{"fidelities_each_sample": [0.6606770397662693, 0.7234304196286577, 0.6546288094086962], "average_fidelity": 0.6795787562678745, "training_params": {"N_samples": 3, "N_training_iterations": 1000, "learning_rate": 0.01, "convergence_threshold": 1e-06, "batch_size": 8, "eval_batch_size": 16, "evaluation_time_steps": 200}}