{"fidelities_each_sample": [0.8793527314032239, 0.7740759487453597, 0.7833683357039868], "average_fidelity": 0.8122656719508567, "training_params": {"N_samples": 3, "N_training_iterations": 1000, "learning_rate": 0.01, "convergence_threshold": 1e-06, "batch_size": 8, "eval_batch_size": 16, "evaluation_time_steps": 200}}