{"fidelities_each_sample": [0.7456219237209243, 0.7393167637737126, 0.7696019571371548], "average_fidelity": 0.7515135482105972, "training_params": {"N_samples": 3, "N_training_iterations": 1000, "learning_rate": 0.01, "convergence_threshold": 1e-06, "batch_size": 8, "eval_batch_size": 16, "evaluation_time_steps": 200}}