{"fidelities_each_sample": [0.836367372760009, 0.7558837420784873, 0.7084534125961247], "average_fidelity": 0.7669015091448736, "training_params": {"N_samples": 3, "N_training_iterations": 1000, "learning_rate": 0.01, "convergence_threshold": 1e-06, "batch_size": 8, "eval_batch_size": 16, "evaluation_time_steps": 200}}