{"fidelities_each_sample": [0.8011632834838156, 0.7076278782746587, 0.6382417320592305], "average_fidelity": 0.7156776312725681, "training_params": {"N_samples": 3, "N_training_iterations": 1000, "learning_rate": 0.01, "convergence_threshold": 1e-06, "batch_size": 8, "eval_batch_size": 16, "evaluation_time_steps": 200}}