{"fidelities_each_sample": [0.8054773385944797, 0.8374870266395903, 0.7732186674998233], "average_fidelity": 0.805394344244631, "training_params": {"N_samples": 3, "N_training_iterations": 1000, "learning_rate": 0.01, "convergence_threshold": 1e-06, "batch_size": 8, "eval_batch_size": 16, "evaluation_time_steps": 200}}