{"fidelities_each_sample": [0.9450834987714517, 0.8871101065421739, 0.9547794886650407], "average_fidelity": 0.9289910313262221, "training_params": {"N_samples": 3, "N_training_iterations": 1000, "learning_rate": 0.02, "convergence_threshold": 1e-06, "batch_size": 16, "eval_batch_size": 16, "evaluation_time_steps": 200}}