{"fidelities_each_sample": [0.7938658661904604, 0.795566306445363, 0.7939324112818327, 0.7947576369845714, 0.7941663439657972], "average_fidelity": 0.794457712973605, "training_params": {"N_samples": 5, "N_training_iterations": 1000, "learning_rate": 0.01, "convergence_threshold": 1e-06, "batch_size": 16, "eval_batch_size": 16, "evaluation_time_steps": 500}}