{"fidelities_each_sample": [0.8782662940499553, 0.8798095954218706, 0.8770641603666515, 0.8775514546048591, 0.87769429820803], "average_fidelity": 0.8780771605302733, "training_params": {"N_samples": 5, "N_training_iterations": 1000, "learning_rate": 0.01, "convergence_threshold": 1e-06, "batch_size": 16, "eval_batch_size": 16, "evaluation_time_steps": 500}}