{"fidelities_each_sample": [0.8704830919338875, 0.870208610007057, 0.8674515806485388, 0.866653331927574, 0.8685745689359077], "average_fidelity": 0.8686742366905931, "training_params": {"N_samples": 5, "N_training_iterations": 1000, "learning_rate": 0.01, "convergence_threshold": 1e-06, "batch_size": 16, "eval_batch_size": 16, "evaluation_time_steps": 500}}