{"fidelities_each_sample": [0.8032641265355362, 0.8032498186802465, 0.8032661906250577, 0.8032661800748402, 0.8032662924592688], "average_fidelity": 0.80326252167499, "training_params": {"N_samples": 5, "N_training_iterations": 1000, "learning_rate": 0.01, "convergence_threshold": 1e-06, "batch_size": 16, "eval_batch_size": 16, "evaluation_time_steps": 500}}