{"fidelities_each_sample": [0.9311390602779233, 0.9168011917781349, 0.9542900106000716, 0.9471055748822882], "average_fidelity": 0.9373339593846044, "training_params": {"N_samples": 5, "N_training_iterations": 1000, "learning_rate": 0.01, "convergence_threshold": 1e-06, "batch_size": 16, "eval_batch_size": 16, "evaluation_time_steps": 500}}