{"fidelities_each_sample": [0.915758762484515, 0.9152584049846715, 0.958458205096381, 0.7984711045454744], "average_fidelity": 0.8969866192777605, "training_params": {"N_samples": 5, "N_training_iterations": 1000, "learning_rate": 0.01, "convergence_threshold": 1e-06, "batch_size": 16, "eval_batch_size": 16, "evaluation_time_steps": 500}}