{"fidelities_each_sample": [0.8410163572536173, 0.8693737501368977, 0.8521999652950886, 0.9508963237103155, 0.8680578421325799], "average_fidelity": 0.8763088477056998, "training_params": {"N_samples": 5, "N_training_iterations": 1000, "learning_rate": 0.01, "convergence_threshold": 1e-06, "batch_size": 16, "eval_batch_size": 16, "evaluation_time_steps": 500}}