{"fidelities_each_sample": [0.9717216605103207, 0.95463996042515, 0.9557773209054456], "average_fidelity": 0.9607129806136387, "training_params": {"N_samples": 5, "N_training_iterations": 1000, "learning_rate": 0.01, "convergence_threshold": 1e-06, "batch_size": 16, "eval_batch_size": 16, "evaluation_time_steps": 500}}