{"fidelities_each_sample": [0.9383976997920552, 0.9311575057679935, 0.87856453844086], "average_fidelity": 0.9160399146669695, "training_params": {"N_samples": 5, "N_training_iterations": 1000, "learning_rate": 0.01, "convergence_threshold": 1e-06, "batch_size": 16, "eval_batch_size": 16, "evaluation_time_steps": 500}}