{"fidelities_each_sample": [0.9184742413520833, 0.9351135920915534, 0.9499400810514325, 0.9930021071921418, 0.9206156594925147], "average_fidelity": 0.9434291362359452, "training_params": {"N_samples": 5, "N_training_iterations": 1000, "learning_rate": 0.01, "convergence_threshold": 1e-06, "batch_size": 16, "eval_batch_size": 16, "evaluation_time_steps": 500}}