{"fidelities_each_sample": [0.9416497333294658, 0.9084179751145408, 0.9374566789956634], "average_fidelity": 0.9291747958132233, "training_params": {"N_samples": 5, "N_training_iterations": 1000, "learning_rate": 0.01, "convergence_threshold": 1e-06, "batch_size": 16, "eval_batch_size": 16, "evaluation_time_steps": 500}}