{"fidelities_each_sample": [0.9728342037899179, 0.9377228018696544, 0.9671536333284784, 0.960211602004689], "average_fidelity": 0.9594805602481848, "training_params": {"N_samples": 5, "N_training_iterations": 1000, "learning_rate": 0.01, "convergence_threshold": 1e-06, "batch_size": 16, "eval_batch_size": 16, "evaluation_time_steps": 500}}