{"fidelities_each_sample": [0.9145427496843234, 0.8785706699423148, 0.850737602652916, 0.9528564386950588, 0.9027262432363881], "average_fidelity": 0.8998867408422003, "training_params": {"N_samples": 5, "N_training_iterations": 1000, "learning_rate": 0.01, "convergence_threshold": 1e-06, "batch_size": 16, "eval_batch_size": 16, "evaluation_time_steps": 500}}