{"fidelities_each_sample": [0.9656555462074958, 0.9468963508594332, 0.9349332488711872, 0.9308892371550713], "average_fidelity": 0.9445935957732969, "training_params": {"N_samples": 5, "N_training_iterations": 1000, "learning_rate": 0.01, "convergence_threshold": 1e-06, "batch_size": 16, "eval_batch_size": 16, "evaluation_time_steps": 500}}