{"fidelities_each_sample": [0.9180134926172093, 0.9207697325141015, 0.9249905098180446, 0.905201441359145, 0.9523816833839748], "average_fidelity": 0.9242713719384951, "training_params": {"N_samples": 5, "N_training_iterations": 1000, "learning_rate": 0.01, "convergence_threshold": 1e-06, "batch_size": 16, "eval_batch_size": 16, "evaluation_time_steps": 500}}