{"fidelities_each_sample": [0.967537528559589, 0.9615257880855371, 0.9612886730531952, 0.0, 0.9416081549165726], "average_fidelity": 0.7663920289229789, "training_params": {"N_samples": 5, "N_training_iterations": 1000, "learning_rate": 0.01, "convergence_threshold": 1e-06, "batch_size": 16, "eval_batch_size": 16, "evaluation_time_steps": 500}}