{"fidelities_each_sample": [0.40572384920566124, 0.295217285202051, 0.3955847910417106, 0.3926260656991329, 0.4053416278963974, 0.3851938899959425, 0.42809220615141214, 0.3140726272756663, 0.3578143825940825, 0.4062883259516237], "average_fidelity": 0.37859550510136797, "training_params": {"N_samples": 10, "N_training_iterations": 1000, "learning_rate": 0.01, "convergence_threshold": 1e-06, "batch_size": 8, "eval_batch_size": 16, "evaluation_time_steps": 50}}