{"fidelities_each_sample": [0.4144835161207341, 0.4583509446744269, 0.4519170107214885, 0.3891038759058526, 0.40461669862361077, 0.42599006106123355, 0.4128235966865424, 0.3815293040442175, 0.4235388698926542, 0.397552972751168], "average_fidelity": 0.41599068504819287, "training_params": {"N_samples": 10, "N_training_iterations": 1000, "learning_rate": 0.01, "convergence_threshold": 1e-06, "batch_size": 8, "eval_batch_size": 16, "evaluation_time_steps": 50}}