{"fidelities_each_sample": [0.4229583875851415, 0.41999163791630084, 0.38973242609584124, 0.37652690742144224, 0.3965763088614747, 0.42268012495102586, 0.4129747849652096, 0.3916354058185485, 0.45996459772066095, 0.40737909343933554], "average_fidelity": 0.4100419674774981, "training_params": {"N_samples": 10, "N_training_iterations": 1000, "learning_rate": 0.01, "convergence_threshold": 1e-06, "batch_size": 8, "eval_batch_size": 16, "evaluation_time_steps": 50}}