{"fidelities_each_sample": [0.4270235054182336, 0.46472748573646505, 0.4079446961465061, 0.37937300235518007, 0.44161411639452297, 0.44385180213207204, 0.38242762213532283, 0.37728318417789347, 0.44195454816627394, 0.3874955499981015], "average_fidelity": 0.4153695512660572, "training_params": {"N_samples": 10, "N_training_iterations": 1000, "learning_rate": 0.01, "convergence_threshold": 1e-06, "batch_size": 8, "eval_batch_size": 16, "evaluation_time_steps": 50}}