{"fidelities_each_sample": [0.3768007921553209, 0.3396995733730216, 0.34424088135164743, 0.3594861848545914, 0.3113641740592572, 0.3924782304675008, 0.39339909250567623, 0.41978433367357204, 0.3861195089754161, 0.39489287311845517], "average_fidelity": 0.37182656445344586, "training_params": {"N_samples": 10, "N_training_iterations": 10000, "learning_rate": 0.001, "convergence_threshold": 1e-06, "batch_size": 8, "eval_batch_size": 16, "evaluation_time_steps": 100}}