{"fidelities_each_sample": [0.381747638509183, 0.38590779560579086, 0.3474028503836556, 0.36253215859111887, 0.30626461971066427, 0.3894906606028788, 0.42943881382037186, 0.3960100800293205, 0.4055547204643927, 0.37702851011691685], "average_fidelity": 0.3781377847834293, "training_params": {"N_samples": 10, "N_training_iterations": 10000, "learning_rate": 0.001, "convergence_threshold": 1e-06, "batch_size": 8, "eval_batch_size": 16, "evaluation_time_steps": 100}}