{"fidelities_each_sample": [0.4263424064917027, 0.43911086092403934, 0.45694493967111516, 0.45964079272540836, 0.4134815719042545, 0.40133853059098773, 0.429181741058942, 0.3949602838888767, 0.4450846252427575, 0.519146430207195], "average_fidelity": 0.43852321827052787, "training_params": {"N_samples": 10, "N_training_iterations": 10000, "learning_rate": 0.001, "convergence_threshold": 1e-06, "batch_size": 8, "eval_batch_size": 16, "evaluation_time_steps": 100}}