{"fidelities_each_sample": [0.432930119907526, 0.43708362266879125, 0.4100371275143245, 0.46061328072326774, 0.4195348864142214, 0.39797595518494766, 0.4069946005760146, 0.4126620810511607, 0.43352422483318687, 0.5395688434516399], "average_fidelity": 0.4350924742325081, "training_params": {"N_samples": 10, "N_training_iterations": 10000, "learning_rate": 0.001, "convergence_threshold": 1e-06, "batch_size": 8, "eval_batch_size": 16, "evaluation_time_steps": 100}}