{"fidelities_each_sample": [0.355139843231792, 0.44022212950907386, 0.38611683372200806, 0.4563915413514026, 0.3753119644060289, 0.4416186637346064, 0.4219428566639631, 0.38875182960784666, 0.42545059716613304, 0.5251947597606764], "average_fidelity": 0.4216141019153531, "training_params": {"N_samples": 10, "N_training_iterations": 10000, "learning_rate": 0.001, "convergence_threshold": 1e-06, "batch_size": 8, "eval_batch_size": 16, "evaluation_time_steps": 100}}