{"fidelities_each_sample": [0.4362203776613654, 0.4390987017683525, 0.4054834780918953, 0.4030359660696406, 0.39676943427558947, 0.3869566251427074, 0.41668163871782654, 0.39849597013296006, 0.4087909499465561, 0.49623133337819025], "average_fidelity": 0.4187764475185084, "training_params": {"N_samples": 10, "N_training_iterations": 10000, "learning_rate": 0.001, "convergence_threshold": 1e-06, "batch_size": 8, "eval_batch_size": 16, "evaluation_time_steps": 100}}