{"fidelities_each_sample": [0.434174770071117, 0.43868512736952076, 0.40488049928392755, 0.4608082678772144, 0.4164425874962445, 0.44474934416185086, 0.39841478705242056, 0.41040505108425535, 0.4076357850203457, 0.5488320723196273], "average_fidelity": 0.43650282917365235, "training_params": {"N_samples": 10, "N_training_iterations": 10000, "learning_rate": 0.001, "convergence_threshold": 1e-06, "batch_size": 8, "eval_batch_size": 16, "evaluation_time_steps": 100}}