{"fidelities_each_sample": [0.4293721962489595, 0.43505150584894076, 0.4465066800012876, 0.4584105005123631, 0.41615763818131557, 0.45206078025970176, 0.4087052820532983, 0.39126144221920545, 0.45466760896744257, 0.4960522957998227], "average_fidelity": 0.4388245930092337, "training_params": {"N_samples": 10, "N_training_iterations": 10000, "learning_rate": 0.001, "convergence_threshold": 1e-06, "batch_size": 8, "eval_batch_size": 16, "evaluation_time_steps": 100}}