{"fidelities_each_sample": [0.5155599944744086, 0.3451339434154941, 0.5934272554081933], "average_fidelity": 0.4847070644326987, "training_params": {"N_samples": 3, "N_training_iterations": 10000, "learning_rate": 0.01, "convergence_threshold": 1e-06, "batch_size": 16, "eval_batch_size": 16, "evaluation_time_steps": 50}}