{"fidelities_each_sample": [0.179714844679211, 0.16953194687972656, 0.17115578240538032], "average_fidelity": 0.17346752465477264, "training_params": {"N_samples": 3, "N_training_iterations": 10000, "learning_rate": 0.01, "convergence_threshold": 1e-06, "batch_size": 8, "eval_batch_size": 8, "evaluation_time_steps": 50}}