{"fidelities_each_sample": [0.18019427494187065, 0.1636769577400379, 0.17394868593327234], "average_fidelity": 0.1726066395383936, "training_params": {"N_samples": 3, "N_training_iterations": 10000, "learning_rate": 0.01, "convergence_threshold": 1e-06, "batch_size": 8, "eval_batch_size": 8, "evaluation_time_steps": 50}}