{"fidelities_each_sample": [0.2037448446567071, 0.1864500777628117, 0.1832325661359302], "average_fidelity": 0.19114249618514967, "training_params": {"N_samples": 3, "N_training_iterations": 10000, "learning_rate": 0.01, "convergence_threshold": 1e-06, "batch_size": 8, "eval_batch_size": 8, "evaluation_time_steps": 50}}