{"fidelities_each_sample": [0.921400556597255, 0.921406516577499, 0.917574039602566], "average_fidelity": 0.9201270375924399, "training_params": {"N_samples": 3, "N_training_iterations": 4000, "learning_rate": 0.01, "convergence_threshold": 1e-06, "batch_size": 8, "eval_batch_size": 16, "evaluation_time_steps": 200}}