{"fidelities_each_sample": [0.9585038734923704, 0.9589374855795404, 0.9516680599403743], "average_fidelity": 0.9563698063374284, "training_params": {"N_samples": 3, "N_training_iterations": 4000, "learning_rate": 0.01, "convergence_threshold": 1e-06, "batch_size": 8, "eval_batch_size": 16, "evaluation_time_steps": 200}}