{"fidelities_each_sample": [0.8860383307268828, 0.886794739999557, 0.8861038862853652], "average_fidelity": 0.8863123190039348, "training_params": {"N_samples": 3, "N_training_iterations": 4000, "learning_rate": 0.01, "convergence_threshold": 1e-06, "batch_size": 8, "eval_batch_size": 16, "evaluation_time_steps": 200}}