{"fidelities_each_sample": [0.9562498024355397, 0.9562757235770906, 0.9562743606476549], "average_fidelity": 0.9562666288867617, "training_params": {"N_samples": 3, "N_training_iterations": 4000, "learning_rate": 0.01, "convergence_threshold": 1e-06, "batch_size": 8, "eval_batch_size": 16, "evaluation_time_steps": 200}}