{"fidelities_each_sample": [0.9563180381837615, 0.9508812447854542, 0.9482922212747857], "average_fidelity": 0.9518305014146671, "training_params": {"N_samples": 3, "N_training_iterations": 4000, "learning_rate": 0.01, "convergence_threshold": 1e-06, "batch_size": 8, "eval_batch_size": 16, "evaluation_time_steps": 200}}