{"fidelities_each_sample": [0.953944182360774, 0.9324810714004851, 0.9268773060143997], "average_fidelity": 0.9377675199252196, "training_params": {"N_samples": 3, "N_training_iterations": 4000, "learning_rate": 0.01, "convergence_threshold": 1e-06, "batch_size": 8, "eval_batch_size": 16, "evaluation_time_steps": 200}}