{"fidelities_each_sample": [0.9450228352795471, 0.9291597888539078, 0.9566100124795412], "average_fidelity": 0.9435975455376654, "training_params": {"N_samples": 3, "N_training_iterations": 4000, "learning_rate": 0.01, "convergence_threshold": 1e-06, "batch_size": 8, "eval_batch_size": 16, "evaluation_time_steps": 200}}