{"fidelities_each_sample": [0.9117560980695865, 0.9569158150879129, 0.9420101856275669], "average_fidelity": 0.9368940329283554, "training_params": {"N_samples": 3, "N_training_iterations": 4000, "learning_rate": 0.01, "convergence_threshold": 1e-06, "batch_size": 8, "eval_batch_size": 16, "evaluation_time_steps": 200}}