{"fidelities_each_sample": [0.8270563622335361, 0.8357182187773916, 0.8907657887132361], "average_fidelity": 0.8511801232413878, "training_params": {"N_samples": 3, "N_training_iterations": 4000, "learning_rate": 0.01, "convergence_threshold": 1e-06, "batch_size": 8, "eval_batch_size": 16, "evaluation_time_steps": 200}}