{"fidelities_each_sample": [0.9374000261131928, 0.9815169335010638, 0.9819959560114462], "average_fidelity": 0.9669709718752344, "training_params": {"N_samples": 3, "N_training_iterations": 4000, "learning_rate": 0.01, "convergence_threshold": 1e-06, "batch_size": 8, "eval_batch_size": 16, "evaluation_time_steps": 200}}