{"fidelities_each_sample": [0.992231971608154, 0.998703785557782, 0.9667160590564892], "average_fidelity": 0.9858839387408083, "training_params": {"N_samples": 3, "N_training_iterations": 4000, "learning_rate": 0.01, "convergence_threshold": 1e-06, "batch_size": 8, "eval_batch_size": 16, "evaluation_time_steps": 200}}