{"fidelities_each_sample": [0.9343034337679983, 0.9281271845980636, 0.9546540506381501], "average_fidelity": 0.939028223001404, "training_params": {"N_samples": 3, "N_training_iterations": 4000, "learning_rate": 0.01, "convergence_threshold": 1e-06, "batch_size": 8, "eval_batch_size": 16, "evaluation_time_steps": 200}}