{"fidelities_each_sample": [0.9951546807862846, 0.9528188840495366, 0.9595897265275988], "average_fidelity": 0.9691877637878067, "training_params": {"N_samples": 3, "N_training_iterations": 4000, "learning_rate": 0.01, "convergence_threshold": 1e-06, "batch_size": 8, "eval_batch_size": 16, "evaluation_time_steps": 200}}