{"fidelities_each_sample": [0.8853004897624649, 0.8626167574644915, 0.8848010378191824], "average_fidelity": 0.8775727616820462, "training_params": {"N_samples": 3, "N_training_iterations": 4000, "learning_rate": 0.01, "convergence_threshold": 1e-06, "batch_size": 8, "eval_batch_size": 16, "evaluation_time_steps": 200}}