{"fidelities_each_sample": [0.9148980165566766, 0.9787216875475729, 0.9263217639531183], "average_fidelity": 0.9399804893524559, "training_params": {"N_samples": 3, "N_training_iterations": 4000, "learning_rate": 0.01, "convergence_threshold": 1e-06, "batch_size": 8, "eval_batch_size": 16, "evaluation_time_steps": 200}}