{"fidelities_each_sample": [0.9169859170553328, 0.9757017678695837, 0.955373478472136], "average_fidelity": 0.9493537211323508, "training_params": {"N_samples": 3, "N_training_iterations": 4000, "learning_rate": 0.01, "convergence_threshold": 1e-06, "batch_size": 8, "eval_batch_size": 16, "evaluation_time_steps": 200}}