{"fidelities_each_sample": [0.9578943644901791, 0.9433787915555552, 0.9259678099527007], "average_fidelity": 0.9424136553328115, "training_params": {"N_samples": 3, "N_training_iterations": 4000, "learning_rate": 0.01, "convergence_threshold": 1e-06, "batch_size": 8, "eval_batch_size": 16, "evaluation_time_steps": 200}}