{"fidelities_each_sample": [0.9450560235064981, 0.9988276116476364, 0.9586482146673165], "average_fidelity": 0.9675106166071503, "training_params": {"N_samples": 3, "N_training_iterations": 4000, "learning_rate": 0.01, "convergence_threshold": 1e-06, "batch_size": 8, "eval_batch_size": 16, "evaluation_time_steps": 200}}