{"fidelities_each_sample": [0.8762693690062655, 0.8705480117934989, 0.8708651306015921], "average_fidelity": 0.8725608371337855, "training_params": {"N_samples": 3, "N_training_iterations": 1000, "learning_rate": 0.01, "convergence_threshold": 1e-06, "batch_size": 16, "eval_batch_size": 16, "evaluation_time_steps": 200}}