{"fidelities_each_sample": [0.9331301217280192, 0.9346565098506731, 0.9309754151551988], "average_fidelity": 0.9329206822446303, "training_params": {"N_samples": 3, "N_training_iterations": 1000, "learning_rate": 0.01, "convergence_threshold": 1e-06, "batch_size": 16, "eval_batch_size": 16, "evaluation_time_steps": 200}}