{"fidelities_each_sample": [0.2627843735950003, 0.3904880218816086, 0.3145120110700997, 0.332654561703388, 0.3283227584212337, 0.3271997423130894, 0.30519817107505814, 0.2683970233255447, 0.3861911010534472, 0.38572026675079246], "average_fidelity": 0.3301468031189262, "training_params": {"N_samples": 10, "N_training_iterations": 4000, "learning_rate": 0.01, "convergence_threshold": 1e-06, "batch_size": 8, "eval_batch_size": 16, "evaluation_time_steps": 100}}