{"fidelities_each_sample": [0.27101966772832936, 0.39581610474125917, 0.24824882943017879, 0.3727460729671297, 0.28286821278932733, 0.3330001904010584, 0.23916777669688002, 0.30679709157510043, 0.40213401391513903, 0.3903936773738045], "average_fidelity": 0.3242191637618207, "training_params": {"N_samples": 10, "N_training_iterations": 4000, "learning_rate": 0.01, "convergence_threshold": 1e-06, "batch_size": 8, "eval_batch_size": 16, "evaluation_time_steps": 100}}