{"iterations": 4000, "returned_params": [[[[]], [[]], [[]], [[]], [[1.2070426432009767, 1.4615194110958067, 1.0403358250199122, 5.091729871223006, 3.8802240579267155, 5.791980971310898, 0.8604523000676996, 1.2328525993012185, 2.3618403987719883, 2.3931487759591055, 4.911505303192618, 2.7245341321580363, 3.1049820865277624, 3.1675915540981006, 6.255377286402828, 0.03768257787183986]], [[0.004911387689098355, 0.003588683417380276, 0.04007000424975315, 0.6613762868838469, 0.17571618632678088, 0.5773894831725432, 0.009151456785052784, -0.0003535854341071056, -0.00508256737029937, 0.11138101331366923, 0.3493287359123922, 0.8786485161303825, 0.8909518337331561, 0.23827875937786783, 0.24505032286117734, 0.7861406617861197]]], [[[]], [[]], [[]], [[]], [[0.7017048680358992, 1.7477100789097193, -1.845754580929347, 5.091729871223006, 3.8802240579267155, 5.791980971310898, -0.3150247908916567, -1.2254119679914275, 4.737633095229068, 2.3931487759591055, 4.911505303192618, 2.7245341321580363, 3.1951538472337004, 3.1886838951425065, 6.343524841353463, 1.5707963267948866]], [[1.5687747070036793, 1.5677872527001881, 3.2101380692422934, 0.6613762868838469, 0.17571618632678088, 0.5773894831725432, -0.0010079458315762583, -0.005322817584031205, 0.013741277124521768, 0.11138101331366923, 0.3493287359123922, 0.8786485161303825, -0.8145081380196244, 0.844002312714391, 0.8240281450648501, 0.786140661056755]]]], "final_fidelity": 0.9973360770104701, "final_purity": -1, "optimized_trainable_parameters": {"initial_params": [[], [], [], [], [1.2070426432009767, 1.4615194110958067, 1.0403358250199122, 5.091729871223006, 3.8802240579267155, 5.791980971310898, 0.8604523000676996, 1.2328525993012185, 2.3618403987719883, 2.3931487759591055, 4.911505303192618, 2.7245341321580363, 3.1049820865277624, 3.1675915540981006, 6.255377286402828, 0.03768257787183986], [0.07829857808883056, 0.75369237525892, 0.62924452480418, 0.6613762868838469, 0.17571618632678088, 0.5773894831725432, 0.2069254702437746, 0.6533993243576406, 0.9708412172036218, 0.11138101331366923, 0.3493287359123922, 0.8786485161303825, 0.4482114366961081, 0.3978312716857195, 0.9004842453785311, 0.7861406617137139]], "lookup_table": [[[1.1286077213418941, 2.3346598542740495, 0.9626073879374488, 5.091729871223006, 3.8802240579267155, 5.791980971310898, 0.9694266609850001, 0.3762631420552329, 3.243171421104467, 2.3931487759591055, 4.911505303192618, 2.7245341321580363, 3.0377287669508064, 3.1492353604939782, 6.032892386353956, 1.5713717236924443, 0.011483343659522208, 0.15018423705464246, 0.3941720532417488, 0.6613762868838469, 0.17571618632678088, 0.5773894831725432, -0.03266890372375075, -0.10573876702890662, 0.814794287903918, 0.11138101331366923, 0.3493287359123922, 0.8786485161303825, 0.5151715121690538, 0.8084273798672703, 0.8987890273085593, 0.786140661687532], [0.7017048680358992, 1.7477100789097193, -1.845754580929347, 5.091729871223006, 3.8802240579267155, 5.791980971310898, -0.3150247908916567, -1.2254119679914275, 4.737633095229068, 2.3931487759591055, 4.911505303192618, 2.7245341321580363, 3.1951538472337004, 3.1886838951425065, 6.343524841353463, 1.5707963267948866, 0.004911387689098355, 0.003588683417380276, 0.04007000424975315, 0.6613762868838469, 0.17571618632678088, 0.5773894831725432, 0.009151456785052784, -0.0003535854341071056, -0.00508256737029937, 0.11138101331366923, 0.3493287359123922, 0.8786485161303825, 0.8909518337331561, 0.23827875937786783, 0.24505032286117734, 0.7861406617861197], [0.0, 0.0, 0.0, 0.0, 0.0, 0.0, 0.0, 0.0, 0.0, 0.0, 0.0, 0.0, 0.0, 0.0, 0.0, 0.0, 0.0, 0.0, 0.0, 0.0, 0.0, 0.0, 0.0, 0.0, 0.0, 0.0, 0.0, 0.0, 0.0, 0.0, 0.0, 0.0], [0.0, 0.0, 0.0, 0.0, 0.0, 0.0, 0.0, 0.0, 0.0, 0.0, 0.0, 0.0, 0.0, 0.0, 0.0, 0.0, 0.0, 0.0, 0.0, 0.0, 0.0, 0.0, 0.0, 0.0, 0.0, 0.0, 0.0, 0.0, 0.0, 0.0, 0.0, 0.0]], [[1.0198960209758234, 2.2682974164214884, 0.9401465987539189, 5.091729871223006, 3.8802240579267155, 5.791980971310898, 0.8685105036580777, 0.758178125688167, 3.1877147694074504, 2.3931487759591055, 4.911505303192618, 2.7245341321580363, 2.853555144670028, 3.7241084838024316, 5.364135028591993, 1.4852355995299327, -0.8025005517423924, 0.7721776340754488, 0.21302592470424375, 0.6613762868838469, 0.17571618632678088, 0.5773894831725432, 0.22662653235334107, 1.006141938520453, -0.2437098403720528, 0.11138101331366923, 0.3493287359123922, 0.8786485161303825, 0.6172040959354647, -0.3816572505210666, 0.6683901916938597, 0.7861406616484012], [1.0198960209758234, 2.2682974164214884, 0.9401465987539189, 5.091729871223006, 3.8802240579267155, 5.791980971310898, 0.8685105036580777, 0.758178125688167, 3.1877147694074504, 2.3931487759591055, 4.911505303192618, 2.7245341321580363, 2.853555144670028, 3.7241084838024316, 5.364135028591993, 1.4852355995299327, 1.4515016411601653, 1.4097270550158727, 1.71613252633009, 0.6613762868838469, 0.17571618632678088, 0.5773894831725432, 0.29945498042575913, 0.7785723188890209, 1.6528485983280783, 0.11138101331366923, 0.3493287359123922, 0.8786485161303825, 0.45692707093221263, 0.027130006468224006, 0.4291598695000848, 0.7861406615826749], [1.0198960209758234, 2.2682974164214884, 0.9401465987539189, 5.091729871223006, 3.8802240579267155, 5.791980971310898, 0.8685105036580777, 0.758178125688167, 3.1877147694074504, 2.3931487759591055, 4.911505303192618, 2.7245341321580363, 2.853555144670028, 3.7241084838024316, 5.364135028591993, 1.4852355995299327, -1.570973834813647, 0.2677870415265859, 1.0035515877877557, 0.6613762868838469, 0.17571618632678088, 0.5773894831725432, -0.41472086304178113, 0.8809827756939135, 0.6865635866583832, 0.11138101331366923, 0.3493287359123922, 0.8786485161303825, 1.5413904011301607, -0.6436509061674158, 0.6740414863081804, 0.7861406617543679], [1.0198960209758234, 2.2682974164214884, 0.9401465987539189, 5.091729871223006, 3.8802240579267155, 5.791980971310898, 0.8685105036580777, 0.758178125688167, 3.1877147694074504, 2.3931487759591055, 4.911505303192618, 2.7245341321580363, 2.853555144670028, 3.7241084838024316, 5.364135028591993, 1.4852355995299327, 1.5687747070036793, 1.5677872527001881, 3.2101380692422934, 0.6613762868838469, 0.17571618632678088, 0.5773894831725432, -0.0010079458315762583, -0.005322817584031205, 0.013741277124521768, 0.11138101331366923, 0.3493287359123922, 0.8786485161303825, -0.8145081380196244, 0.844002312714391, 0.8240281450648501, 0.786140661056755]]]}}