{"fidelities_each_sample": [0.2545910860030092, 0.38874577132807775, 0.2686206467172325, 0.34032501581801333, 0.27780567386630234, 0.3188441611117427, 0.29637613554748976, 0.3074485088682485, 0.43399763062993896, 0.36652673183097095], "average_fidelity": 0.3253281361721026, "training_params": {"N_samples": 10, "N_training_iterations": 4000, "learning_rate": 0.01, "convergence_threshold": 1e-06, "batch_size": 8, "eval_batch_size": 16, "evaluation_time_steps": 100}}