{"fidelities_each_sample": [0.2549252541887947, 0.38609156057141497, 0.3082700919089454, 0.3332414420557273, 0.34387736365973093, 0.3307316786007893, 0.34656932000099566, 0.2675989003730223, 0.388545710758338, 0.38351814993262334], "average_fidelity": 0.3343369472050382, "training_params": {"N_samples": 10, "N_training_iterations": 4000, "learning_rate": 0.01, "convergence_threshold": 1e-06, "batch_size": 8, "eval_batch_size": 16, "evaluation_time_steps": 100}}