{"iterations": 4000, "returned_params": [[[[]], [[]], [[]], [[]], [[4.48003746322347, 3.312082065495382, 1.600804288788169, 0.5282731776255372, 4.188329780587534, 5.943598571023818, 3.6517527916440518, 1.3089915313050042, 4.689468621746754, 1.4568735348880524, 0.14305404372782343, 1.553603425195241, 6.37673270817914, 6.259557695842096, 6.285194269118883, 1.5707965541535835]], [[0.00014596753456561862, 0.007653531916728064, 0.9124203434365923, 0.3442831087060272, 0.1798085856277949, 0.5937222710409478, 0.016445391804217505, 5.017132750903774e-05, 1.2188598748488442, 0.38095476215895285, 0.8719235294154941, 0.037596389410944786, -0.06951035869006966, 0.3361567095250602, 0.3201644534719696, 0.06977553508322437]]], [[[]], [[]], [[]], [[]], [[5.228285825677914, 3.4973175534194954, 0.9111209591439022, 0.5282731776255372, 4.188329780587534, 5.943598571023818, 2.9275707563113267, 1.6844437995500903, 2.9869508184525597, 1.4568735348880524, 0.14305404372782343, 1.553603425195241, 6.300551826134934, 6.268033009129271, 6.246780236985733, 1.5707963267948966]], [[1.5745080780016751, 1.5723627492526655, 1.6716643068706902, 0.3442831087060272, 0.1798085856277949, 0.5937222710409478, 0.0020239623204932615, -0.03262419286209235, -0.029692359066900046, 0.38095476215895285, 0.8719235294154941, 0.037596389410944786, -0.06750397948574817, 0.05483811845333161, 0.061323695305081354, 0.06977553487134001]]]], "final_fidelity": 0.9984144400597782, "final_purity": -1, "optimized_trainable_parameters": {"initial_params": [[], [], [], [], [4.48003746322347, 3.312082065495382, 1.600804288788169, 0.5282731776255372, 4.188329780587534, 5.943598571023818, 3.6517527916440518, 1.3089915313050042, 4.689468621746754, 1.4568735348880524, 0.14305404372782343, 1.553603425195241, 6.37673270817914, 6.259557695842096, 6.285194269118883, 1.5707965541535835], [0.7629686968030167, 0.5157779310907755, 0.7615436436554233, 0.3442831087060272, 0.1798085856277949, 0.5937222710409478, 0.8030427624105341, 0.2090485622535314, 0.9636188991405543, 0.38095476215895285, 0.8719235294154941, 0.037596389410944786, 0.5967162494642011, 0.520225493689553, 0.1669604703213785, 0.0697755349439706]], "lookup_table": [[[4.745196431176643, 3.3335181017471034, 0.3213933583643639, 0.5282731776255372, 4.188329780587534, 5.943598571023818, 3.317111184201863, 0.4934057412081547, 5.098445741387992, 1.4568735348880524, 0.14305404372782343, 1.553603425195241, 6.406045358476347, 6.395257280887604, 6.344501610320089, 1.5725650444670025, 2.0367314362185382, -0.27040733943562995, 1.3214908770667184, 0.3442831087060272, 0.1798085856277949, 0.5937222710409478, 2.034935168140514, -0.9498916012723657, 1.5339860415320685, 0.38095476215895285, 0.8719235294154941, 0.037596389410944786, -0.9709195566248581, -0.026109795311064898, -0.9006986199071213, 0.0697755343173519], [5.228285825677914, 3.4973175534194954, 0.9111209591439022, 0.5282731776255372, 4.188329780587534, 5.943598571023818, 2.9275707563113267, 1.6844437995500903, 2.9869508184525597, 1.4568735348880524, 0.14305404372782343, 1.553603425195241, 6.300551826134934, 6.268033009129271, 6.246780236985733, 1.5707963267948966, 0.00014596753456561862, 0.007653531916728064, 0.9124203434365923, 0.3442831087060272, 0.1798085856277949, 0.5937222710409478, 0.016445391804217505, 5.017132750903774e-05, 1.2188598748488442, 0.38095476215895285, 0.8719235294154941, 0.037596389410944786, -0.06951035869006966, 0.3361567095250602, 0.3201644534719696, 0.06977553508322437], [0.0, 0.0, 0.0, 0.0, 0.0, 0.0, 0.0, 0.0, 0.0, 0.0, 0.0, 0.0, 0.0, 0.0, 0.0, 0.0, 0.0, 0.0, 0.0, 0.0, 0.0, 0.0, 0.0, 0.0, 0.0, 0.0, 0.0, 0.0, 0.0, 0.0, 0.0, 0.0], [0.0, 0.0, 0.0, 0.0, 0.0, 0.0, 0.0, 0.0, 0.0, 0.0, 0.0, 0.0, 0.0, 0.0, 0.0, 0.0, 0.0, 0.0, 0.0, 0.0, 0.0, 0.0, 0.0, 0.0, 0.0, 0.0, 0.0, 0.0, 0.0, 0.0, 0.0, 0.0]], [[5.420074838221519, 3.9585690369259483, 1.1534069081167173, 0.5282731776255372, 4.188329780587534, 5.943598571023818, 3.2431773459252162, 1.354308038168296, 6.036418448520814, 1.4568735348880524, 0.14305404372782343, 1.553603425195241, 5.830698916771263, 5.689582463235355, 5.624370814744301, 2.0117805069215464, 0.685474038547549, 0.9291262837155613, -0.009451084320187894, 0.3442831087060272, 0.1798085856277949, 0.5937222710409478, 0.5720051282353058, -0.26849499307722213, 1.1212207602651518, 0.38095476215895285, 0.8719235294154941, 0.037596389410944786, -0.09440565216632324, 0.33757200831469925, -0.7408011556568632, 0.06977553497006564], [5.420074838221519, 3.9585690369259483, 1.1534069081167173, 0.5282731776255372, 4.188329780587534, 5.943598571023818, 3.2431773459252162, 1.354308038168296, 6.036418448520814, 1.4568735348880524, 0.14305404372782343, 1.553603425195241, 5.830698916771263, 5.689582463235355, 5.624370814744301, 2.0117805069215464, 0.3508941017549845, -0.2004063076456158, 1.019081606895882, 0.3442831087060272, 0.1798085856277949, 0.5937222710409478, 0.32415396011071773, -0.45430404084215215, 1.1592621101958478, 0.38095476215895285, 0.8719235294154941, 0.037596389410944786, 3.229575449217573, 0.8450632018290936, 0.49828666037388575, 0.06977553461367353], [5.420074838221519, 3.9585690369259483, 1.1534069081167173, 0.5282731776255372, 4.188329780587534, 5.943598571023818, 3.2431773459252162, 1.354308038168296, 6.036418448520814, 1.4568735348880524, 0.14305404372782343, 1.553603425195241, 5.830698916771263, 5.689582463235355, 5.624370814744301, 2.0117805069215464, 1.3944552633875211, 0.7025462068107939, 0.711097778355081, 0.3442831087060272, 0.1798085856277949, 0.5937222710409478, -0.24343841404894703, -0.013881977950357177, 1.3267702618514283, 0.38095476215895285, 0.8719235294154941, 0.037596389410944786, -0.028201750189618104, -0.5183092037582513, -0.34138003113975574, 0.06977553503239625], [5.420074838221519, 3.9585690369259483, 1.1534069081167173, 0.5282731776255372, 4.188329780587534, 5.943598571023818, 3.2431773459252162, 1.354308038168296, 6.036418448520814, 1.4568735348880524, 0.14305404372782343, 1.553603425195241, 5.830698916771263, 5.689582463235355, 5.624370814744301, 2.0117805069215464, 1.5745080780016751, 1.5723627492526655, 1.6716643068706902, 0.3442831087060272, 0.1798085856277949, 0.5937222710409478, 0.0020239623204932615, -0.03262419286209235, -0.029692359066900046, 0.38095476215895285, 0.8719235294154941, 0.037596389410944786, -0.06750397948574817, 0.05483811845333161, 0.061323695305081354, 0.06977553487134001]]]}}