{"fidelities_each_sample": [0.2648934357419851, 0.3787042601433581, 0.2562033182781613, 0.31519550440099997, 0.28534560090371036, 0.3256677546442862, 0.2866907586971019, 0.29900701727293943, 0.36319540169650927, 0.3546209138745101], "average_fidelity": 0.3129523965653561, "training_params": {"N_samples": 10, "N_training_iterations": 4000, "learning_rate": 0.01, "convergence_threshold": 1e-06, "batch_size": 8, "eval_batch_size": 16, "evaluation_time_steps": 100}}