{"iterations": 4000, "returned_params": [[[[]], [[]], [[]], [[]], [[4.741465978349131, 3.344481825030258, 1.3168041409072293, 0.5282731776255372, 4.188329780587534, 5.943598571023818, 3.4536267432282295, 0.9172947871854428, 4.860822717227127, 1.4568735348880524, 0.14305404372782343, 1.553603425195241, 6.322137682450243, 6.25752019010183, 6.267235896032036, 1.5707967723567242]], [[0.002918646540509195, 0.011820064073653479, 0.597861429125191, 0.3442831087060272, 0.1798085856277949, 0.5937222710409478, 0.01075859901413295, -0.00539116556546111, 1.0197242134284406, 0.38095476215895285, 0.8719235294154941, 0.037596389410944786, -0.07205211095006299, 0.3985030807669082, 0.39293128836108887, 0.0697755349979266]]], [[[]], [[]], [[]], [[]], [[5.154024659614008, 3.596684329672924, 1.1709667417987972, 0.5282731776255372, 4.188329780587534, 5.943598571023818, 2.961116911674088, 1.6096825018718837, 3.0045678660843547, 1.4568735348880524, 0.14305404372782343, 1.553603425195241, 6.2561140953107595, 6.253470953431, 6.244786356659556, 1.5707963267948966]], [[1.567989635878909, 1.5763303480073212, 1.9160345922622162, 0.3442831087060272, 0.1798085856277949, 0.5937222710409478, 0.002665041786858059, 0.004698205079264701, 0.020755904075034786, 0.38095476215895285, 0.8719235294154941, 0.037596389410944786, -0.18284452664141257, 0.16677673977879293, 0.18062818399155509, 0.06977553484687089]]]], "final_fidelity": 0.9975745541944188, "final_purity": -1, "optimized_trainable_parameters": {"initial_params": [[], [], [], [], [4.741465978349131, 3.344481825030258, 1.3168041409072293, 0.5282731776255372, 4.188329780587534, 5.943598571023818, 3.4536267432282295, 0.9172947871854428, 4.860822717227127, 1.4568735348880524, 0.14305404372782343, 1.553603425195241, 6.322137682450243, 6.25752019010183, 6.267235896032036, 1.5707967723567242], [0.7629686968030167, 0.5157779310907755, 0.7615436436554233, 0.3442831087060272, 0.1798085856277949, 0.5937222710409478, 0.8030427624105341, 0.2090485622535314, 0.9636188991405543, 0.38095476215895285, 0.8719235294154941, 0.037596389410944786, 0.5967162494642011, 0.520225493689553, 0.1669604703213785, 0.0697755349439706]], "lookup_table": [[[5.840312161605061, 3.02471418036094, 0.7896142634633123, 0.5282731776255372, 4.188329780587534, 5.943598571023818, 2.4008451534357445, 1.9124443719217434, 3.9093693187620553, 1.4568735348880524, 0.14305404372782343, 1.553603425195241, 6.248308853661193, 6.336571287512471, 5.784152024213429, 1.467375520359583, 2.5284971442437416, -0.050605088576508105, 1.8334504208266242, 0.3442831087060272, 0.1798085856277949, 0.5937222710409478, 1.778167553289386, -0.750090469622496, 1.2801226953255513, 0.38095476215895285, 0.8719235294154941, 0.037596389410944786, -0.736700498082858, -0.10187950083793247, -0.9699256516655631, 0.06977553394290022], [5.154024659614008, 3.596684329672924, 1.1709667417987972, 0.5282731776255372, 4.188329780587534, 5.943598571023818, 2.961116911674088, 1.6096825018718837, 3.0045678660843547, 1.4568735348880524, 0.14305404372782343, 1.553603425195241, 6.2561140953107595, 6.253470953431, 6.244786356659556, 1.5707963267948966, 0.002918646540509195, 0.011820064073653479, 0.597861429125191, 0.3442831087060272, 0.1798085856277949, 0.5937222710409478, 0.01075859901413295, -0.00539116556546111, 1.0197242134284406, 0.38095476215895285, 0.8719235294154941, 0.037596389410944786, -0.07205211095006299, 0.3985030807669082, 0.39293128836108887, 0.0697755349979266], [0.0, 0.0, 0.0, 0.0, 0.0, 0.0, 0.0, 0.0, 0.0, 0.0, 0.0, 0.0, 0.0, 0.0, 0.0, 0.0, 0.0, 0.0, 0.0, 0.0, 0.0, 0.0, 0.0, 0.0, 0.0, 0.0, 0.0, 0.0, 0.0, 0.0, 0.0, 0.0], [0.0, 0.0, 0.0, 0.0, 0.0, 0.0, 0.0, 0.0, 0.0, 0.0, 0.0, 0.0, 0.0, 0.0, 0.0, 0.0, 0.0, 0.0, 0.0, 0.0, 0.0, 0.0, 0.0, 0.0, 0.0, 0.0, 0.0, 0.0, 0.0, 0.0, 0.0, 0.0]], [[5.420074838221519, 3.9585690369259483, 1.1534069081167173, 0.5282731776255372, 4.188329780587534, 5.943598571023818, 3.2431773459252162, 1.354308038168296, 6.036418448520814, 1.4568735348880524, 0.14305404372782343, 1.553603425195241, 5.830698916771263, 5.689582463235355, 5.624370814744301, 2.0117805069215464, 0.18839063474461262, 1.0576813954393505, -0.21894038348580774, 0.3442831087060272, 0.1798085856277949, 0.5937222710409478, 0.43587281048778787, -0.1586851985070068, 0.6090940499895661, 0.38095476215895285, 0.8719235294154941, 0.037596389410944786, 0.22955166491570442, 0.056144089889807756, -0.3076159112453214, 0.0697755349710314], [5.420074838221519, 3.9585690369259483, 1.1534069081167173, 0.5282731776255372, 4.188329780587534, 5.943598571023818, 3.2431773459252162, 1.354308038168296, 6.036418448520814, 1.4568735348880524, 0.14305404372782343, 1.553603425195241, 5.830698916771263, 5.689582463235355, 5.624370814744301, 2.0117805069215464, 0.5574300846743921, -0.4906370882822407, -0.16553658848748615, 0.3442831087060272, 0.1798085856277949, 0.5937222710409478, -0.053993141579079126, 0.21742292907017727, 0.41617828358394743, 0.38095476215895285, 0.8719235294154941, 0.037596389410944786, 2.803059250308931, 0.9329995550979269, 0.8147885314809304, 0.06977553493382202], [5.420074838221519, 3.9585690369259483, 1.1534069081167173, 0.5282731776255372, 4.188329780587534, 5.943598571023818, 3.2431773459252162, 1.354308038168296, 6.036418448520814, 1.4568735348880524, 0.14305404372782343, 1.553603425195241, 5.830698916771263, 5.689582463235355, 5.624370814744301, 2.0117805069215464, 1.3215513923515576, 1.0287632489696288, 2.4273072866621876, 0.3442831087060272, 0.1798085856277949, 0.5937222710409478, 0.8051420993603432, 1.3858181941611178, 0.37818801520185497, 0.38095476215895285, 0.8719235294154941, 0.037596389410944786, 0.8349972421019992, -0.9613758843774267, -0.4284996519720455, 0.0697755349211797], [5.420074838221519, 3.9585690369259483, 1.1534069081167173, 0.5282731776255372, 4.188329780587534, 5.943598571023818, 3.2431773459252162, 1.354308038168296, 6.036418448520814, 1.4568735348880524, 0.14305404372782343, 1.553603425195241, 5.830698916771263, 5.689582463235355, 5.624370814744301, 2.0117805069215464, 1.567989635878909, 1.5763303480073212, 1.9160345922622162, 0.3442831087060272, 0.1798085856277949, 0.5937222710409478, 0.002665041786858059, 0.004698205079264701, 0.020755904075034786, 0.38095476215895285, 0.8719235294154941, 0.037596389410944786, -0.18284452664141257, 0.16677673977879293, 0.18062818399155509, 0.06977553484687089]]]}}