{"fidelities_each_sample": [0.24707904885249043, 0.3804422924608835, 0.30324660863817665, 0.34693380235414323, 0.2954109287951246, 0.3221650666141965, 0.3031423169281277, 0.24253905053144237, 0.3487864366072195, 0.3954005526345736], "average_fidelity": 0.31851461044163776, "training_params": {"N_samples": 10, "N_training_iterations": 4000, "learning_rate": 0.01, "convergence_threshold": 1e-06, "batch_size": 8, "eval_batch_size": 16, "evaluation_time_steps": 100}}