{"iterations": 4000, "returned_params": [[[[]], [[]], [[]], [[]], [[1.0691091526364802, 0.13101624167869866, 6.47073538550144e-05, 5.091729871223006, 3.8802240579267155, 5.791980971310898, 0.9744840038964901, -0.002460753380073787, -0.06268781860674075, 2.3931487759591055, 4.911505303192618, 2.7245341321580363, 3.0828316437442003, 3.0974111362643586, 6.227929985853405, 1.5707963267948963]], [[3.230087455195141e-05, -0.0031760881606956617, 0.6433903022013174, 0.6613762868838469, 0.17571618632678088, 0.5773894831725432, 0.008309504896901842, 0.0015414460339067948, 1.3067930585170582, 0.11138101331366923, 0.3493287359123922, 0.8786485161303825, 0.23757713871756483, 0.2575407681093994, 0.25765239240419624, 0.7861406620287542]]], [[[]], [[]], [[]], [[]], [[0.7251321201226472, 1.7109396937458348, -1.583414154726117, 5.091729871223006, 3.8802240579267155, 5.791980971310898, -0.3275606474860747, -1.2420449097890043, 4.838165779284387, 2.3931487759591055, 4.911505303192618, 2.7245341321580363, 3.149593942036372, 3.1649065439586415, 6.299180819630873, 1.5708783777725135]], [[1.5732071284802367, 1.5743393336761817, 3.2037383503289867, 0.6613762868838469, 0.17571618632678088, 0.5773894831725432, 0.00885667073737922, 0.008597955652289895, 0.07839050729402469, 0.11138101331366923, 0.3493287359123922, 0.8786485161303825, -0.8143552533151212, 0.8268144429997376, 0.8297638937774804, 0.7861406611631752]]]], "final_fidelity": 0.997658623842617, "final_purity": -1, "optimized_trainable_parameters": {"initial_params": [[], [], [], [], [1.0691091526364802, 0.13101624167869866, 6.47073538550144e-05, 5.091729871223006, 3.8802240579267155, 5.791980971310898, 0.9744840038964901, -0.002460753380073787, -0.06268781860674075, 2.3931487759591055, 4.911505303192618, 2.7245341321580363, 3.0828316437442003, 3.0974111362643586, 6.227929985853405, 1.5707963267948963], [0.07829857808883056, 0.75369237525892, 0.62924452480418, 0.6613762868838469, 0.17571618632678088, 0.5773894831725432, 0.2069254702437746, 0.6533993243576406, 0.9708412172036218, 0.11138101331366923, 0.3493287359123922, 0.8786485161303825, 0.4482114366961081, 0.3978312716857195, 0.9004842453785311, 0.7861406617137139]], "lookup_table": [[[1.6437675479019542, 2.9988956165530403, 1.3076328139301272, 5.091729871223006, 3.8802240579267155, 5.791980971310898, 1.502794865104851, 0.4236343417184255, 3.4562985468828016, 2.3931487759591055, 4.911505303192618, 2.7245341321580363, 3.301199137130271, 3.272450060722443, 6.456595063414321, 1.584262110915426, -0.1329787765975384, 0.8321845922225818, 0.5918584667085218, 0.6613762868838469, 0.17571618632678088, 0.5773894831725432, 0.14773442163817999, -0.63877031691564, 0.18864133735341795, 0.11138101331366923, 0.3493287359123922, 0.8786485161303825, -0.2421062971257511, 0.330142806087423, -0.07207446468260724, 0.7861406612712251], [0.7251321201226472, 1.7109396937458348, -1.583414154726117, 5.091729871223006, 3.8802240579267155, 5.791980971310898, -0.3275606474860747, -1.2420449097890043, 4.838165779284387, 2.3931487759591055, 4.911505303192618, 2.7245341321580363, 3.149593942036372, 3.1649065439586415, 6.299180819630873, 1.5708783777725135, 3.230087455195141e-05, -0.0031760881606956617, 0.6433903022013174, 0.6613762868838469, 0.17571618632678088, 0.5773894831725432, 0.008309504896901842, 0.0015414460339067948, 1.3067930585170582, 0.11138101331366923, 0.3493287359123922, 0.8786485161303825, 0.23757713871756483, 0.2575407681093994, 0.25765239240419624, 0.7861406620287542], [0.0, 0.0, 0.0, 0.0, 0.0, 0.0, 0.0, 0.0, 0.0, 0.0, 0.0, 0.0, 0.0, 0.0, 0.0, 0.0, 0.0, 0.0, 0.0, 0.0, 0.0, 0.0, 0.0, 0.0, 0.0, 0.0, 0.0, 0.0, 0.0, 0.0, 0.0, 0.0], [0.0, 0.0, 0.0, 0.0, 0.0, 0.0, 0.0, 0.0, 0.0, 0.0, 0.0, 0.0, 0.0, 0.0, 0.0, 0.0, 0.0, 0.0, 0.0, 0.0, 0.0, 0.0, 0.0, 0.0, 0.0, 0.0, 0.0, 0.0, 0.0, 0.0, 0.0, 0.0]], [[1.0198960209758234, 2.2682974164214884, 0.9401465987539189, 5.091729871223006, 3.8802240579267155, 5.791980971310898, 0.8685105036580777, 0.758178125688167, 3.1877147694074504, 2.3931487759591055, 4.911505303192618, 2.7245341321580363, 2.853555144670028, 3.7241084838024316, 5.364135028591993, 1.4852355995299327, -1.036078474745246, 0.9482021048992075, 0.29400607901144044, 0.6613762868838469, 0.17571618632678088, 0.5773894831725432, 0.27842375993935553, 0.711352953464704, -0.5065025526878298, 0.11138101331366923, 0.3493287359123922, 0.8786485161303825, 0.9687421971635068, -0.30763046674669636, 0.4804265306208953, 0.786140661679943], [1.0198960209758234, 2.2682974164214884, 0.9401465987539189, 5.091729871223006, 3.8802240579267155, 5.791980971310898, 0.8685105036580777, 0.758178125688167, 3.1877147694074504, 2.3931487759591055, 4.911505303192618, 2.7245341321580363, 2.853555144670028, 3.7241084838024316, 5.364135028591993, 1.4852355995299327, 1.5549140197226043, 1.4351071364416548, 1.1504462505031294, 0.6613762868838469, 0.17571618632678088, 0.5773894831725432, 0.276939671142021, 0.6870414635823523, 1.2736262884281582, 0.11138101331366923, 0.3493287359123922, 0.8786485161303825, -0.5128441920415812, 0.655179672708266, 0.4322417130174694, 0.7861406618090229], [1.0198960209758234, 2.2682974164214884, 0.9401465987539189, 5.091729871223006, 3.8802240579267155, 5.791980971310898, 0.8685105036580777, 0.758178125688167, 3.1877147694074504, 2.3931487759591055, 4.911505303192618, 2.7245341321580363, 2.853555144670028, 3.7241084838024316, 5.364135028591993, 1.4852355995299327, -1.5077343786985284, 0.1158844525941862, 1.101246134734687, 0.6613762868838469, 0.17571618632678088, 0.5773894831725432, -0.29513925759354803, 0.9040798329543782, 0.5918467044944138, 0.11138101331366923, 0.3493287359123922, 0.8786485161303825, 1.3911024718844787, -0.643339718350179, 0.6920190319037047, 0.7861406618133112], [1.0198960209758234, 2.2682974164214884, 0.9401465987539189, 5.091729871223006, 3.8802240579267155, 5.791980971310898, 0.8685105036580777, 0.758178125688167, 3.1877147694074504, 2.3931487759591055, 4.911505303192618, 2.7245341321580363, 2.853555144670028, 3.7241084838024316, 5.364135028591993, 1.4852355995299327, 1.5732071284802367, 1.5743393336761817, 3.2037383503289867, 0.6613762868838469, 0.17571618632678088, 0.5773894831725432, 0.00885667073737922, 0.008597955652289895, 0.07839050729402469, 0.11138101331366923, 0.3493287359123922, 0.8786485161303825, -0.8143552533151212, 0.8268144429997376, 0.8297638937774804, 0.7861406611631752]]]}}