{"fidelities_each_sample": [0.26162269763351265, 0.39481302312234057, 0.29160812046682955, 0.3394007577695787, 0.3224713731904119, 0.33253258876375896, 0.3159817075949799, 0.2779128962333655, 0.3785860535032171, 0.39376232439673053], "average_fidelity": 0.33086915426747254, "training_params": {"N_samples": 10, "N_training_iterations": 4000, "learning_rate": 0.01, "convergence_threshold": 1e-06, "batch_size": 8, "eval_batch_size": 16, "evaluation_time_steps": 100}}