{"fidelities_each_sample": [0.2822451614108441, 0.2722206922892673, 0.2507117775476555, 0.28148826489842604, 0.2558120406247123, 0.29952044952534473, 0.27403113169780147, 0.2282997971161174, 0.2667761393691969, 0.31663556771494766], "average_fidelity": 0.2727741022194313, "training_params": {"N_samples": 10, "N_training_iterations": 4000, "learning_rate": 0.01, "convergence_threshold": 1e-06, "batch_size": 8, "eval_batch_size": 16, "evaluation_time_steps": 100}}