{"fidelities_each_sample": [0.24994553077895865, 0.3591645661445845, 0.3046588427420683, 0.34052946300698533, 0.3167953802137811, 0.3406007579189806, 0.30461314753906965, 0.29100044848622975, 0.36513702351780414, 0.3957319287352511], "average_fidelity": 0.3268177089083713, "training_params": {"N_samples": 10, "N_training_iterations": 4000, "learning_rate": 0.01, "convergence_threshold": 1e-06, "batch_size": 8, "eval_batch_size": 16, "evaluation_time_steps": 100}}