{"iterations": 4000, "returned_params": [[[[]], [[]], [[]], [[]], [[4.532634306022284, 3.306884922097482, 2.0493804127460553, 0.5282731776255372, 4.188329780587534, 5.943598571023818, 3.584435593642691, 1.206565711972836, 4.887724708842028, 1.4568735348880524, 0.14305404372782343, 1.553603425195241, 6.273312156727745, 6.2641918075195395, 6.245982677247226, 1.5707963490421024]], [[0.0021117451192554375, 0.0092922200971617, 0.8116238431865515, 0.3442831087060272, 0.1798085856277949, 0.5937222710409478, 0.02052085202629099, -0.0028195755694759897, 1.3141558011494399, 0.38095476215895285, 0.8719235294154941, 0.037596389410944786, -0.17457739685772794, 0.26109878778550144, 0.25934002134547257, 0.06977553468167566]]], [[[]], [[]], [[]], [[]], [[5.005976233640954, 3.5952160324966296, 0.9441371068238587, 0.5282731776255372, 4.188329780587534, 5.943598571023818, 3.1434137293813986, 1.5266096564830558, 2.9905794051988446, 1.4568735348880524, 0.14305404372782343, 1.553603425195241, 6.327846097909713, 6.306617055145551, 6.262242682454322, 1.5707963267948966]], [[1.5673905815133906, 1.5806382167924469, 1.6189789963750272, 0.3442831087060272, 0.1798085856277949, 0.5937222710409478, -0.004863269462692175, -0.03859830900655652, -0.039080963598164924, 0.38095476215895285, 0.8719235294154941, 0.037596389410944786, -0.02972557488541397, 0.024308299245535306, 0.011692540532421466, 0.06977553499878535]]]], "final_fidelity": 0.998216206281187, "final_purity": -1, "optimized_trainable_parameters": {"initial_params": [[], [], [], [], [4.532634306022284, 3.306884922097482, 2.0493804127460553, 0.5282731776255372, 4.188329780587534, 5.943598571023818, 3.584435593642691, 1.206565711972836, 4.887724708842028, 1.4568735348880524, 0.14305404372782343, 1.553603425195241, 6.273312156727745, 6.2641918075195395, 6.245982677247226, 1.5707963490421024], [0.7629686968030167, 0.5157779310907755, 0.7615436436554233, 0.3442831087060272, 0.1798085856277949, 0.5937222710409478, 0.8030427624105341, 0.2090485622535314, 0.9636188991405543, 0.38095476215895285, 0.8719235294154941, 0.037596389410944786, 0.5967162494642011, 0.520225493689553, 0.1669604703213785, 0.0697755349439706]], "lookup_table": [[[4.783971762607582, 3.341247587070401, 0.5240216128302482, 0.5282731776255372, 4.188329780587534, 5.943598571023818, 3.4957912860136706, 0.709087443129406, 4.615629876667541, 1.4568735348880524, 0.14305404372782343, 1.553603425195241, 6.313747051480989, 6.331989536542295, 6.302656394189399, 1.5719947976941775, 1.9073622906383154, -0.310078267858416, 1.1721780231898913, 0.3442831087060272, 0.1798085856277949, 0.5937222710409478, 1.8980006694066596, -0.9947679265860279, 1.8276487861752801, 0.38095476215895285, 0.8719235294154941, 0.037596389410944786, -0.9814795778360302, 0.20048028023248396, -0.6421445247595626, 0.06977553467840165], [5.005976233640954, 3.5952160324966296, 0.9441371068238587, 0.5282731776255372, 4.188329780587534, 5.943598571023818, 3.1434137293813986, 1.5266096564830558, 2.9905794051988446, 1.4568735348880524, 0.14305404372782343, 1.553603425195241, 6.327846097909713, 6.306617055145551, 6.262242682454322, 1.5707963267948966, 0.0021117451192554375, 0.0092922200971617, 0.8116238431865515, 0.3442831087060272, 0.1798085856277949, 0.5937222710409478, 0.02052085202629099, -0.0028195755694759897, 1.3141558011494399, 0.38095476215895285, 0.8719235294154941, 0.037596389410944786, -0.17457739685772794, 0.26109878778550144, 0.25934002134547257, 0.06977553468167566], [0.0, 0.0, 0.0, 0.0, 0.0, 0.0, 0.0, 0.0, 0.0, 0.0, 0.0, 0.0, 0.0, 0.0, 0.0, 0.0, 0.0, 0.0, 0.0, 0.0, 0.0, 0.0, 0.0, 0.0, 0.0, 0.0, 0.0, 0.0, 0.0, 0.0, 0.0, 0.0], [0.0, 0.0, 0.0, 0.0, 0.0, 0.0, 0.0, 0.0, 0.0, 0.0, 0.0, 0.0, 0.0, 0.0, 0.0, 0.0, 0.0, 0.0, 0.0, 0.0, 0.0, 0.0, 0.0, 0.0, 0.0, 0.0, 0.0, 0.0, 0.0, 0.0, 0.0, 0.0]], [[5.420074838221519, 3.9585690369259483, 1.1534069081167173, 0.5282731776255372, 4.188329780587534, 5.943598571023818, 3.2431773459252162, 1.354308038168296, 6.036418448520814, 1.4568735348880524, 0.14305404372782343, 1.553603425195241, 5.830698916771263, 5.689582463235355, 5.624370814744301, 2.0117805069215464, 1.1875026205678765, 0.7206035962389409, 1.2863885306357479, 0.3442831087060272, 0.1798085856277949, 0.5937222710409478, 0.04468437594951769, -0.3152465174356888, 0.698964060854681, 0.38095476215895285, 0.8719235294154941, 0.037596389410944786, -0.4409832437595403, 0.45696845033999345, -1.0556551231401443, 0.06977553481007384], [5.420074838221519, 3.9585690369259483, 1.1534069081167173, 0.5282731776255372, 4.188329780587534, 5.943598571023818, 3.2431773459252162, 1.354308038168296, 6.036418448520814, 1.4568735348880524, 0.14305404372782343, 1.553603425195241, 5.830698916771263, 5.689582463235355, 5.624370814744301, 2.0117805069215464, -0.30373846963577183, 0.4283528765504524, 0.13914791002359628, 0.3442831087060272, 0.1798085856277949, 0.5937222710409478, 0.23549243064161088, 0.01826547057257895, 0.5800385968084336, 0.38095476215895285, 0.8719235294154941, 0.037596389410944786, 5.203387963933078, 1.000093812217182, 0.22901674500966146, 0.06977553118068704], [5.420074838221519, 3.9585690369259483, 1.1534069081167173, 0.5282731776255372, 4.188329780587534, 5.943598571023818, 3.2431773459252162, 1.354308038168296, 6.036418448520814, 1.4568735348880524, 0.14305404372782343, 1.553603425195241, 5.830698916771263, 5.689582463235355, 5.624370814744301, 2.0117805069215464, 1.495164370444085, 0.6768168377018088, 0.6819203901921261, 0.3442831087060272, 0.1798085856277949, 0.5937222710409478, -0.2206003270946202, 0.05889859223965232, 1.4221436436577441, 0.38095476215895285, 0.8719235294154941, 0.037596389410944786, -0.1651685386352276, -0.3443484236850676, -0.5066716976160398, 0.06977553493121416], [5.420074838221519, 3.9585690369259483, 1.1534069081167173, 0.5282731776255372, 4.188329780587534, 5.943598571023818, 3.2431773459252162, 1.354308038168296, 6.036418448520814, 1.4568735348880524, 0.14305404372782343, 1.553603425195241, 5.830698916771263, 5.689582463235355, 5.624370814744301, 2.0117805069215464, 1.5673905815133906, 1.5806382167924469, 1.6189789963750272, 0.3442831087060272, 0.1798085856277949, 0.5937222710409478, -0.004863269462692175, -0.03859830900655652, -0.039080963598164924, 0.38095476215895285, 0.8719235294154941, 0.037596389410944786, -0.02972557488541397, 0.024308299245535306, 0.011692540532421466, 0.06977553499878535]]]}}