{"iterations": 4000, "returned_params": [[[[]], [[]], [[]], [[]], [[4.561542329961606, 3.2426166334971125, 1.95966919581385, 0.5282731776255372, 4.188329780587534, 5.943598571023818, 3.700822409309662, 1.251145178221243, 4.745969085806564, 1.4568735348880524, 0.14305404372782343, 1.553603425195241, 6.31327390731403, 6.226085700107079, 6.240363042109888, 1.5707970943135017]], [[0.0027381225866331092, 0.01789495334717095, 0.7269985258793914, 0.3442831087060272, 0.1798085856277949, 0.5937222710409478, 0.013564257685822078, -0.005015196565002924, 1.3410557918169526, 0.38095476215895285, 0.8719235294154941, 0.037596389410944786, -0.1971082499983545, 0.37037451563906426, 0.3629967402308527, 0.06977553469873214]]], [[[]], [[]], [[]], [[]], [[5.173662321925429, 3.5117039999244923, 0.9103722712802057, 0.5282731776255372, 4.188329780587534, 5.943598571023818, 2.9737744327755364, 1.6518641180110798, 2.919312674343035, 1.4568735348880524, 0.14305404372782343, 1.553603425195241, 6.307697587488943, 6.275822516419287, 6.256190745520119, 1.5707963267948966]], [[1.5695318748591378, 1.574661725346206, 1.8254329800641278, 0.3442831087060272, 0.1798085856277949, 0.5937222710409478, -0.001073034654336322, -0.03529360397930507, -0.04323799582534239, 0.38095476215895285, 0.8719235294154941, 0.037596389410944786, -0.14154439282045606, 0.134943858579928, 0.13081151031722674, 0.06977553485091001]]]], "final_fidelity": 0.9981880126643157, "final_purity": -1, "optimized_trainable_parameters": {"initial_params": [[], [], [], [], [4.561542329961606, 3.2426166334971125, 1.95966919581385, 0.5282731776255372, 4.188329780587534, 5.943598571023818, 3.700822409309662, 1.251145178221243, 4.745969085806564, 1.4568735348880524, 0.14305404372782343, 1.553603425195241, 6.31327390731403, 6.226085700107079, 6.240363042109888, 1.5707970943135017], [0.7629686968030167, 0.5157779310907755, 0.7615436436554233, 0.3442831087060272, 0.1798085856277949, 0.5937222710409478, 0.8030427624105341, 0.2090485622535314, 0.9636188991405543, 0.38095476215895285, 0.8719235294154941, 0.037596389410944786, 0.5967162494642011, 0.520225493689553, 0.1669604703213785, 0.0697755349439706]], "lookup_table": [[[5.010674687125855, 3.3837259314296215, 0.6312869233638767, 0.5282731776255372, 4.188329780587534, 5.943598571023818, 3.252793335803708, 0.6291178007849159, 4.4241688010466005, 1.4568735348880524, 0.14305404372782343, 1.553603425195241, 6.399164938048859, 6.354540432687363, 6.335154960413288, 1.567257173114223, 2.1287025765554053, -0.17454932366350606, 1.433694500415454, 0.3442831087060272, 0.1798085856277949, 0.5937222710409478, 1.7925277710783938, -0.9460558660735883, 1.5291626551280744, 0.38095476215895285, 0.8719235294154941, 0.037596389410944786, -0.8461005980814991, 0.11489948226314561, -0.8710518164644414, 0.0697755343864564], [5.173662321925429, 3.5117039999244923, 0.9103722712802057, 0.5282731776255372, 4.188329780587534, 5.943598571023818, 2.9737744327755364, 1.6518641180110798, 2.919312674343035, 1.4568735348880524, 0.14305404372782343, 1.553603425195241, 6.307697587488943, 6.275822516419287, 6.256190745520119, 1.5707963267948966, 0.0027381225866331092, 0.01789495334717095, 0.7269985258793914, 0.3442831087060272, 0.1798085856277949, 0.5937222710409478, 0.013564257685822078, -0.005015196565002924, 1.3410557918169526, 0.38095476215895285, 0.8719235294154941, 0.037596389410944786, -0.1971082499983545, 0.37037451563906426, 0.3629967402308527, 0.06977553469873214], [0.0, 0.0, 0.0, 0.0, 0.0, 0.0, 0.0, 0.0, 0.0, 0.0, 0.0, 0.0, 0.0, 0.0, 0.0, 0.0, 0.0, 0.0, 0.0, 0.0, 0.0, 0.0, 0.0, 0.0, 0.0, 0.0, 0.0, 0.0, 0.0, 0.0, 0.0, 0.0], [0.0, 0.0, 0.0, 0.0, 0.0, 0.0, 0.0, 0.0, 0.0, 0.0, 0.0, 0.0, 0.0, 0.0, 0.0, 0.0, 0.0, 0.0, 0.0, 0.0, 0.0, 0.0, 0.0, 0.0, 0.0, 0.0, 0.0, 0.0, 0.0, 0.0, 0.0, 0.0]], [[5.420074838221519, 3.9585690369259483, 1.1534069081167173, 0.5282731776255372, 4.188329780587534, 5.943598571023818, 3.2431773459252162, 1.354308038168296, 6.036418448520814, 1.4568735348880524, 0.14305404372782343, 1.553603425195241, 5.830698916771263, 5.689582463235355, 5.624370814744301, 2.0117805069215464, 0.9196015010923282, 0.8668965443433952, 0.2196463673014006, 0.3442831087060272, 0.1798085856277949, 0.5937222710409478, 0.48656880788614687, -0.2029630458443718, 1.299647987166748, 0.38095476215895285, 0.8719235294154941, 0.037596389410944786, -0.11832277454732297, 0.34931234569199576, -0.8987250524852104, 0.06977553491155929], [5.420074838221519, 3.9585690369259483, 1.1534069081167173, 0.5282731776255372, 4.188329780587534, 5.943598571023818, 3.2431773459252162, 1.354308038168296, 6.036418448520814, 1.4568735348880524, 0.14305404372782343, 1.553603425195241, 5.830698916771263, 5.689582463235355, 5.624370814744301, 2.0117805069215464, -0.12689609486798148, 0.09234462635947946, 0.33805822492611237, 0.3442831087060272, 0.1798085856277949, 0.5937222710409478, 0.05298149700433699, -0.04399583888264661, 1.2902562208349235, 0.38095476215895285, 0.8719235294154941, 0.037596389410944786, 3.9047626548514893, 1.1821313388797317, 0.455365145476249, 0.0697755350324555], [5.420074838221519, 3.9585690369259483, 1.1534069081167173, 0.5282731776255372, 4.188329780587534, 5.943598571023818, 3.2431773459252162, 1.354308038168296, 6.036418448520814, 1.4568735348880524, 0.14305404372782343, 1.553603425195241, 5.830698916771263, 5.689582463235355, 5.624370814744301, 2.0117805069215464, 1.3646743602523401, 0.7097452823204713, 0.7347744120648684, 0.3442831087060272, 0.1798085856277949, 0.5937222710409478, -0.20028734873575918, 0.019501847339314635, 1.3056067159774865, 0.38095476215895285, 0.8719235294154941, 0.037596389410944786, -0.17406255865297462, -0.3161773381854388, -0.4536190148589157, 0.06977553483150808], [5.420074838221519, 3.9585690369259483, 1.1534069081167173, 0.5282731776255372, 4.188329780587534, 5.943598571023818, 3.2431773459252162, 1.354308038168296, 6.036418448520814, 1.4568735348880524, 0.14305404372782343, 1.553603425195241, 5.830698916771263, 5.689582463235355, 5.624370814744301, 2.0117805069215464, 1.5695318748591378, 1.574661725346206, 1.8254329800641278, 0.3442831087060272, 0.1798085856277949, 0.5937222710409478, -0.001073034654336322, -0.03529360397930507, -0.04323799582534239, 0.38095476215895285, 0.8719235294154941, 0.037596389410944786, -0.14154439282045606, 0.134943858579928, 0.13081151031722674, 0.06977553485091001]]]}}