{"iterations": 4000, "returned_params": [[[[]], [[]], [[]], [[]], [[4.101758625090863, 2.285559898037883, 2.8447743022195615, 0.9186277752424988, 1.542472618509468, 3.869166636560403, 6.196128694382349, 6.042145232811316, 6.303328479005558, 1.704541214971899, 4.818119064382003, 4.0185809648867465, 5.00704954933209, 3.146929588575013, 3.1167589666386792, 4.712388980395656]], [[1.8136475154832072, 1.2852849344501274, 1.6843156244428195, 0.1530001581134599, 0.5792477206828033, 0.9908625639419351, 0.4221863632766145, 0.7227884006739654, 3.7480732443866347, 0.7029297123277789, 0.23893934168274433, 0.22269524922540618, -0.2818195209309679, 2.106359201105195, 1.6202827916316245, 0.4451290301316514]]], [[[]], [[]], [[]], [[]], [[4.171231288826839, 2.3847518085003436, 2.5282268891347788, 0.9186277752424988, 1.542472618509468, 3.869166636560403, 6.040683783628176, 5.83658679445162, 6.1805856994431325, 1.704541214971899, 4.818119064382003, 4.0185809648867465, 5.727240192401207, 3.1002983307332155, 3.10305990475265, 4.712388980384689]], [[-0.007324363158125389, -0.004928374648362164, 1.2653854438573855, 0.1530001581134599, 0.5792477206828033, 0.9908625639419351, 0.01157780264744707, 0.008904832918698624, -0.7087209624177487, 0.7029297123277789, 0.23893934168274433, 0.22269524922540618, 0.703198911063836, 0.24061651144471988, 0.23533492723863084, 0.44512901698731566]]]], "final_fidelity": 0.9987361703206191, "final_purity": -1, "optimized_trainable_parameters": {"initial_params": [[], [], [], [], [4.101758625090863, 2.285559898037883, 2.8447743022195615, 0.9186277752424988, 1.542472618509468, 3.869166636560403, 6.196128694382349, 6.042145232811316, 6.303328479005558, 1.704541214971899, 4.818119064382003, 4.0185809648867465, 5.00704954933209, 3.146929588575013, 3.1167589666386792, 4.712388980395656], [0.9594498919452952, 0.26088260599546653, 0.9735460703524619, 0.1530001581134599, 0.5792477206828033, 0.9908625639419351, 0.6236793181089637, 0.92345637847002, 0.3951597656414274, 0.7029297123277789, 0.23893934168274433, 0.22269524922540618, 0.880035027937141, 0.11726572937520263, 0.8753631067394496, 0.4451290169804063]], "lookup_table": [[[3.973191807047065, 2.1294439733637858, 2.5554631521116837, 0.9186277752424988, 1.542472618509468, 3.869166636560403, 5.615739034643533, 5.862190110826538, 5.723361855463972, 1.704541214971899, 4.818119064382003, 4.0185809648867465, 4.115590530900684, 2.7414176786196935, 2.712504083473007, 3.141590396520958, -0.30877722003340313, -0.5027900887738107, 0.9870894198047183, 0.1530001581134599, 0.5792477206828033, 0.9908625639419351, 0.2925412197096831, 0.8522032162827905, -0.027007872555074888, 0.7029297123277789, 0.23893934168274433, 0.22269524922540618, 0.6978687687269667, -0.10075132498205298, -0.08459642812703563, 0.4451290172482682], [4.171231288826839, 2.3847518085003436, 2.5282268891347788, 0.9186277752424988, 1.542472618509468, 3.869166636560403, 6.040683783628176, 5.83658679445162, 6.1805856994431325, 1.704541214971899, 4.818119064382003, 4.0185809648867465, 5.727240192401207, 3.1002983307332155, 3.10305990475265, 4.712388980384689, 1.8136475154832072, 1.2852849344501274, 1.6843156244428195, 0.1530001581134599, 0.5792477206828033, 0.9908625639419351, 0.4221863632766145, 0.7227884006739654, 3.7480732443866347, 0.7029297123277789, 0.23893934168274433, 0.22269524922540618, -0.2818195209309679, 2.106359201105195, 1.6202827916316245, 0.4451290301316514], [0.0, 0.0, 0.0, 0.0, 0.0, 0.0, 0.0, 0.0, 0.0, 0.0, 0.0, 0.0, 0.0, 0.0, 0.0, 0.0, 0.0, 0.0, 0.0, 0.0, 0.0, 0.0, 0.0, 0.0, 0.0, 0.0, 0.0, 0.0, 0.0, 0.0, 0.0, 0.0], [0.0, 0.0, 0.0, 0.0, 0.0, 0.0, 0.0, 0.0, 0.0, 0.0, 0.0, 0.0, 0.0, 0.0, 0.0, 0.0, 0.0, 0.0, 0.0, 0.0, 0.0, 0.0, 0.0, 0.0, 0.0, 0.0, 0.0, 0.0, 0.0, 0.0, 0.0, 0.0]], [[4.284229458233571, 2.506129021091282, 2.4593733617352966, 0.9186277752424988, 1.542472618509468, 3.869166636560403, 5.960003589853214, 6.0510823025049, 6.200862175694802, 1.704541214971899, 4.818119064382003, 4.0185809648867465, 5.153790150752427, 2.8687025077426465, 2.621527826001633, 4.156650782552006, 1.5420036691840178, 0.9939389975369359, -0.04699397964240975, 0.1530001581134599, 0.5792477206828033, 0.9908625639419351, 0.3524333558613967, 1.604641285715593, 1.2167051817792978, 0.7029297123277789, 0.23893934168274433, 0.22269524922540618, 1.1508791034827053, -0.44760209036382287, 1.3201274065140682, 0.4451290169623175], [4.284229458233571, 2.506129021091282, 2.4593733617352966, 0.9186277752424988, 1.542472618509468, 3.869166636560403, 5.960003589853214, 6.0510823025049, 6.200862175694802, 1.704541214971899, 4.818119064382003, 4.0185809648867465, 5.153790150752427, 2.8687025077426465, 2.621527826001633, 4.156650782552006, -0.09459350489399054, 0.3398027114049248, -1.033297905742347, 0.1530001581134599, 0.5792477206828033, 0.9908625639419351, 0.6442232246335132, 1.1886367630021628, -0.08957781956847986, 0.7029297123277789, 0.23893934168274433, 0.22269524922540618, -0.7378215252130081, -1.6580525382521794, 2.042294062193655, 0.4451290168653438], [4.284229458233571, 2.506129021091282, 2.4593733617352966, 0.9186277752424988, 1.542472618509468, 3.869166636560403, 5.960003589853214, 6.0510823025049, 6.200862175694802, 1.704541214971899, 4.818119064382003, 4.0185809648867465, 5.153790150752427, 2.8687025077426465, 2.621527826001633, 4.156650782552006, -0.4044981628068192, -0.43542400243186863, 0.9560427414693758, 0.1530001581134599, 0.5792477206828033, 0.9908625639419351, 0.0016834351169189728, 0.8812980163578199, 0.020573581851474017, 0.7029297123277789, 0.23893934168274433, 0.22269524922540618, 0.7586406261795838, -0.3159496639054083, 0.04433344742630532, 0.4451290169372468], [4.284229458233571, 2.506129021091282, 2.4593733617352966, 0.9186277752424988, 1.542472618509468, 3.869166636560403, 5.960003589853214, 6.0510823025049, 6.200862175694802, 1.704541214971899, 4.818119064382003, 4.0185809648867465, 5.153790150752427, 2.8687025077426465, 2.621527826001633, 4.156650782552006, -0.007324363158125389, -0.004928374648362164, 1.2653854438573855, 0.1530001581134599, 0.5792477206828033, 0.9908625639419351, 0.01157780264744707, 0.008904832918698624, -0.7087209624177487, 0.7029297123277789, 0.23893934168274433, 0.22269524922540618, 0.703198911063836, 0.24061651144471988, 0.23533492723863084, 0.44512901698731566]]]}}