{"iterations": 4000, "returned_params": [[[[]], [[]], [[]], [[]], [[4.129086452214029, 2.2435741693194826, 2.8398983775369735, 0.9186277752424988, 1.542472618509468, 3.869166636560403, 6.185689522632906, 6.02668489715215, 6.356853494886319, 1.704541214971899, 4.818119064382003, 4.0185809648867465, 5.034170575546335, 3.129708965016673, 3.0963331612163048, 4.708961609458403]], [[1.8138875417729377, 1.2709866337647244, 1.5705883079224543, 0.1530001581134599, 0.5792477206828033, 0.9908625639419351, 0.4364309577217518, 0.7503387007266291, 3.7785111233060324, 0.7029297123277789, 0.23893934168274433, 0.22269524922540618, -0.2622908884240942, 2.100970958672968, 1.6250342264647197, 0.44512902931619175]]], [[[]], [[]], [[]], [[]], [[4.169996603168089, 2.3853815418176056, 2.5406090304343203, 0.9186277752424988, 1.542472618509468, 3.869166636560403, 6.041964868127234, 5.835054235579899, 6.215390014376307, 1.704541214971899, 4.818119064382003, 4.0185809648867465, 5.698588031987686, 3.0987463995119593, 3.1029728935597234, 4.71238898038469]], [[-0.011077218300509693, -0.005108599860211553, 1.1705962416528157, 0.1530001581134599, 0.5792477206828033, 0.9908625639419351, 0.012261064656686747, 0.011901072496196978, -0.7032608058386413, 0.7029297123277789, 0.23893934168274433, 0.22269524922540618, 0.799368396488072, 0.16306612135156204, 0.15843384606221414, 0.44512901708247415]]]], "final_fidelity": 0.9985253381277713, "final_purity": -1, "optimized_trainable_parameters": {"initial_params": [[], [], [], [], [4.129086452214029, 2.2435741693194826, 2.8398983775369735, 0.9186277752424988, 1.542472618509468, 3.869166636560403, 6.185689522632906, 6.02668489715215, 6.356853494886319, 1.704541214971899, 4.818119064382003, 4.0185809648867465, 5.034170575546335, 3.129708965016673, 3.0963331612163048, 4.708961609458403], [0.9594498919452952, 0.26088260599546653, 0.9735460703524619, 0.1530001581134599, 0.5792477206828033, 0.9908625639419351, 0.6236793181089637, 0.92345637847002, 0.3951597656414274, 0.7029297123277789, 0.23893934168274433, 0.22269524922540618, 0.880035027937141, 0.11726572937520263, 0.8753631067394496, 0.4451290169804063]], "lookup_table": [[[3.4583119943246836, 2.0673538302531203, 4.33392307854909, 0.9186277752424988, 1.542472618509468, 3.869166636560403, 6.483268357894995, 5.903123004287133, 6.552738703110312, 1.704541214971899, 4.818119064382003, 4.0185809648867465, 4.015855927595532, 3.5070732683072303, 3.3625566137650456, 3.143731770553195, -0.6037015904052835, -0.24999133102331125, 1.063785128440244, 0.1530001581134599, 0.5792477206828033, 0.9908625639419351, 0.06603764552465177, 0.921959268665804, -0.15435572501733216, 0.7029297123277789, 0.23893934168274433, 0.22269524922540618, 0.761168775513241, -0.02850998092149968, -0.07568682270705299, 0.4451290167073522], [4.169996603168089, 2.3853815418176056, 2.5406090304343203, 0.9186277752424988, 1.542472618509468, 3.869166636560403, 6.041964868127234, 5.835054235579899, 6.215390014376307, 1.704541214971899, 4.818119064382003, 4.0185809648867465, 5.698588031987686, 3.0987463995119593, 3.1029728935597234, 4.71238898038469, 1.8138875417729377, 1.2709866337647244, 1.5705883079224543, 0.1530001581134599, 0.5792477206828033, 0.9908625639419351, 0.4364309577217518, 0.7503387007266291, 3.7785111233060324, 0.7029297123277789, 0.23893934168274433, 0.22269524922540618, -0.2622908884240942, 2.100970958672968, 1.6250342264647197, 0.44512902931619175], [0.0, 0.0, 0.0, 0.0, 0.0, 0.0, 0.0, 0.0, 0.0, 0.0, 0.0, 0.0, 0.0, 0.0, 0.0, 0.0, 0.0, 0.0, 0.0, 0.0, 0.0, 0.0, 0.0, 0.0, 0.0, 0.0, 0.0, 0.0, 0.0, 0.0, 0.0, 0.0], [0.0, 0.0, 0.0, 0.0, 0.0, 0.0, 0.0, 0.0, 0.0, 0.0, 0.0, 0.0, 0.0, 0.0, 0.0, 0.0, 0.0, 0.0, 0.0, 0.0, 0.0, 0.0, 0.0, 0.0, 0.0, 0.0, 0.0, 0.0, 0.0, 0.0, 0.0, 0.0]], [[4.284229458233571, 2.506129021091282, 2.4593733617352966, 0.9186277752424988, 1.542472618509468, 3.869166636560403, 5.960003589853214, 6.0510823025049, 6.200862175694802, 1.704541214971899, 4.818119064382003, 4.0185809648867465, 5.153790150752427, 2.8687025077426465, 2.621527826001633, 4.156650782552006, 0.971877163167479, 1.4021316757662137, 0.31804949705367774, 0.1530001581134599, 0.5792477206828033, 0.9908625639419351, 0.24759180791877497, 0.2812126478023862, 0.5345476691789859, 0.7029297123277789, 0.23893934168274433, 0.22269524922540618, -0.21693737068265811, 0.4646022933471254, 0.5481997019012192, 0.44512901685160117], [4.284229458233571, 2.506129021091282, 2.4593733617352966, 0.9186277752424988, 1.542472618509468, 3.869166636560403, 5.960003589853214, 6.0510823025049, 6.200862175694802, 1.704541214971899, 4.818119064382003, 4.0185809648867465, 5.153790150752427, 2.8687025077426465, 2.621527826001633, 4.156650782552006, -0.09645801336107118, 0.9469901654127206, -0.6070523778783785, 0.1530001581134599, 0.5792477206828033, 0.9908625639419351, 0.8308417039172515, 1.1386839967854219, 0.00897741186235343, 0.7029297123277789, 0.23893934168274433, 0.22269524922540618, -0.2493034402608718, -1.391316784608763, 1.6101354631896418, 0.44512901693332446], [4.284229458233571, 2.506129021091282, 2.4593733617352966, 0.9186277752424988, 1.542472618509468, 3.869166636560403, 5.960003589853214, 6.0510823025049, 6.200862175694802, 1.704541214971899, 4.818119064382003, 4.0185809648867465, 5.153790150752427, 2.8687025077426465, 2.621527826001633, 4.156650782552006, -0.31255213361743794, -0.4541636440675393, 0.9342101174595884, 0.1530001581134599, 0.5792477206828033, 0.9908625639419351, 0.01816292208905635, 0.8809313439438554, -0.02467167814835761, 0.7029297123277789, 0.23893934168274433, 0.22269524922540618, 0.740715765457501, -0.34132724719420776, 0.019157718800887527, 0.44512901707264374], [4.284229458233571, 2.506129021091282, 2.4593733617352966, 0.9186277752424988, 1.542472618509468, 3.869166636560403, 5.960003589853214, 6.0510823025049, 6.200862175694802, 1.704541214971899, 4.818119064382003, 4.0185809648867465, 5.153790150752427, 2.8687025077426465, 2.621527826001633, 4.156650782552006, -0.011077218300509693, -0.005108599860211553, 1.1705962416528157, 0.1530001581134599, 0.5792477206828033, 0.9908625639419351, 0.012261064656686747, 0.011901072496196978, -0.7032608058386413, 0.7029297123277789, 0.23893934168274433, 0.22269524922540618, 0.799368396488072, 0.16306612135156204, 0.15843384606221414, 0.44512901708247415]]]}}