{"iterations": 4000, "returned_params": [[[[]], [[]], [[]], [[]], [[4.097868389334289, 2.3106950906957158, 2.9501465531828535, 0.9186277752424988, 1.542472618509468, 3.869166636560403, 6.148113649731209, 6.0308186503969665, 6.473862292268586, 1.704541214971899, 4.818119064382003, 4.0185809648867465, 5.006656105392002, 3.1283077276402778, 3.119040590706537, 4.712388980301556]], [[1.7958287661947288, 1.251224170656141, 1.399454879812264, 0.1530001581134599, 0.5792477206828033, 0.9908625639419351, 0.4472879143833958, 0.772006005702886, 3.836646471142098, 0.7029297123277789, 0.23893934168274433, 0.22269524922540618, -0.2422310695891538, 2.077564901254588, 1.621845903977156, 0.4451290245594359]]], [[[]], [[]], [[]], [[]], [[4.1707522033083, 2.3723640373439507, 2.5856543210491445, 0.9186277752424988, 1.542472618509468, 3.869166636560403, 6.034052907485555, 5.851965154580122, 6.245619159971948, 1.704541214971899, 4.818119064382003, 4.0185809648867465, 5.674286587609671, 3.113106646749219, 3.112691247619569, 4.712388980384691]], [[0.00030658952228180647, -0.004964229032172762, 1.3210510707829088, 0.1530001581134599, 0.5792477206828033, 0.9908625639419351, 0.009976211051075028, 0.0029486900133712693, -0.6557809966833046, 0.7029297123277789, 0.23893934168274433, 0.22269524922540618, 0.688497481127384, 0.2089142525789043, 0.20395295794918572, 0.44512901700621416]]]], "final_fidelity": 0.9986362103191528, "final_purity": -1, "optimized_trainable_parameters": {"initial_params": [[], [], [], [], [4.097868389334289, 2.3106950906957158, 2.9501465531828535, 0.9186277752424988, 1.542472618509468, 3.869166636560403, 6.148113649731209, 6.0308186503969665, 6.473862292268586, 1.704541214971899, 4.818119064382003, 4.0185809648867465, 5.006656105392002, 3.1283077276402778, 3.119040590706537, 4.712388980301556], [0.9594498919452952, 0.26088260599546653, 0.9735460703524619, 0.1530001581134599, 0.5792477206828033, 0.9908625639419351, 0.6236793181089637, 0.92345637847002, 0.3951597656414274, 0.7029297123277789, 0.23893934168274433, 0.22269524922540618, 0.880035027937141, 0.11726572937520263, 0.8753631067394496, 0.4451290169804063]], "lookup_table": [[[3.1513587737941324, 1.7329286201261016, 4.606313206478001, 0.9186277752424988, 1.542472618509468, 3.869166636560403, 5.9692604637971325, 6.271992426730696, 6.1686995954842905, 1.704541214971899, 4.818119064382003, 4.0185809648867465, 4.78176751085639, 3.549558189013361, 3.2200887986910978, 3.1415926534924954, -0.8778380628023501, -0.4840473063617984, 0.9407007896153856, 0.1530001581134599, 0.5792477206828033, 0.9908625639419351, 0.016545620994504906, 0.760011327152043, 0.6230396340131411, 0.7029297123277789, 0.23893934168274433, 0.22269524922540618, 0.6415564569606839, -0.01937490160220197, 0.1729767393499678, 0.4451290170346369], [4.1707522033083, 2.3723640373439507, 2.5856543210491445, 0.9186277752424988, 1.542472618509468, 3.869166636560403, 6.034052907485555, 5.851965154580122, 6.245619159971948, 1.704541214971899, 4.818119064382003, 4.0185809648867465, 5.674286587609671, 3.113106646749219, 3.112691247619569, 4.712388980384691, 1.7958287661947288, 1.251224170656141, 1.399454879812264, 0.1530001581134599, 0.5792477206828033, 0.9908625639419351, 0.4472879143833958, 0.772006005702886, 3.836646471142098, 0.7029297123277789, 0.23893934168274433, 0.22269524922540618, -0.2422310695891538, 2.077564901254588, 1.621845903977156, 0.4451290245594359], [0.0, 0.0, 0.0, 0.0, 0.0, 0.0, 0.0, 0.0, 0.0, 0.0, 0.0, 0.0, 0.0, 0.0, 0.0, 0.0, 0.0, 0.0, 0.0, 0.0, 0.0, 0.0, 0.0, 0.0, 0.0, 0.0, 0.0, 0.0, 0.0, 0.0, 0.0, 0.0], [0.0, 0.0, 0.0, 0.0, 0.0, 0.0, 0.0, 0.0, 0.0, 0.0, 0.0, 0.0, 0.0, 0.0, 0.0, 0.0, 0.0, 0.0, 0.0, 0.0, 0.0, 0.0, 0.0, 0.0, 0.0, 0.0, 0.0, 0.0, 0.0, 0.0, 0.0, 0.0]], [[4.284229458233571, 2.506129021091282, 2.4593733617352966, 0.9186277752424988, 1.542472618509468, 3.869166636560403, 5.960003589853214, 6.0510823025049, 6.200862175694802, 1.704541214971899, 4.818119064382003, 4.0185809648867465, 5.153790150752427, 2.8687025077426465, 2.621527826001633, 4.156650782552006, 0.6921693290373587, 1.2508116866544041, 0.39358290279504304, 0.1530001581134599, 0.5792477206828033, 0.9908625639419351, 0.1591182085659258, 0.5255758364254436, 0.8777060839341551, 0.7029297123277789, 0.23893934168274433, 0.22269524922540618, -0.16152859490869348, 0.04154707747369409, -0.4517899289819834, 0.44512901707114594], [4.284229458233571, 2.506129021091282, 2.4593733617352966, 0.9186277752424988, 1.542472618509468, 3.869166636560403, 5.960003589853214, 6.0510823025049, 6.200862175694802, 1.704541214971899, 4.818119064382003, 4.0185809648867465, 5.153790150752427, 2.8687025077426465, 2.621527826001633, 4.156650782552006, 0.012966351310902265, 1.6446818006989725, 0.13270901027576276, 0.1530001581134599, 0.5792477206828033, 0.9908625639419351, 1.0417578285110822, 1.0882544986557596, 0.022389453466479435, 0.7029297123277789, 0.23893934168274433, 0.22269524922540618, 0.46708898021943035, -0.08547532652002264, 0.350704433860758, 0.4451290169094138], [4.284229458233571, 2.506129021091282, 2.4593733617352966, 0.9186277752424988, 1.542472618509468, 3.869166636560403, 5.960003589853214, 6.0510823025049, 6.200862175694802, 1.704541214971899, 4.818119064382003, 4.0185809648867465, 5.153790150752427, 2.8687025077426465, 2.621527826001633, 4.156650782552006, -0.3053252129508005, -0.4064034778887206, 0.9239025419293538, 0.1530001581134599, 0.5792477206828033, 0.9908625639419351, 0.05552219457310386, 0.8999130053540464, -0.16155272900954432, 0.7029297123277789, 0.23893934168274433, 0.22269524922540618, 0.7110861150851462, -0.22114309880570035, -0.0719461938950137, 0.44512901694540385], [4.284229458233571, 2.506129021091282, 2.4593733617352966, 0.9186277752424988, 1.542472618509468, 3.869166636560403, 5.960003589853214, 6.0510823025049, 6.200862175694802, 1.704541214971899, 4.818119064382003, 4.0185809648867465, 5.153790150752427, 2.8687025077426465, 2.621527826001633, 4.156650782552006, 0.00030658952228180647, -0.004964229032172762, 1.3210510707829088, 0.1530001581134599, 0.5792477206828033, 0.9908625639419351, 0.009976211051075028, 0.0029486900133712693, -0.6557809966833046, 0.7029297123277789, 0.23893934168274433, 0.22269524922540618, 0.688497481127384, 0.2089142525789043, 0.20395295794918572, 0.44512901700621416]]]}}