{"iterations": 4000, "returned_params": [[[[]], [[]], [[]], [[]], [[4.463918026372165, 3.2953838127815906, 2.0404654800329514, 0.5282731776255372, 4.188329780587534, 5.943598571023818, 3.622077436519942, 1.2124113144257869, 4.778974689691286, 1.4568735348880524, 0.14305404372782343, 1.553603425195241, 6.287800424947505, 6.249052188809383, 6.242801559813221, 1.5711595019150737]], [[0.0035889942479538552, 0.019626439263589878, 0.8245810651157418, 0.3442831087060272, 0.1798085856277949, 0.5937222710409478, 0.018428959158203043, -0.0058742829151202415, 1.211062173329283, 0.38095476215895285, 0.8719235294154941, 0.037596389410944786, -0.09725466738256183, 0.2412625548997348, 0.24065891344596216, 0.06977553509979806]]], [[[]], [[]], [[]], [[]], [[4.96676257099886, 3.615563484486763, 0.960288303383813, 0.5282731776255372, 4.188329780587534, 5.943598571023818, 3.1822941830233233, 1.482490244651498, 3.027249782672231, 1.4568735348880524, 0.14305404372782343, 1.553603425195241, 6.342639190936566, 6.317551629135143, 6.273939994779009, 1.5707963267948966]], [[1.565853862835176, 1.5776988643418903, 1.5707332406164645, 0.3442831087060272, 0.1798085856277949, 0.5937222710409478, -0.007199502394917795, -0.04338228353339073, -0.021413837529853576, 0.38095476215895285, 0.8719235294154941, 0.037596389410944786, -0.020817325318333343, 0.0024483661613483483, 0.0015335083011918955, 0.06977553489948125]]]], "final_fidelity": 0.9974010457604567, "final_purity": -1, "optimized_trainable_parameters": {"initial_params": [[], [], [], [], [4.463918026372165, 3.2953838127815906, 2.0404654800329514, 0.5282731776255372, 4.188329780587534, 5.943598571023818, 3.622077436519942, 1.2124113144257869, 4.778974689691286, 1.4568735348880524, 0.14305404372782343, 1.553603425195241, 6.287800424947505, 6.249052188809383, 6.242801559813221, 1.5711595019150737], [0.7629686968030167, 0.5157779310907755, 0.7615436436554233, 0.3442831087060272, 0.1798085856277949, 0.5937222710409478, 0.8030427624105341, 0.2090485622535314, 0.9636188991405543, 0.38095476215895285, 0.8719235294154941, 0.037596389410944786, 0.5967162494642011, 0.520225493689553, 0.1669604703213785, 0.0697755349439706]], "lookup_table": [[[4.8017999020674464, 3.456073364649464, 0.8714607101935509, 0.5282731776255372, 4.188329780587534, 5.943598571023818, 3.469855710558785, 0.6985089548878336, 5.02904488290255, 1.4568735348880524, 0.14305404372782343, 1.553603425195241, 6.288690635967998, 6.195804875208728, 6.298948564430371, 1.5708598898700965, 1.8845255864370383, -0.3580601415495129, 1.2290610747800728, 0.3442831087060272, 0.1798085856277949, 0.5937222710409478, 1.9113931640586976, -0.9412207361422014, 1.8656915368549238, 0.38095476215895285, 0.8719235294154941, 0.037596389410944786, -0.9487179870879469, 0.1679471625887873, -0.5490982644719111, 0.06977553538521504], [4.96676257099886, 3.615563484486763, 0.960288303383813, 0.5282731776255372, 4.188329780587534, 5.943598571023818, 3.1822941830233233, 1.482490244651498, 3.027249782672231, 1.4568735348880524, 0.14305404372782343, 1.553603425195241, 6.342639190936566, 6.317551629135143, 6.273939994779009, 1.5707963267948966, 0.0035889942479538552, 0.019626439263589878, 0.8245810651157418, 0.3442831087060272, 0.1798085856277949, 0.5937222710409478, 0.018428959158203043, -0.0058742829151202415, 1.211062173329283, 0.38095476215895285, 0.8719235294154941, 0.037596389410944786, -0.09725466738256183, 0.2412625548997348, 0.24065891344596216, 0.06977553509979806], [0.0, 0.0, 0.0, 0.0, 0.0, 0.0, 0.0, 0.0, 0.0, 0.0, 0.0, 0.0, 0.0, 0.0, 0.0, 0.0, 0.0, 0.0, 0.0, 0.0, 0.0, 0.0, 0.0, 0.0, 0.0, 0.0, 0.0, 0.0, 0.0, 0.0, 0.0, 0.0], [0.0, 0.0, 0.0, 0.0, 0.0, 0.0, 0.0, 0.0, 0.0, 0.0, 0.0, 0.0, 0.0, 0.0, 0.0, 0.0, 0.0, 0.0, 0.0, 0.0, 0.0, 0.0, 0.0, 0.0, 0.0, 0.0, 0.0, 0.0, 0.0, 0.0, 0.0, 0.0]], [[5.420074838221519, 3.9585690369259483, 1.1534069081167173, 0.5282731776255372, 4.188329780587534, 5.943598571023818, 3.2431773459252162, 1.354308038168296, 6.036418448520814, 1.4568735348880524, 0.14305404372782343, 1.553603425195241, 5.830698916771263, 5.689582463235355, 5.624370814744301, 2.0117805069215464, 0.6729370359972603, 0.8692198826969435, 0.22613944056788712, 0.3442831087060272, 0.1798085856277949, 0.5937222710409478, 0.6088413542423385, -0.3982305084436467, 1.12231926681565, 0.38095476215895285, 0.8719235294154941, 0.037596389410944786, -0.21224519801476216, 0.48691342786851033, -0.7475765585181371, 0.06977553495906962], [5.420074838221519, 3.9585690369259483, 1.1534069081167173, 0.5282731776255372, 4.188329780587534, 5.943598571023818, 3.2431773459252162, 1.354308038168296, 6.036418448520814, 1.4568735348880524, 0.14305404372782343, 1.553603425195241, 5.830698916771263, 5.689582463235355, 5.624370814744301, 2.0117805069215464, -0.20994314360981298, 0.3741035636775193, -0.26144146877872465, 0.3442831087060272, 0.1798085856277949, 0.5937222710409478, 0.3335474938272422, -0.25222114545477375, 0.6437793386064169, 0.38095476215895285, 0.8719235294154941, 0.037596389410944786, 4.775935535294747, 0.9964005274083139, 0.24451507595927605, 0.06977553349130748], [5.420074838221519, 3.9585690369259483, 1.1534069081167173, 0.5282731776255372, 4.188329780587534, 5.943598571023818, 3.2431773459252162, 1.354308038168296, 6.036418448520814, 1.4568735348880524, 0.14305404372782343, 1.553603425195241, 5.830698916771263, 5.689582463235355, 5.624370814744301, 2.0117805069215464, 1.5118333249763238, 0.6772772727407312, 0.6794942245151057, 0.3442831087060272, 0.1798085856277949, 0.5937222710409478, -0.20694912258810724, 0.06429781361252868, 1.4314525863199887, 0.38095476215895285, 0.8719235294154941, 0.037596389410944786, -0.18415649646512522, -0.3760355168007341, -0.46763223600879195, 0.0697755350152519], [5.420074838221519, 3.9585690369259483, 1.1534069081167173, 0.5282731776255372, 4.188329780587534, 5.943598571023818, 3.2431773459252162, 1.354308038168296, 6.036418448520814, 1.4568735348880524, 0.14305404372782343, 1.553603425195241, 5.830698916771263, 5.689582463235355, 5.624370814744301, 2.0117805069215464, 1.565853862835176, 1.5776988643418903, 1.5707332406164645, 0.3442831087060272, 0.1798085856277949, 0.5937222710409478, -0.007199502394917795, -0.04338228353339073, -0.021413837529853576, 0.38095476215895285, 0.8719235294154941, 0.037596389410944786, -0.020817325318333343, 0.0024483661613483483, 0.0015335083011918955, 0.06977553489948125]]]}}