{"iterations": 4000, "returned_params": [[[[]], [[]], [[]], [[]], [[0.5668426981894468, 1.8071536806602815, 0.4698366135262506, 5.091729871223006, 3.8802240579267155, 5.791980971310898, 1.059548220298544, 0.22981142284063458, 2.8339351210400863, 2.3931487759591055, 4.911505303192618, 2.7245341321580363, 2.844268437541427, 3.9320289984045402, 4.537090198375749, 1.5559007816151844]], [[-0.40113325263481686, 1.5856278794061691, 0.9122771920541681, 0.6613762868838469, 0.17571618632678088, 0.5773894831725432, 0.9389787590143803, 1.1239219873404709, 0.37102193845077247, 0.11138101331366923, 0.3493287359123922, 0.8786485161303825, 0.613670217440624, -1.3297270401185963, 1.2470496630836696, 0.7861406611268699]]], [[[]], [[]], [[]], [[]], [[0.7407172576684486, 1.5277542729941875, 0.4424675676081733, 5.091729871223006, 3.8802240579267155, 5.791980971310898, 2.085685679384549, 0.5863548721205176, 3.079319468055932, 2.3931487759591055, 4.911505303192618, 2.7245341321580363, 3.311689727451649, 3.4606525830512744, 4.9353606197961035, 1.371986859196426]], [[-0.329275716684857, 1.378330240756271, 1.1727345472258226, 0.6613762868838469, 0.17571618632678088, 0.5773894831725432, 1.2038117535406094, 0.8503475731325152, -0.1577730355606591, 0.11138101331366923, 0.3493287359123922, 0.8786485161303825, 1.1139590220709603, -0.8010491039624312, 0.09745086935188896, 0.7861406617043563]]]], "final_fidelity": 0.15479467587275514, "final_purity": -1, "optimized_trainable_parameters": {"initial_params": [[], [], [], [], [0.5668426981894468, 1.8071536806602815, 0.4698366135262506, 5.091729871223006, 3.8802240579267155, 5.791980971310898, 1.059548220298544, 0.22981142284063458, 2.8339351210400863, 2.3931487759591055, 4.911505303192618, 2.7245341321580363, 2.844268437541427, 3.9320289984045402, 4.537090198375749, 1.5559007816151844], [0.07829857808883056, 0.75369237525892, 0.62924452480418, 0.6613762868838469, 0.17571618632678088, 0.5773894831725432, 0.2069254702437746, 0.6533993243576406, 0.9708412172036218, 0.11138101331366923, 0.3493287359123922, 0.8786485161303825, 0.4482114366961081, 0.3978312716857195, 0.9004842453785311, 0.7861406617137139]], "lookup_table": [[[0.7407172576684486, 1.5277542729941875, 0.4424675676081733, 5.091729871223006, 3.8802240579267155, 5.791980971310898, 2.085685679384549, 0.5863548721205176, 3.079319468055932, 2.3931487759591055, 4.911505303192618, 2.7245341321580363, 3.311689727451649, 3.4606525830512744, 4.9353606197961035, 1.371986859196426, -0.40113325263481686, 1.5856278794061691, 0.9122771920541681, 0.6613762868838469, 0.17571618632678088, 0.5773894831725432, 0.9389787590143803, 1.1239219873404709, 0.37102193845077247, 0.11138101331366923, 0.3493287359123922, 0.8786485161303825, 0.613670217440624, -1.3297270401185963, 1.2470496630836696, 0.7861406611268699], [0.8081960602554875, 1.2176457797089522, -0.38724656152940234, 5.091729871223006, 3.8802240579267155, 5.791980971310898, 0.2393059289212458, 0.2259589331888608, 3.9042228757935313, 2.3931487759591055, 4.911505303192618, 2.7245341321580363, 3.353698515644872, 3.2083340286168904, 6.240379188959499, 1.5743592031427796, 0.6594316303878557, 1.4888520131075624, -0.6450926910721185, 0.6613762868838469, 0.17571618632678088, 0.5773894831725432, 1.020725214771799, 0.04914167255233229, 0.44312891732127796, 0.11138101331366923, 0.3493287359123922, 0.8786485161303825, -0.5176572680644914, -0.8318986883450277, 1.2364732422080769, 0.7861406617028587], [0.0, 0.0, 0.0, 0.0, 0.0, 0.0, 0.0, 0.0, 0.0, 0.0, 0.0, 0.0, 0.0, 0.0, 0.0, 0.0, 0.0, 0.0, 0.0, 0.0, 0.0, 0.0, 0.0, 0.0, 0.0, 0.0, 0.0, 0.0, 0.0, 0.0, 0.0, 0.0], [0.0, 0.0, 0.0, 0.0, 0.0, 0.0, 0.0, 0.0, 0.0, 0.0, 0.0, 0.0, 0.0, 0.0, 0.0, 0.0, 0.0, 0.0, 0.0, 0.0, 0.0, 0.0, 0.0, 0.0, 0.0, 0.0, 0.0, 0.0, 0.0, 0.0, 0.0, 0.0]], [[1.0198960209758234, 2.2682974164214884, 0.9401465987539189, 5.091729871223006, 3.8802240579267155, 5.791980971310898, 0.8685105036580777, 0.758178125688167, 3.1877147694074504, 2.3931487759591055, 4.911505303192618, 2.7245341321580363, 2.853555144670028, 3.7241084838024316, 5.364135028591993, 1.4852355995299327, -0.329275716684857, 1.378330240756271, 1.1727345472258226, 0.6613762868838469, 0.17571618632678088, 0.5773894831725432, 1.2038117535406094, 0.8503475731325152, -0.1577730355606591, 0.11138101331366923, 0.3493287359123922, 0.8786485161303825, 1.1139590220709603, -0.8010491039624312, 0.09745086935188896, 0.7861406617043563], [1.0198960209758234, 2.2682974164214884, 0.9401465987539189, 5.091729871223006, 3.8802240579267155, 5.791980971310898, 0.8685105036580777, 0.758178125688167, 3.1877147694074504, 2.3931487759591055, 4.911505303192618, 2.7245341321580363, 2.853555144670028, 3.7241084838024316, 5.364135028591993, 1.4852355995299327, 0.6504304335478893, 0.08279000671777999, -0.4712187390170594, 0.6613762868838469, 0.17571618632678088, 0.5773894831725432, 0.1780073597295226, 0.2963792179746953, 2.319884892953886, 0.11138101331366923, 0.3493287359123922, 0.8786485161303825, 0.7830972026174773, 0.5250838532449168, 0.14005571795352934, 0.7861406620715099], [1.0198960209758234, 2.2682974164214884, 0.9401465987539189, 5.091729871223006, 3.8802240579267155, 5.791980971310898, 0.8685105036580777, 0.758178125688167, 3.1877147694074504, 2.3931487759591055, 4.911505303192618, 2.7245341321580363, 2.853555144670028, 3.7241084838024316, 5.364135028591993, 1.4852355995299327, -0.8289135263307902, 0.20877809305978162, 0.3497025463416614, 0.6613762868838469, 0.17571618632678088, 0.5773894831725432, 0.30400675909835756, 1.0174655099388583, 0.2439896258225482, 0.11138101331366923, 0.3493287359123922, 0.8786485161303825, 0.8104740167592187, -0.7354076793099126, 0.9039838687342995, 0.7861406616947024], [1.0198960209758234, 2.2682974164214884, 0.9401465987539189, 5.091729871223006, 3.8802240579267155, 5.791980971310898, 0.8685105036580777, 0.758178125688167, 3.1877147694074504, 2.3931487759591055, 4.911505303192618, 2.7245341321580363, 2.853555144670028, 3.7241084838024316, 5.364135028591993, 1.4852355995299327, 0.9888670599105278, 0.8940622452360572, 1.2220666538753402, 0.6613762868838469, 0.17571618632678088, 0.5773894831725432, 0.3711346296646459, 0.5532596413343644, 1.3157525746291225, 0.11138101331366923, 0.3493287359123922, 0.8786485161303825, -0.7606787298121911, 0.21214595578347253, 1.1316692927370813, 0.7861406616308365]]]}}