{"fidelities_each_sample": [0.2469559634157176, 0.3629755956155463, 0.328067736148706, 0.3567770426635125, 0.3257712023938973, 0.31816943865947106, 0.29940965003419745, 0.27950443995394064, 0.3788513903093653, 0.4031351801729321], "average_fidelity": 0.3299617639367286, "training_params": {"N_samples": 10, "N_training_iterations": 4000, "learning_rate": 0.01, "convergence_threshold": 1e-06, "batch_size": 8, "eval_batch_size": 16, "evaluation_time_steps": 100}}