{"iterations": 4000, "returned_params": [[[[]], [[]], [[]], [[]], [[4.886609314184169, 3.445884453336937, 0.9883968035666661, 0.5282731776255372, 4.188329780587534, 5.943598571023818, 3.3202519758761926, 0.7209977825399055, 5.113472196984528, 1.4568735348880524, 0.14305404372782343, 1.553603425195241, 6.248753693997686, 6.2721345091589775, 6.270529760207404, 1.57079937120978]], [[0.002394917497599835, -0.0012759556869579637, 0.4873049265902805, 0.3442831087060272, 0.1798085856277949, 0.5937222710409478, 0.008089386901525475, 0.00046683351055822476, 0.7325353846867543, 0.38095476215895285, 0.8719235294154941, 0.037596389410944786, 0.2427555293230189, 0.4331092413047146, 0.4297537444807818, 0.06977553486030141]]], [[[]], [[]], [[]], [[]], [[5.297702385653621, 3.4739526670812713, 0.8583655307249579, 0.5282731776255372, 4.188329780587534, 5.943598571023818, 2.950033103501419, 1.7213043932143588, 2.9903909846006664, 1.4568735348880524, 0.14305404372782343, 1.553603425195241, 6.249877779336801, 6.241084953414468, 6.238747941696913, 1.5707963267948968]], [[1.579229304364374, 1.5732489931955875, 1.8835276526358526, 0.3442831087060272, 0.1798085856277949, 0.5937222710409478, 0.010949729315334448, 0.016557245058625908, 0.04260831323664417, 0.38095476215895285, 0.8719235294154941, 0.037596389410944786, -0.16547942882214053, 0.17707360731753158, 0.17521147050477578, 0.06977553462336675]]]], "final_fidelity": 0.9977227337364472, "final_purity": -1, "optimized_trainable_parameters": {"initial_params": [[], [], [], [], [4.886609314184169, 3.445884453336937, 0.9883968035666661, 0.5282731776255372, 4.188329780587534, 5.943598571023818, 3.3202519758761926, 0.7209977825399055, 5.113472196984528, 1.4568735348880524, 0.14305404372782343, 1.553603425195241, 6.248753693997686, 6.2721345091589775, 6.270529760207404, 1.57079937120978], [0.7629686968030167, 0.5157779310907755, 0.7615436436554233, 0.3442831087060272, 0.1798085856277949, 0.5937222710409478, 0.8030427624105341, 0.2090485622535314, 0.9636188991405543, 0.38095476215895285, 0.8719235294154941, 0.037596389410944786, 0.5967162494642011, 0.520225493689553, 0.1669604703213785, 0.0697755349439706]], "lookup_table": [[[5.0768664512919095, 3.2111986080338957, 1.413395616928812, 0.5282731776255372, 4.188329780587534, 5.943598571023818, 3.1558827259256903, 1.4015838222017782, 5.050645701564653, 1.4568735348880524, 0.14305404372782343, 1.553603425195241, 6.147396661155001, 6.178705228557204, 6.1219295699331235, 1.5714807070549601, 0.5472766602586742, 0.6560835461801855, 0.9698181677925349, 0.3442831087060272, 0.1798085856277949, 0.5937222710409478, -0.01120359533079183, -0.6652557343153627, 0.2091919087433368, 0.38095476215895285, 0.8719235294154941, 0.037596389410944786, 0.14089648719713044, -0.3256693037953741, -0.12174258759149958, 0.06977553470912388], [5.297702385653621, 3.4739526670812713, 0.8583655307249579, 0.5282731776255372, 4.188329780587534, 5.943598571023818, 2.950033103501419, 1.7213043932143588, 2.9903909846006664, 1.4568735348880524, 0.14305404372782343, 1.553603425195241, 6.249877779336801, 6.241084953414468, 6.238747941696913, 1.5707963267948968, 0.002394917497599835, -0.0012759556869579637, 0.4873049265902805, 0.3442831087060272, 0.1798085856277949, 0.5937222710409478, 0.008089386901525475, 0.00046683351055822476, 0.7325353846867543, 0.38095476215895285, 0.8719235294154941, 0.037596389410944786, 0.2427555293230189, 0.4331092413047146, 0.4297537444807818, 0.06977553486030141], [0.0, 0.0, 0.0, 0.0, 0.0, 0.0, 0.0, 0.0, 0.0, 0.0, 0.0, 0.0, 0.0, 0.0, 0.0, 0.0, 0.0, 0.0, 0.0, 0.0, 0.0, 0.0, 0.0, 0.0, 0.0, 0.0, 0.0, 0.0, 0.0, 0.0, 0.0, 0.0], [0.0, 0.0, 0.0, 0.0, 0.0, 0.0, 0.0, 0.0, 0.0, 0.0, 0.0, 0.0, 0.0, 0.0, 0.0, 0.0, 0.0, 0.0, 0.0, 0.0, 0.0, 0.0, 0.0, 0.0, 0.0, 0.0, 0.0, 0.0, 0.0, 0.0, 0.0, 0.0]], [[5.420074838221519, 3.9585690369259483, 1.1534069081167173, 0.5282731776255372, 4.188329780587534, 5.943598571023818, 3.2431773459252162, 1.354308038168296, 6.036418448520814, 1.4568735348880524, 0.14305404372782343, 1.553603425195241, 5.830698916771263, 5.689582463235355, 5.624370814744301, 2.0117805069215464, 0.5628100570792064, 0.9756219009362074, -0.0018111808209070445, 0.3442831087060272, 0.1798085856277949, 0.5937222710409478, 0.25579483712928275, -0.1802198507298344, 1.0636359705461846, 0.38095476215895285, 0.8719235294154941, 0.037596389410944786, 0.009269935795530008, 0.04950061951994483, -0.41211926480239425, 0.06977553497920508], [5.420074838221519, 3.9585690369259483, 1.1534069081167173, 0.5282731776255372, 4.188329780587534, 5.943598571023818, 3.2431773459252162, 1.354308038168296, 6.036418448520814, 1.4568735348880524, 0.14305404372782343, 1.553603425195241, 5.830698916771263, 5.689582463235355, 5.624370814744301, 2.0117805069215464, 0.4656570650427815, 1.177998086959531, -0.16555357026574227, 0.3442831087060272, 0.1798085856277949, 0.5937222710409478, 0.9029652242999847, 1.0875980362179616, 0.22969924450236864, 0.38095476215895285, 0.8719235294154941, 0.037596389410944786, -0.32464820528925187, 0.513862467016168, 0.243243990260893, 0.0697755348981596], [5.420074838221519, 3.9585690369259483, 1.1534069081167173, 0.5282731776255372, 4.188329780587534, 5.943598571023818, 3.2431773459252162, 1.354308038168296, 6.036418448520814, 1.4568735348880524, 0.14305404372782343, 1.553603425195241, 5.830698916771263, 5.689582463235355, 5.624370814744301, 2.0117805069215464, 1.3695831055111514, 2.364647460398119, 1.0108544023230066, 0.3442831087060272, 0.1798085856277949, 0.5937222710409478, 0.0390818062162311, 1.0842853059355193, 2.562536088337825, 0.38095476215895285, 0.8719235294154941, 0.037596389410944786, -0.20737112679464842, -0.4993916214636857, -0.2976626964117069, 0.06977555740093731], [5.420074838221519, 3.9585690369259483, 1.1534069081167173, 0.5282731776255372, 4.188329780587534, 5.943598571023818, 3.2431773459252162, 1.354308038168296, 6.036418448520814, 1.4568735348880524, 0.14305404372782343, 1.553603425195241, 5.830698916771263, 5.689582463235355, 5.624370814744301, 2.0117805069215464, 1.579229304364374, 1.5732489931955875, 1.8835276526358526, 0.3442831087060272, 0.1798085856277949, 0.5937222710409478, 0.010949729315334448, 0.016557245058625908, 0.04260831323664417, 0.38095476215895285, 0.8719235294154941, 0.037596389410944786, -0.16547942882214053, 0.17707360731753158, 0.17521147050477578, 0.06977553462336675]]]}}