{"fidelities_each_sample": [0.2546444245164478, 0.38417806164596136, 0.26651389002659703, 0.3615945856104792, 0.2852699903182398, 0.32703715412249246, 0.26527096092635627, 0.29412132707102123, 0.37640157491899534, 0.36060607626935987], "average_fidelity": 0.3175638045425951, "training_params": {"N_samples": 10, "N_training_iterations": 4000, "learning_rate": 0.01, "convergence_threshold": 1e-06, "batch_size": 8, "eval_batch_size": 16, "evaluation_time_steps": 100}}