{"fidelities_each_sample": [0.2853977458245993, 0.4019083005935376, 0.30638260473639434, 0.3234785204803948, 0.35285903783843237, 0.3235208323196693, 0.31451153722934294, 0.3325051748958062, 0.3778330549212305, 0.3491698442311998], "average_fidelity": 0.3367566653070607, "training_params": {"N_samples": 10, "N_training_iterations": 4000, "learning_rate": 0.01, "convergence_threshold": 1e-06, "batch_size": 8, "eval_batch_size": 16, "evaluation_time_steps": 100}}