{"fidelities_each_sample": [0.25537722181095723, 0.36799436412680425, 0.2807773072113077, 0.3304167114956724, 0.3394969672137551, 0.32129673307630985, 0.29939411504712354, 0.24386606947008166, 0.359919537874811, 0.3521867134887155], "average_fidelity": 0.3150725740815538, "training_params": {"N_samples": 10, "N_training_iterations": 4000, "learning_rate": 0.01, "convergence_threshold": 1e-06, "batch_size": 8, "eval_batch_size": 16, "evaluation_time_steps": 100}}