{"iterations": 4000, "returned_params": [[[[]], [[]], [[]], [[]], [[4.584873012250254, 3.2606199801996643, 2.143874717791452, 0.5282731776255372, 4.188329780587534, 5.943598571023818, 3.692542559654538, 1.2778495154349778, 4.73111660433416, 1.4568735348880524, 0.14305404372782343, 1.553603425195241, 6.325439807007939, 6.256721204617336, 6.246401550525185, 1.5698237742464252]], [[-0.0007900437166020127, 0.005035332767920154, 0.8667633416811295, 0.3442831087060272, 0.1798085856277949, 0.5937222710409478, 0.016923123269489658, -0.003474338282095351, 1.2390909934536625, 0.38095476215895285, 0.8719235294154941, 0.037596389410944786, -0.15706643481748148, 0.3619653358378935, 0.353121832012486, 0.06977553505023706]]], [[[]], [[]], [[]], [[]], [[5.137823930146508, 3.5288455355040593, 0.8892857879785598, 0.5282731776255372, 4.188329780587534, 5.943598571023818, 2.9997879963567, 1.6232322383593014, 2.943859566936893, 1.4568735348880524, 0.14305404372782343, 1.553603425195241, 6.31017619745772, 6.278370940849576, 6.255505313868092, 1.5707963267948966]], [[1.5660624235473983, 1.574918906730074, 1.8467760796561787, 0.3442831087060272, 0.1798085856277949, 0.5937222710409478, -0.0035772025973312793, -0.0404758552780449, -0.05798964657976344, 0.38095476215895285, 0.8719235294154941, 0.037596389410944786, -0.1298596909568885, 0.1342936621465412, 0.12814733996984473, 0.06977553490699345]]]], "final_fidelity": 0.9983986499297622, "final_purity": -1, "optimized_trainable_parameters": {"initial_params": [[], [], [], [], [4.584873012250254, 3.2606199801996643, 2.143874717791452, 0.5282731776255372, 4.188329780587534, 5.943598571023818, 3.692542559654538, 1.2778495154349778, 4.73111660433416, 1.4568735348880524, 0.14305404372782343, 1.553603425195241, 6.325439807007939, 6.256721204617336, 6.246401550525185, 1.5698237742464252], [0.7629686968030167, 0.5157779310907755, 0.7615436436554233, 0.3442831087060272, 0.1798085856277949, 0.5937222710409478, 0.8030427624105341, 0.2090485622535314, 0.9636188991405543, 0.38095476215895285, 0.8719235294154941, 0.037596389410944786, 0.5967162494642011, 0.520225493689553, 0.1669604703213785, 0.0697755349439706]], "lookup_table": [[[5.3983714373981675, 3.2718686490149764, 0.8270414675728653, 0.5282731776255372, 4.188329780587534, 5.943598571023818, 2.760301073711957, 1.5462368423131825, 3.618233950460702, 1.4568735348880524, 0.14305404372782343, 1.553603425195241, 6.238812009254615, 6.330382330261287, 6.142253306661335, 1.5489411467971843, 2.193984413733092, -0.09109344032212463, 1.4625918410458167, 0.3442831087060272, 0.1798085856277949, 0.5937222710409478, 1.7520743811416273, -0.9191065412046746, 1.4482881746831766, 0.38095476215895285, 0.8719235294154941, 0.037596389410944786, -0.7766892232663293, 0.03142901499753414, -0.9441985572062281, 0.06977553421573454], [5.137823930146508, 3.5288455355040593, 0.8892857879785598, 0.5282731776255372, 4.188329780587534, 5.943598571023818, 2.9997879963567, 1.6232322383593014, 2.943859566936893, 1.4568735348880524, 0.14305404372782343, 1.553603425195241, 6.31017619745772, 6.278370940849576, 6.255505313868092, 1.5707963267948966, -0.0007900437166020127, 0.005035332767920154, 0.8667633416811295, 0.3442831087060272, 0.1798085856277949, 0.5937222710409478, 0.016923123269489658, -0.003474338282095351, 1.2390909934536625, 0.38095476215895285, 0.8719235294154941, 0.037596389410944786, -0.15706643481748148, 0.3619653358378935, 0.353121832012486, 0.06977553505023706], [0.0, 0.0, 0.0, 0.0, 0.0, 0.0, 0.0, 0.0, 0.0, 0.0, 0.0, 0.0, 0.0, 0.0, 0.0, 0.0, 0.0, 0.0, 0.0, 0.0, 0.0, 0.0, 0.0, 0.0, 0.0, 0.0, 0.0, 0.0, 0.0, 0.0, 0.0, 0.0], [0.0, 0.0, 0.0, 0.0, 0.0, 0.0, 0.0, 0.0, 0.0, 0.0, 0.0, 0.0, 0.0, 0.0, 0.0, 0.0, 0.0, 0.0, 0.0, 0.0, 0.0, 0.0, 0.0, 0.0, 0.0, 0.0, 0.0, 0.0, 0.0, 0.0, 0.0, 0.0]], [[5.420074838221519, 3.9585690369259483, 1.1534069081167173, 0.5282731776255372, 4.188329780587534, 5.943598571023818, 3.2431773459252162, 1.354308038168296, 6.036418448520814, 1.4568735348880524, 0.14305404372782343, 1.553603425195241, 5.830698916771263, 5.689582463235355, 5.624370814744301, 2.0117805069215464, 1.0959111104572703, 0.7958842656600947, 0.7846514402826427, 0.3442831087060272, 0.1798085856277949, 0.5937222710409478, 0.31826954764354465, -0.27541740880226284, 1.1820381694810895, 0.38095476215895285, 0.8719235294154941, 0.037596389410944786, -0.23823801632843036, 0.43841492755965583, -1.1151645356103195, 0.06977553495159487], [5.420074838221519, 3.9585690369259483, 1.1534069081167173, 0.5282731776255372, 4.188329780587534, 5.943598571023818, 3.2431773459252162, 1.354308038168296, 6.036418448520814, 1.4568735348880524, 0.14305404372782343, 1.553603425195241, 5.830698916771263, 5.689582463235355, 5.624370814744301, 2.0117805069215464, -0.3365945668079642, 0.2966957702168981, 0.5907141331525956, 0.3442831087060272, 0.1798085856277949, 0.5937222710409478, 0.10013202868414206, -0.16294782074595734, 1.0563017485660997, 0.38095476215895285, 0.8719235294154941, 0.037596389410944786, 4.305482416315525, 1.3010332922515042, 0.37327596656107875, 0.06977553484796849], [5.420074838221519, 3.9585690369259483, 1.1534069081167173, 0.5282731776255372, 4.188329780587534, 5.943598571023818, 3.2431773459252162, 1.354308038168296, 6.036418448520814, 1.4568735348880524, 0.14305404372782343, 1.553603425195241, 5.830698916771263, 5.689582463235355, 5.624370814744301, 2.0117805069215464, 1.4712476758006152, 0.6697413087802693, 0.7478227640050501, 0.3442831087060272, 0.1798085856277949, 0.5937222710409478, -0.2603704811479141, 0.037925887517153214, 1.372705585765091, 0.38095476215895285, 0.8719235294154941, 0.037596389410944786, -0.10005576085401709, -0.3608375629171283, -0.5088889184982983, 0.06977553500451215], [5.420074838221519, 3.9585690369259483, 1.1534069081167173, 0.5282731776255372, 4.188329780587534, 5.943598571023818, 3.2431773459252162, 1.354308038168296, 6.036418448520814, 1.4568735348880524, 0.14305404372782343, 1.553603425195241, 5.830698916771263, 5.689582463235355, 5.624370814744301, 2.0117805069215464, 1.5660624235473983, 1.574918906730074, 1.8467760796561787, 0.3442831087060272, 0.1798085856277949, 0.5937222710409478, -0.0035772025973312793, -0.0404758552780449, -0.05798964657976344, 0.38095476215895285, 0.8719235294154941, 0.037596389410944786, -0.1298596909568885, 0.1342936621465412, 0.12814733996984473, 0.06977553490699345]]]}}