{"fidelities_each_sample": [0.29245109659278806, 0.3879432275521979, 0.2423500794746375, 0.33191162681971337, 0.2753626972751857, 0.3229088423429845, 0.332311681104682, 0.31407119327394156, 0.4094788355928847, 0.3490456560747027], "average_fidelity": 0.3257834936103718, "training_params": {"N_samples": 10, "N_training_iterations": 4000, "learning_rate": 0.01, "convergence_threshold": 1e-06, "batch_size": 8, "eval_batch_size": 16, "evaluation_time_steps": 100}}