{"iterations": 4000, "returned_params": [[[[]], [[]], [[]], [[]], [[1.0802867176555375, 0.19815754470122246, 0.034803006987872184, 5.091729871223006, 3.8802240579267155, 5.791980971310898, 0.9573413345512373, 0.036406481521492194, -0.09241828889109013, 2.3931487759591055, 4.911505303192618, 2.7245341321580363, 3.0719633923602587, 3.097007163101988, 6.224833715851782, 1.5707963267948968]], [[-0.001553425825917951, -0.004804607704761097, 0.5465256079677429, 0.6613762868838469, 0.17571618632678088, 0.5773894831725432, 0.008005854457565006, 0.001855515245901552, 1.3492109214809151, 0.11138101331366923, 0.3493287359123922, 0.8786485161303825, 0.17937565120403762, 0.20767428116559764, 0.2055642516497784, 0.7861406621414787]]], [[[]], [[]], [[]], [[]], [[0.7149450269580043, 1.7126672221053947, -1.5607157333560937, 5.091729871223006, 3.8802240579267155, 5.791980971310898, -0.32132617182852996, -1.2385182719237084, 4.838123674030008, 2.3931487759591055, 4.911505303192618, 2.7245341321580363, 3.148346926148607, 3.1631785231576517, 6.291484216759282, 1.570796325312968]], [[1.5690692031472735, 1.574803956283294, 3.053621050471123, 0.6613762868838469, 0.17571618632678088, 0.5773894831725432, 0.00927441511637734, 0.006763711334072393, 0.06028676721155439, 0.11138101331366923, 0.3493287359123922, 0.8786485161303825, -0.7259993340752451, 0.7387309015931046, 0.7503926366931801, 0.7861406606402124]]]], "final_fidelity": 0.997699094072052, "final_purity": -1, "optimized_trainable_parameters": {"initial_params": [[], [], [], [], [1.0802867176555375, 0.19815754470122246, 0.034803006987872184, 5.091729871223006, 3.8802240579267155, 5.791980971310898, 0.9573413345512373, 0.036406481521492194, -0.09241828889109013, 2.3931487759591055, 4.911505303192618, 2.7245341321580363, 3.0719633923602587, 3.097007163101988, 6.224833715851782, 1.5707963267948968], [0.07829857808883056, 0.75369237525892, 0.62924452480418, 0.6613762868838469, 0.17571618632678088, 0.5773894831725432, 0.2069254702437746, 0.6533993243576406, 0.9708412172036218, 0.11138101331366923, 0.3493287359123922, 0.8786485161303825, 0.4482114366961081, 0.3978312716857195, 0.9004842453785311, 0.7861406617137139]], "lookup_table": [[[1.6682631239443126, 2.892928907665432, 1.3287532361004675, 5.091729871223006, 3.8802240579267155, 5.791980971310898, 1.5692620803368549, 0.5826344956165453, 3.3980615288723843, 2.3931487759591055, 4.911505303192618, 2.7245341321580363, 3.310039647291827, 3.236360947611922, 6.4570388044517175, 1.5709700269276563, -0.06436899447097694, 0.8361966503879049, 0.7197994353428856, 0.6613762868838469, 0.17571618632678088, 0.5773894831725432, -0.03711682505806807, -0.570666977646607, 0.17847901034095054, 0.11138101331366923, 0.3493287359123922, 0.8786485161303825, -0.45488724277325, 0.31247456085348685, -0.025542188908715943, 0.78614066196786], [0.7149450269580043, 1.7126672221053947, -1.5607157333560937, 5.091729871223006, 3.8802240579267155, 5.791980971310898, -0.32132617182852996, -1.2385182719237084, 4.838123674030008, 2.3931487759591055, 4.911505303192618, 2.7245341321580363, 3.148346926148607, 3.1631785231576517, 6.291484216759282, 1.570796325312968, -0.001553425825917951, -0.004804607704761097, 0.5465256079677429, 0.6613762868838469, 0.17571618632678088, 0.5773894831725432, 0.008005854457565006, 0.001855515245901552, 1.3492109214809151, 0.11138101331366923, 0.3493287359123922, 0.8786485161303825, 0.17937565120403762, 0.20767428116559764, 0.2055642516497784, 0.7861406621414787], [0.0, 0.0, 0.0, 0.0, 0.0, 0.0, 0.0, 0.0, 0.0, 0.0, 0.0, 0.0, 0.0, 0.0, 0.0, 0.0, 0.0, 0.0, 0.0, 0.0, 0.0, 0.0, 0.0, 0.0, 0.0, 0.0, 0.0, 0.0, 0.0, 0.0, 0.0, 0.0], [0.0, 0.0, 0.0, 0.0, 0.0, 0.0, 0.0, 0.0, 0.0, 0.0, 0.0, 0.0, 0.0, 0.0, 0.0, 0.0, 0.0, 0.0, 0.0, 0.0, 0.0, 0.0, 0.0, 0.0, 0.0, 0.0, 0.0, 0.0, 0.0, 0.0, 0.0, 0.0]], [[1.0198960209758234, 2.2682974164214884, 0.9401465987539189, 5.091729871223006, 3.8802240579267155, 5.791980971310898, 0.8685105036580777, 0.758178125688167, 3.1877147694074504, 2.3931487759591055, 4.911505303192618, 2.7245341321580363, 2.853555144670028, 3.7241084838024316, 5.364135028591993, 1.4852355995299327, -1.2397231147487566, 0.9390440283629393, 0.174788696818714, 0.6613762868838469, 0.17571618632678088, 0.5773894831725432, 0.23826018401734084, 0.6852904519829313, -0.6730405433583068, 0.11138101331366923, 0.3493287359123922, 0.8786485161303825, 0.9259583878612159, -0.22167236063944223, 0.439904312234958, 0.7861406617146294], [1.0198960209758234, 2.2682974164214884, 0.9401465987539189, 5.091729871223006, 3.8802240579267155, 5.791980971310898, 0.8685105036580777, 0.758178125688167, 3.1877147694074504, 2.3931487759591055, 4.911505303192618, 2.7245341321580363, 2.853555144670028, 3.7241084838024316, 5.364135028591993, 1.4852355995299327, 1.7708487640921107, 1.4051006772886727, 1.4744162834063588, 0.6613762868838469, 0.17571618632678088, 0.5773894831725432, 0.20313116748667687, 0.6242843566708819, 1.4904641611135614, 0.11138101331366923, 0.3493287359123922, 0.8786485161303825, -0.4470500150593366, 0.7257073767373204, 0.49086300529815496, 0.7861406619003758], [1.0198960209758234, 2.2682974164214884, 0.9401465987539189, 5.091729871223006, 3.8802240579267155, 5.791980971310898, 0.8685105036580777, 0.758178125688167, 3.1877147694074504, 2.3931487759591055, 4.911505303192618, 2.7245341321580363, 2.853555144670028, 3.7241084838024316, 5.364135028591993, 1.4852355995299327, -1.5744131751218993, 0.25504057943695657, 1.0298603508869837, 0.6613762868838469, 0.17571618632678088, 0.5773894831725432, -0.39391277814528813, 0.8947795093725943, 0.6913729953807393, 0.11138101331366923, 0.3493287359123922, 0.8786485161303825, 1.6041111233591232, -0.7650233900722433, 0.73793158454142, 0.7861406615476064], [1.0198960209758234, 2.2682974164214884, 0.9401465987539189, 5.091729871223006, 3.8802240579267155, 5.791980971310898, 0.8685105036580777, 0.758178125688167, 3.1877147694074504, 2.3931487759591055, 4.911505303192618, 2.7245341321580363, 2.853555144670028, 3.7241084838024316, 5.364135028591993, 1.4852355995299327, 1.5690692031472735, 1.574803956283294, 3.053621050471123, 0.6613762868838469, 0.17571618632678088, 0.5773894831725432, 0.00927441511637734, 0.006763711334072393, 0.06028676721155439, 0.11138101331366923, 0.3493287359123922, 0.8786485161303825, -0.7259993340752451, 0.7387309015931046, 0.7503926366931801, 0.7861406606402124]]]}}