{"iterations": 4000, "returned_params": [[[[]], [[]], [[]], [[]], [[4.767030804547631, 3.3597918040457335, 0.894748905704946, 0.5282731776255372, 4.188329780587534, 5.943598571023818, 3.50482779906584, 0.908543022916058, 4.958806155098378, 1.4568735348880524, 0.14305404372782343, 1.553603425195241, 6.271005445461511, 6.2598870462671785, 6.258031601717822, 1.5707962803878073]], [[0.005198128874105423, 0.013521858264908752, 0.6982333412645876, 0.3442831087060272, 0.1798085856277949, 0.5937222710409478, 0.012820602711273218, -0.007208345121237323, 1.3448679602545903, 0.38095476215895285, 0.8719235294154941, 0.037596389410944786, -0.09854071711270448, 0.3805717256162615, 0.3764289618322682, 0.06977553471653966]]], [[[]], [[]], [[]], [[]], [[5.178677629407226, 3.505029997329369, 0.9205941984195151, 0.5282731776255372, 4.188329780587534, 5.943598571023818, 2.9694228942511645, 1.6419340010472756, 2.9199104410433496, 1.4568735348880524, 0.14305404372782343, 1.553603425195241, 6.312711541179999, 6.277955404702871, 6.254683990164391, 1.5707963267948966]], [[1.5652570847109943, 1.5740770297504503, 1.8357012737406144, 0.3442831087060272, 0.1798085856277949, 0.5937222710409478, -0.00415404798285427, -0.030553670519865756, -0.04232388775304362, 0.38095476215895285, 0.8719235294154941, 0.037596389410944786, -0.13685546521031366, 0.13599536486001942, 0.14237254959078696, 0.06977553474793746]]]], "final_fidelity": 0.9979581775710744, "final_purity": -1, "optimized_trainable_parameters": {"initial_params": [[], [], [], [], [4.767030804547631, 3.3597918040457335, 0.894748905704946, 0.5282731776255372, 4.188329780587534, 5.943598571023818, 3.50482779906584, 0.908543022916058, 4.958806155098378, 1.4568735348880524, 0.14305404372782343, 1.553603425195241, 6.271005445461511, 6.2598870462671785, 6.258031601717822, 1.5707962803878073], [0.7629686968030167, 0.5157779310907755, 0.7615436436554233, 0.3442831087060272, 0.1798085856277949, 0.5937222710409478, 0.8030427624105341, 0.2090485622535314, 0.9636188991405543, 0.38095476215895285, 0.8719235294154941, 0.037596389410944786, 0.5967162494642011, 0.520225493689553, 0.1669604703213785, 0.0697755349439706]], "lookup_table": [[[5.145375875957663, 3.3619221208135466, 1.173861857881552, 0.5282731776255372, 4.188329780587534, 5.943598571023818, 3.53984634231443, 0.9007666937058626, 4.901345593538193, 1.4568735348880524, 0.14305404372782343, 1.553603425195241, 6.358803336507668, 6.362414169993778, 6.307879772178311, 1.666932473727216, 2.1968286641266146, -0.07800802743067199, 1.3666730154593139, 0.3442831087060272, 0.1798085856277949, 0.5937222710409478, 2.0940504386911467, -0.8934103456021739, 1.565505192441824, 0.38095476215895285, 0.8719235294154941, 0.037596389410944786, -0.9680803991968581, -0.07483383454473716, -0.971953716869566, 0.06977553541586427], [5.178677629407226, 3.505029997329369, 0.9205941984195151, 0.5282731776255372, 4.188329780587534, 5.943598571023818, 2.9694228942511645, 1.6419340010472756, 2.9199104410433496, 1.4568735348880524, 0.14305404372782343, 1.553603425195241, 6.312711541179999, 6.277955404702871, 6.254683990164391, 1.5707963267948966, 0.005198128874105423, 0.013521858264908752, 0.6982333412645876, 0.3442831087060272, 0.1798085856277949, 0.5937222710409478, 0.012820602711273218, -0.007208345121237323, 1.3448679602545903, 0.38095476215895285, 0.8719235294154941, 0.037596389410944786, -0.09854071711270448, 0.3805717256162615, 0.3764289618322682, 0.06977553471653966], [0.0, 0.0, 0.0, 0.0, 0.0, 0.0, 0.0, 0.0, 0.0, 0.0, 0.0, 0.0, 0.0, 0.0, 0.0, 0.0, 0.0, 0.0, 0.0, 0.0, 0.0, 0.0, 0.0, 0.0, 0.0, 0.0, 0.0, 0.0, 0.0, 0.0, 0.0, 0.0], [0.0, 0.0, 0.0, 0.0, 0.0, 0.0, 0.0, 0.0, 0.0, 0.0, 0.0, 0.0, 0.0, 0.0, 0.0, 0.0, 0.0, 0.0, 0.0, 0.0, 0.0, 0.0, 0.0, 0.0, 0.0, 0.0, 0.0, 0.0, 0.0, 0.0, 0.0, 0.0]], [[5.420074838221519, 3.9585690369259483, 1.1534069081167173, 0.5282731776255372, 4.188329780587534, 5.943598571023818, 3.2431773459252162, 1.354308038168296, 6.036418448520814, 1.4568735348880524, 0.14305404372782343, 1.553603425195241, 5.830698916771263, 5.689582463235355, 5.624370814744301, 2.0117805069215464, 0.5722204459087762, 0.785554887630821, 0.10908063284914453, 0.3442831087060272, 0.1798085856277949, 0.5937222710409478, 0.45818057460523137, -0.26142216840076776, 0.9992771659624817, 0.38095476215895285, 0.8719235294154941, 0.037596389410944786, -0.06518118011453011, 0.19459718842990295, -0.4981611841587303, 0.06977553496728228], [5.420074838221519, 3.9585690369259483, 1.1534069081167173, 0.5282731776255372, 4.188329780587534, 5.943598571023818, 3.2431773459252162, 1.354308038168296, 6.036418448520814, 1.4568735348880524, 0.14305404372782343, 1.553603425195241, 5.830698916771263, 5.689582463235355, 5.624370814744301, 2.0117805069215464, 1.006533546131077, -0.11069693599266614, 1.528991729082866, 0.3442831087060272, 0.1798085856277949, 0.5937222710409478, 0.346448646433785, -1.0067198800146995, 1.2550347993381996, 0.38095476215895285, 0.8719235294154941, 0.037596389410944786, 0.881709204207511, 0.6184307410722705, 0.9100069931804982, 0.06977553495377314], [5.420074838221519, 3.9585690369259483, 1.1534069081167173, 0.5282731776255372, 4.188329780587534, 5.943598571023818, 3.2431773459252162, 1.354308038168296, 6.036418448520814, 1.4568735348880524, 0.14305404372782343, 1.553603425195241, 5.830698916771263, 5.689582463235355, 5.624370814744301, 2.0117805069215464, 1.3307511647216028, 0.7220331359513543, 0.6801540627173565, 0.3442831087060272, 0.1798085856277949, 0.5937222710409478, -0.1865947473910044, 0.04372795136528554, 1.3116067982038817, 0.38095476215895285, 0.8719235294154941, 0.037596389410944786, -0.2275864467258234, -0.30261338277640876, -0.41192685293461756, 0.0697755350170097], [5.420074838221519, 3.9585690369259483, 1.1534069081167173, 0.5282731776255372, 4.188329780587534, 5.943598571023818, 3.2431773459252162, 1.354308038168296, 6.036418448520814, 1.4568735348880524, 0.14305404372782343, 1.553603425195241, 5.830698916771263, 5.689582463235355, 5.624370814744301, 2.0117805069215464, 1.5652570847109943, 1.5740770297504503, 1.8357012737406144, 0.3442831087060272, 0.1798085856277949, 0.5937222710409478, -0.00415404798285427, -0.030553670519865756, -0.04232388775304362, 0.38095476215895285, 0.8719235294154941, 0.037596389410944786, -0.13685546521031366, 0.13599536486001942, 0.14237254959078696, 0.06977553474793746]]]}}