{"fidelities_each_sample": [0.2412918537173204, 0.38136039020732315, 0.31143595427195303, 0.3361946115420152, 0.30852315684576864, 0.326105562312111, 0.30342434832645226, 0.24916420394144698, 0.37168129698085683, 0.38556887663205447], "average_fidelity": 0.3214750254777302, "training_params": {"N_samples": 10, "N_training_iterations": 4000, "learning_rate": 0.01, "convergence_threshold": 1e-06, "batch_size": 8, "eval_batch_size": 16, "evaluation_time_steps": 100}}