{"iterations": 4000, "returned_params": [[[[]], [[]], [[]], [[]], [[1.2238165917522164, -0.07721286002755619, -0.03321972983092954, 5.091729871223006, 3.8802240579267155, 5.791980971310898, 0.6993829296477846, -0.06608940766235268, -0.012789166785508076, 2.3931487759591055, 4.911505303192618, 2.7245341321580363, 3.12241065654724, 3.107063415701574, 6.254836968857026, 1.5707951674095342]], [[0.002120828471122419, 0.0026615120826750287, 0.8717362328378107, 0.6613762868838469, 0.17571618632678088, 0.5773894831725432, 0.011001284953277174, -0.003034486673060074, 1.0383756332801477, 0.11138101331366923, 0.3493287359123922, 0.8786485161303825, 0.6740701853909503, 0.21777321092403798, 0.21731701546449714, 0.7861406616373033]]], [[[]], [[]], [[]], [[]], [[-0.3267704469174153, 0.06400042495800178, 0.06710476159306726, 5.091729871223006, 3.8802240579267155, 5.791980971310898, 0.5660313173658162, 0.021010878883077053, 0.16953792098416956, 2.3931487759591055, 4.911505303192618, 2.7245341321580363, 3.171352140708787, 3.1614448030823405, 6.296364403265801, 1.5707963267948966]], [[1.5710412075069147, 1.568777762524205, 3.2800820668069592, 0.6613762868838469, 0.17571618632678088, 0.5773894831725432, 0.00910203202692026, -0.002202637069924245, 0.05416565529623125, 0.11138101331366923, 0.3493287359123922, 0.8786485161303825, -0.8764184289209788, 0.8650691910891596, 0.8782070879498728, 0.7861406613549909]]]], "final_fidelity": 0.9981288514005318, "final_purity": -1, "optimized_trainable_parameters": {"initial_params": [[], [], [], [], [1.2238165917522164, -0.07721286002755619, -0.03321972983092954, 5.091729871223006, 3.8802240579267155, 5.791980971310898, 0.6993829296477846, -0.06608940766235268, -0.012789166785508076, 2.3931487759591055, 4.911505303192618, 2.7245341321580363, 3.12241065654724, 3.107063415701574, 6.254836968857026, 1.5707951674095342], [0.07829857808883056, 0.75369237525892, 0.62924452480418, 0.6613762868838469, 0.17571618632678088, 0.5773894831725432, 0.2069254702437746, 0.6533993243576406, 0.9708412172036218, 0.11138101331366923, 0.3493287359123922, 0.8786485161303825, 0.4482114366961081, 0.3978312716857195, 0.9004842453785311, 0.7861406617137139]], "lookup_table": [[[1.2452286476479146, 1.6484023865422284, 0.7492772952962363, 5.091729871223006, 3.8802240579267155, 5.791980971310898, 0.6833760028940592, 0.4055353329344025, 5.240982202066318, 2.3931487759591055, 4.911505303192618, 2.7245341321580363, 3.2534550126197077, 3.3547036667963033, 4.58963909861303, 1.5697427502695895, -0.9785305479290397, 0.7893505460993732, 1.6882319483799488, 0.6613762868838469, 0.17571618632678088, 0.5773894831725432, 1.7049934143860352, 1.1968032363390297, 1.8645041091431087, 0.11138101331366923, 0.3493287359123922, 0.8786485161303825, -0.8063196544792942, 0.531519534186503, 1.138122410602208, 0.7861406619655644], [-0.3267704469174153, 0.06400042495800178, 0.06710476159306726, 5.091729871223006, 3.8802240579267155, 5.791980971310898, 0.5660313173658162, 0.021010878883077053, 0.16953792098416956, 2.3931487759591055, 4.911505303192618, 2.7245341321580363, 3.171352140708787, 3.1614448030823405, 6.296364403265801, 1.5707963267948966, 0.002120828471122419, 0.0026615120826750287, 0.8717362328378107, 0.6613762868838469, 0.17571618632678088, 0.5773894831725432, 0.011001284953277174, -0.003034486673060074, 1.0383756332801477, 0.11138101331366923, 0.3493287359123922, 0.8786485161303825, 0.6740701853909503, 0.21777321092403798, 0.21731701546449714, 0.7861406616373033], [0.0, 0.0, 0.0, 0.0, 0.0, 0.0, 0.0, 0.0, 0.0, 0.0, 0.0, 0.0, 0.0, 0.0, 0.0, 0.0, 0.0, 0.0, 0.0, 0.0, 0.0, 0.0, 0.0, 0.0, 0.0, 0.0, 0.0, 0.0, 0.0, 0.0, 0.0, 0.0], [0.0, 0.0, 0.0, 0.0, 0.0, 0.0, 0.0, 0.0, 0.0, 0.0, 0.0, 0.0, 0.0, 0.0, 0.0, 0.0, 0.0, 0.0, 0.0, 0.0, 0.0, 0.0, 0.0, 0.0, 0.0, 0.0, 0.0, 0.0, 0.0, 0.0, 0.0, 0.0]], [[1.0198960209758234, 2.2682974164214884, 0.9401465987539189, 5.091729871223006, 3.8802240579267155, 5.791980971310898, 0.8685105036580777, 0.758178125688167, 3.1877147694074504, 2.3931487759591055, 4.911505303192618, 2.7245341321580363, 2.853555144670028, 3.7241084838024316, 5.364135028591993, 1.4852355995299327, -0.0651967450832381, 1.6014184196347119, -0.6200827320112576, 0.6613762868838469, 0.17571618632678088, 0.5773894831725432, 1.62815760436937, 0.7701705678809436, -0.35476211780350286, 0.11138101331366923, 0.3493287359123922, 0.8786485161303825, 0.8602404113024589, -0.10021570527663033, 0.5812836964678293, 0.7861406615234771], [1.0198960209758234, 2.2682974164214884, 0.9401465987539189, 5.091729871223006, 3.8802240579267155, 5.791980971310898, 0.8685105036580777, 0.758178125688167, 3.1877147694074504, 2.3931487759591055, 4.911505303192618, 2.7245341321580363, 2.853555144670028, 3.7241084838024316, 5.364135028591993, 1.4852355995299327, 0.6763029238142245, 1.2289083234343376, 0.84538452280804, 0.6613762868838469, 0.17571618632678088, 0.5773894831725432, 0.4219789751144821, 0.5317611378089637, 1.491434184723896, 0.11138101331366923, 0.3493287359123922, 0.8786485161303825, -0.03135250736867432, -0.05310555263071577, 0.6496537915587874, 0.7861406617979276], [1.0198960209758234, 2.2682974164214884, 0.9401465987539189, 5.091729871223006, 3.8802240579267155, 5.791980971310898, 0.8685105036580777, 0.758178125688167, 3.1877147694074504, 2.3931487759591055, 4.911505303192618, 2.7245341321580363, 2.853555144670028, 3.7241084838024316, 5.364135028591993, 1.4852355995299327, -1.7022347062192975, 0.3054356804381294, 1.1408494358879846, 0.6613762868838469, 0.17571618632678088, 0.5773894831725432, -0.48142573411493034, 0.8435742293662926, 0.7551725977462208, 0.11138101331366923, 0.3493287359123922, 0.8786485161303825, 1.6635815097579734, -0.7564775973409401, 0.7439819124996357, 0.7861406616372012], [1.0198960209758234, 2.2682974164214884, 0.9401465987539189, 5.091729871223006, 3.8802240579267155, 5.791980971310898, 0.8685105036580777, 0.758178125688167, 3.1877147694074504, 2.3931487759591055, 4.911505303192618, 2.7245341321580363, 2.853555144670028, 3.7241084838024316, 5.364135028591993, 1.4852355995299327, 1.5710412075069147, 1.568777762524205, 3.2800820668069592, 0.6613762868838469, 0.17571618632678088, 0.5773894831725432, 0.00910203202692026, -0.002202637069924245, 0.05416565529623125, 0.11138101331366923, 0.3493287359123922, 0.8786485161303825, -0.8764184289209788, 0.8650691910891596, 0.8782070879498728, 0.7861406613549909]]]}}