{"iterations": 4000, "returned_params": [[[[]], [[]], [[]], [[]], [[4.6906698047552835, 3.2978538024839583, 1.7408491000860746, 0.5282731776255372, 4.188329780587534, 5.943598571023818, 3.5004714100959693, 1.0013566950654202, 4.975412511895935, 1.4568735348880524, 0.14305404372782343, 1.553603425195241, 6.25845393549825, 6.23138519457542, 6.235626063817162, 1.565887628214558]], [[0.004455033952016791, 0.015153115152580807, 0.6987852141910579, 0.3442831087060272, 0.1798085856277949, 0.5937222710409478, 0.010709586493843464, -0.00830217689953134, 1.0198587091956808, 0.38095476215895285, 0.8719235294154941, 0.037596389410944786, -0.09442653932467615, 0.39903588649680627, 0.39352235114602346, 0.06977553523076924]]], [[[]], [[]], [[]], [[]], [[5.289559188521879, 3.455961559304322, 1.075266176428531, 0.5282731776255372, 4.188329780587534, 5.943598571023818, 2.8710521642291393, 1.6864355426495239, 3.081626614217381, 1.4568735348880524, 0.14305404372782343, 1.553603425195241, 6.250692001368498, 6.2490884912641445, 6.23367893991546, 1.5707963267948966]], [[1.5684068940278288, 1.5739795994828474, 1.879049175655225, 0.3442831087060272, 0.1798085856277949, 0.5937222710409478, 0.0057273914785319424, 0.0032351800365835303, 0.03368758204663442, 0.38095476215895285, 0.8719235294154941, 0.037596389410944786, -0.17671543383775648, 0.15097477565322212, 0.17105857751029918, 0.0697755348937594]]]], "final_fidelity": 0.9977201050048984, "final_purity": -1, "optimized_trainable_parameters": {"initial_params": [[], [], [], [], [4.6906698047552835, 3.2978538024839583, 1.7408491000860746, 0.5282731776255372, 4.188329780587534, 5.943598571023818, 3.5004714100959693, 1.0013566950654202, 4.975412511895935, 1.4568735348880524, 0.14305404372782343, 1.553603425195241, 6.25845393549825, 6.23138519457542, 6.235626063817162, 1.565887628214558], [0.7629686968030167, 0.5157779310907755, 0.7615436436554233, 0.3442831087060272, 0.1798085856277949, 0.5937222710409478, 0.8030427624105341, 0.2090485622535314, 0.9636188991405543, 0.38095476215895285, 0.8719235294154941, 0.037596389410944786, 0.5967162494642011, 0.520225493689553, 0.1669604703213785, 0.0697755349439706]], "lookup_table": [[[5.527618985524522, 3.11699235668311, 0.9973810258601774, 0.5282731776255372, 4.188329780587534, 5.943598571023818, 2.6860706625412147, 1.855857753383692, 3.9215837732200294, 1.4568735348880524, 0.14305404372782343, 1.553603425195241, 6.266142416962551, 6.32461539068033, 6.003853118015678, 1.5137411677665682, 2.296932494890801, -0.16606892434529882, 1.5291473211434385, 0.3442831087060272, 0.1798085856277949, 0.5937222710409478, 1.8016672722311646, -0.8826109337976876, 1.3883229363007086, 0.38095476215895285, 0.8719235294154941, 0.037596389410944786, -0.7272089379627773, -0.01625808678047042, -0.914773191793398, 0.06977553298838267], [5.289559188521879, 3.455961559304322, 1.075266176428531, 0.5282731776255372, 4.188329780587534, 5.943598571023818, 2.8710521642291393, 1.6864355426495239, 3.081626614217381, 1.4568735348880524, 0.14305404372782343, 1.553603425195241, 6.250692001368498, 6.2490884912641445, 6.23367893991546, 1.5707963267948966, 0.004455033952016791, 0.015153115152580807, 0.6987852141910579, 0.3442831087060272, 0.1798085856277949, 0.5937222710409478, 0.010709586493843464, -0.00830217689953134, 1.0198587091956808, 0.38095476215895285, 0.8719235294154941, 0.037596389410944786, -0.09442653932467615, 0.39903588649680627, 0.39352235114602346, 0.06977553523076924], [0.0, 0.0, 0.0, 0.0, 0.0, 0.0, 0.0, 0.0, 0.0, 0.0, 0.0, 0.0, 0.0, 0.0, 0.0, 0.0, 0.0, 0.0, 0.0, 0.0, 0.0, 0.0, 0.0, 0.0, 0.0, 0.0, 0.0, 0.0, 0.0, 0.0, 0.0, 0.0], [0.0, 0.0, 0.0, 0.0, 0.0, 0.0, 0.0, 0.0, 0.0, 0.0, 0.0, 0.0, 0.0, 0.0, 0.0, 0.0, 0.0, 0.0, 0.0, 0.0, 0.0, 0.0, 0.0, 0.0, 0.0, 0.0, 0.0, 0.0, 0.0, 0.0, 0.0, 0.0]], [[5.420074838221519, 3.9585690369259483, 1.1534069081167173, 0.5282731776255372, 4.188329780587534, 5.943598571023818, 3.2431773459252162, 1.354308038168296, 6.036418448520814, 1.4568735348880524, 0.14305404372782343, 1.553603425195241, 5.830698916771263, 5.689582463235355, 5.624370814744301, 2.0117805069215464, 0.45423714374033003, 0.9255721572109801, -0.019258518308965127, 0.3442831087060272, 0.1798085856277949, 0.5937222710409478, 0.45885481911721415, -0.291645021156519, 0.9212231263148704, 0.38095476215895285, 0.8719235294154941, 0.037596389410944786, -0.06311388202184068, 0.28755271155240014, -0.5161826313415018, 0.06977553483143817], [5.420074838221519, 3.9585690369259483, 1.1534069081167173, 0.5282731776255372, 4.188329780587534, 5.943598571023818, 3.2431773459252162, 1.354308038168296, 6.036418448520814, 1.4568735348880524, 0.14305404372782343, 1.553603425195241, 5.830698916771263, 5.689582463235355, 5.624370814744301, 2.0117805069215464, 0.3278987917567849, -0.2700389584389306, 0.8568729615739491, 0.3442831087060272, 0.1798085856277949, 0.5937222710409478, 0.04978692476380713, 0.1445558034739951, 0.632392802375088, 0.38095476215895285, 0.8719235294154941, 0.037596389410944786, 2.958512994511223, 1.2895745919323032, 0.8783611545046445, 0.06977553480436677], [5.420074838221519, 3.9585690369259483, 1.1534069081167173, 0.5282731776255372, 4.188329780587534, 5.943598571023818, 3.2431773459252162, 1.354308038168296, 6.036418448520814, 1.4568735348880524, 0.14305404372782343, 1.553603425195241, 5.830698916771263, 5.689582463235355, 5.624370814744301, 2.0117805069215464, 1.274040067691291, 1.1288379800035298, 2.427407360922605, 0.3442831087060272, 0.1798085856277949, 0.5937222710409478, 0.7333709243209493, 1.3633434897843257, 0.22111328244710365, 0.38095476215895285, 0.8719235294154941, 0.037596389410944786, 0.9625016349865042, -1.1326614813730285, -0.2855916583673653, 0.06977553489082923], [5.420074838221519, 3.9585690369259483, 1.1534069081167173, 0.5282731776255372, 4.188329780587534, 5.943598571023818, 3.2431773459252162, 1.354308038168296, 6.036418448520814, 1.4568735348880524, 0.14305404372782343, 1.553603425195241, 5.830698916771263, 5.689582463235355, 5.624370814744301, 2.0117805069215464, 1.5684068940278288, 1.5739795994828474, 1.879049175655225, 0.3442831087060272, 0.1798085856277949, 0.5937222710409478, 0.0057273914785319424, 0.0032351800365835303, 0.03368758204663442, 0.38095476215895285, 0.8719235294154941, 0.037596389410944786, -0.17671543383775648, 0.15097477565322212, 0.17105857751029918, 0.0697755348937594]]]}}