{"fidelities_each_sample": [0.26707571842108035, 0.3893155345712231, 0.24730363206514644, 0.337370100879833, 0.2643355080903539, 0.3185905915275823, 0.29190707711475483, 0.2776201428716804, 0.39220924856458217, 0.34220450267757907], "average_fidelity": 0.31279320567838154, "training_params": {"N_samples": 10, "N_training_iterations": 4000, "learning_rate": 0.01, "convergence_threshold": 1e-06, "batch_size": 8, "eval_batch_size": 16, "evaluation_time_steps": 100}}