{"iterations": 4000, "returned_params": [[[[]], [[]], [[]], [[]], [[4.56625078167778, 3.2484554981480307, 2.1858676579502885, 0.5282731776255372, 4.188329780587534, 5.943598571023818, 3.6495570580415237, 1.3094457335924095, 4.718024378243864, 1.4568735348880524, 0.14305404372782343, 1.553603425195241, 6.336664448786946, 6.27155946320829, 6.258089993779145, 1.570426153994887]], [[-0.0009504621120397381, 0.0016904152436542723, 0.9396493535675564, 0.3442831087060272, 0.1798085856277949, 0.5937222710409478, 0.017322937420377636, -0.003245603255766173, 1.206010111956935, 0.38095476215895285, 0.8719235294154941, 0.037596389410944786, -0.1026372185436385, 0.35064077684008044, 0.33929091128030897, 0.0697755351771914]]], [[[]], [[]], [[]], [[]], [[5.226274975405558, 3.4889639217477386, 0.9058358544794602, 0.5282731776255372, 4.188329780587534, 5.943598571023818, 2.900897332847726, 1.678789254133022, 3.013695609438877, 1.4568735348880524, 0.14305404372782343, 1.553603425195241, 6.286916275267299, 6.269736605208383, 6.250844263554979, 1.5707963267948966]], [[1.5706516853208627, 1.5732521093163097, 1.6566136434495153, 0.3442831087060272, 0.1798085856277949, 0.5937222710409478, -0.004484228468078103, -0.04176044920343494, -0.05304999404031638, 0.38095476215895285, 0.8719235294154941, 0.037596389410944786, -0.04653071349691773, 0.04654467333882636, 0.045618144722806564, 0.06977553503542584]]]], "final_fidelity": 0.9983839527904868, "final_purity": -1, "optimized_trainable_parameters": {"initial_params": [[], [], [], [], [4.56625078167778, 3.2484554981480307, 2.1858676579502885, 0.5282731776255372, 4.188329780587534, 5.943598571023818, 3.6495570580415237, 1.3094457335924095, 4.718024378243864, 1.4568735348880524, 0.14305404372782343, 1.553603425195241, 6.336664448786946, 6.27155946320829, 6.258089993779145, 1.570426153994887], [0.7629686968030167, 0.5157779310907755, 0.7615436436554233, 0.3442831087060272, 0.1798085856277949, 0.5937222710409478, 0.8030427624105341, 0.2090485622535314, 0.9636188991405543, 0.38095476215895285, 0.8719235294154941, 0.037596389410944786, 0.5967162494642011, 0.520225493689553, 0.1669604703213785, 0.0697755349439706]], "lookup_table": [[[4.856963644814417, 3.367036487978723, 0.8364165668719494, 0.5282731776255372, 4.188329780587534, 5.943598571023818, 3.538778464251264, 0.45135356918905467, 5.073267684224107, 1.4568735348880524, 0.14305404372782343, 1.553603425195241, 6.3324435267425105, 6.397041967168572, 6.327802699169381, 1.570830996076392, 2.1558553492702814, -0.07234335814999643, 1.433702157514102, 0.3442831087060272, 0.1798085856277949, 0.5937222710409478, 1.7381418582852113, -0.9270115048727094, 1.417609673022657, 0.38095476215895285, 0.8719235294154941, 0.037596389410944786, -0.7650291466906206, 0.0012303935828781192, -0.8847165015854569, 0.06977553359341064], [5.226274975405558, 3.4889639217477386, 0.9058358544794602, 0.5282731776255372, 4.188329780587534, 5.943598571023818, 2.900897332847726, 1.678789254133022, 3.013695609438877, 1.4568735348880524, 0.14305404372782343, 1.553603425195241, 6.286916275267299, 6.269736605208383, 6.250844263554979, 1.5707963267948966, -0.0009504621120397381, 0.0016904152436542723, 0.9396493535675564, 0.3442831087060272, 0.1798085856277949, 0.5937222710409478, 0.017322937420377636, -0.003245603255766173, 1.206010111956935, 0.38095476215895285, 0.8719235294154941, 0.037596389410944786, -0.1026372185436385, 0.35064077684008044, 0.33929091128030897, 0.0697755351771914], [0.0, 0.0, 0.0, 0.0, 0.0, 0.0, 0.0, 0.0, 0.0, 0.0, 0.0, 0.0, 0.0, 0.0, 0.0, 0.0, 0.0, 0.0, 0.0, 0.0, 0.0, 0.0, 0.0, 0.0, 0.0, 0.0, 0.0, 0.0, 0.0, 0.0, 0.0, 0.0], [0.0, 0.0, 0.0, 0.0, 0.0, 0.0, 0.0, 0.0, 0.0, 0.0, 0.0, 0.0, 0.0, 0.0, 0.0, 0.0, 0.0, 0.0, 0.0, 0.0, 0.0, 0.0, 0.0, 0.0, 0.0, 0.0, 0.0, 0.0, 0.0, 0.0, 0.0, 0.0]], [[5.420074838221519, 3.9585690369259483, 1.1534069081167173, 0.5282731776255372, 4.188329780587534, 5.943598571023818, 3.2431773459252162, 1.354308038168296, 6.036418448520814, 1.4568735348880524, 0.14305404372782343, 1.553603425195241, 5.830698916771263, 5.689582463235355, 5.624370814744301, 2.0117805069215464, 0.8336466206120257, 0.8641616008494157, 0.06560544290407165, 0.3442831087060272, 0.1798085856277949, 0.5937222710409478, 0.592597145194186, -0.2655804669832501, 1.2394994126795005, 0.38095476215895285, 0.8719235294154941, 0.037596389410944786, -0.14625479001741296, 0.4064346711694202, -0.8655588559666532, 0.0697755348970353], [5.420074838221519, 3.9585690369259483, 1.1534069081167173, 0.5282731776255372, 4.188329780587534, 5.943598571023818, 3.2431773459252162, 1.354308038168296, 6.036418448520814, 1.4568735348880524, 0.14305404372782343, 1.553603425195241, 5.830698916771263, 5.689582463235355, 5.624370814744301, 2.0117805069215464, -0.3118100010485367, 0.33385767994931326, 0.6000610128468925, 0.3442831087060272, 0.1798085856277949, 0.5937222710409478, 0.09575207239771524, -0.20650589731668118, 1.1888472189504076, 0.38095476215895285, 0.8719235294154941, 0.037596389410944786, 4.589299563926578, 1.0962972280384446, 0.1809441339822224, 0.06977553470236733], [5.420074838221519, 3.9585690369259483, 1.1534069081167173, 0.5282731776255372, 4.188329780587534, 5.943598571023818, 3.2431773459252162, 1.354308038168296, 6.036418448520814, 1.4568735348880524, 0.14305404372782343, 1.553603425195241, 5.830698916771263, 5.689582463235355, 5.624370814744301, 2.0117805069215464, 1.4464628301156153, 0.6818645826153518, 0.7716028130989635, 0.3442831087060272, 0.1798085856277949, 0.5937222710409478, -0.23633444995157893, -0.02256287901184619, 1.330595666191025, 0.38095476215895285, 0.8719235294154941, 0.037596389410944786, -0.015989642051526688, -0.4735545697130866, -0.43067101013205167, 0.06977553493729297], [5.420074838221519, 3.9585690369259483, 1.1534069081167173, 0.5282731776255372, 4.188329780587534, 5.943598571023818, 3.2431773459252162, 1.354308038168296, 6.036418448520814, 1.4568735348880524, 0.14305404372782343, 1.553603425195241, 5.830698916771263, 5.689582463235355, 5.624370814744301, 2.0117805069215464, 1.5706516853208627, 1.5732521093163097, 1.6566136434495153, 0.3442831087060272, 0.1798085856277949, 0.5937222710409478, -0.004484228468078103, -0.04176044920343494, -0.05304999404031638, 0.38095476215895285, 0.8719235294154941, 0.037596389410944786, -0.04653071349691773, 0.04654467333882636, 0.045618144722806564, 0.06977553503542584]]]}}