{"fidelities_each_sample": [0.2765875831075108, 0.4038597403005936, 0.27535012178844387, 0.32490476340471813, 0.28731838750322913, 0.33150113664331027, 0.30607892608054194, 0.27083572911203774, 0.3888497753599867, 0.32354809435203535], "average_fidelity": 0.31888342576524076, "training_params": {"N_samples": 10, "N_training_iterations": 4000, "learning_rate": 0.01, "convergence_threshold": 1e-06, "batch_size": 8, "eval_batch_size": 16, "evaluation_time_steps": 100}}