{"iterations": 4000, "returned_params": [[[[]], [[]], [[]], [[]], [[0.8109031750663175, 1.7946565763621436, 0.8203282579325156, 5.091729871223006, 3.8802240579267155, 5.791980971310898, 1.3342697174251945, 0.6290182178373769, 2.5707298993691325, 2.3931487759591055, 4.911505303192618, 2.7245341321580363, 3.117517951209603, 3.195474241816538, 6.258161945138182, 0.029403156914488214]], [[0.005254061166707311, 0.004343274808092279, 0.04966991086570918, 0.6613762868838469, 0.17571618632678088, 0.5773894831725432, 0.008833816412514916, -9.599036835927283e-05, 0.00018353734405729378, 0.11138101331366923, 0.3493287359123922, 0.8786485161303825, 0.9592813999044602, 0.3685358492753783, 0.37612222360859987, 0.7861406622161181]]], [[[]], [[]], [[]], [[]], [[0.6965315310179724, 1.7527618181050908, -1.8634381428925113, 5.091729871223006, 3.8802240579267155, 5.791980971310898, -0.3152979128766638, -1.218764427362809, 4.726262375083572, 2.3931487759591055, 4.911505303192618, 2.7245341321580363, 3.1946698369357103, 3.1877690334653623, 6.340153895891694, 1.5707963267948588]], [[1.5681464233937519, 1.5679004754867647, 3.2470967590258266, 0.6613762868838469, 0.17571618632678088, 0.5773894831725432, -0.0011148037502522708, -0.005769320378286122, 0.019561129161532895, 0.11138101331366923, 0.3493287359123922, 0.8786485161303825, -0.8341673920128693, 0.863072428757813, 0.8424337657199832, 0.7861406610986008]]]], "final_fidelity": 0.9973040303576819, "final_purity": -1, "optimized_trainable_parameters": {"initial_params": [[], [], [], [], [0.8109031750663175, 1.7946565763621436, 0.8203282579325156, 5.091729871223006, 3.8802240579267155, 5.791980971310898, 1.3342697174251945, 0.6290182178373769, 2.5707298993691325, 2.3931487759591055, 4.911505303192618, 2.7245341321580363, 3.117517951209603, 3.195474241816538, 6.258161945138182, 0.029403156914488214], [0.07829857808883056, 0.75369237525892, 0.62924452480418, 0.6613762868838469, 0.17571618632678088, 0.5773894831725432, 0.2069254702437746, 0.6533993243576406, 0.9708412172036218, 0.11138101331366923, 0.3493287359123922, 0.8786485161303825, 0.4482114366961081, 0.3978312716857195, 0.9004842453785311, 0.7861406617137139]], "lookup_table": [[[0.9773487937605135, 2.115568132171186, 0.7865668699914989, 5.091729871223006, 3.8802240579267155, 5.791980971310898, 0.9768640025834784, 0.35665896708259737, 3.1195995829317926, 2.3931487759591055, 4.911505303192618, 2.7245341321580363, 2.988514596489707, 3.177291989628103, 5.884693290179099, 1.5768859219815998, -0.005428047179880591, -0.08689733425654596, 0.7461817559857843, 0.6613762868838469, 0.17571618632678088, 0.5773894831725432, -0.04444527812926001, 0.0381807086771895, 1.0052467370203302, 0.11138101331366923, 0.3493287359123922, 0.8786485161303825, 0.5892193045812372, 0.961822294023267, 0.8494597886044606, 0.7861406617513288], [0.6965315310179724, 1.7527618181050908, -1.8634381428925113, 5.091729871223006, 3.8802240579267155, 5.791980971310898, -0.3152979128766638, -1.218764427362809, 4.726262375083572, 2.3931487759591055, 4.911505303192618, 2.7245341321580363, 3.1946698369357103, 3.1877690334653623, 6.340153895891694, 1.5707963267948588, 0.005254061166707311, 0.004343274808092279, 0.04966991086570918, 0.6613762868838469, 0.17571618632678088, 0.5773894831725432, 0.008833816412514916, -9.599036835927283e-05, 0.00018353734405729378, 0.11138101331366923, 0.3493287359123922, 0.8786485161303825, 0.9592813999044602, 0.3685358492753783, 0.37612222360859987, 0.7861406622161181], [0.0, 0.0, 0.0, 0.0, 0.0, 0.0, 0.0, 0.0, 0.0, 0.0, 0.0, 0.0, 0.0, 0.0, 0.0, 0.0, 0.0, 0.0, 0.0, 0.0, 0.0, 0.0, 0.0, 0.0, 0.0, 0.0, 0.0, 0.0, 0.0, 0.0, 0.0, 0.0], [0.0, 0.0, 0.0, 0.0, 0.0, 0.0, 0.0, 0.0, 0.0, 0.0, 0.0, 0.0, 0.0, 0.0, 0.0, 0.0, 0.0, 0.0, 0.0, 0.0, 0.0, 0.0, 0.0, 0.0, 0.0, 0.0, 0.0, 0.0, 0.0, 0.0, 0.0, 0.0]], [[1.0198960209758234, 2.2682974164214884, 0.9401465987539189, 5.091729871223006, 3.8802240579267155, 5.791980971310898, 0.8685105036580777, 0.758178125688167, 3.1877147694074504, 2.3931487759591055, 4.911505303192618, 2.7245341321580363, 2.853555144670028, 3.7241084838024316, 5.364135028591993, 1.4852355995299327, -0.5849605836035012, 1.0739807174192062, 0.4075204332529987, 0.6613762868838469, 0.17571618632678088, 0.5773894831725432, 0.48192215201762084, 0.9338202509672245, -0.15586331259814162, 0.11138101331366923, 0.3493287359123922, 0.8786485161303825, 0.769047322073461, -0.16490309621593072, 1.1840802735517033, 0.7861406617099596], [1.0198960209758234, 2.2682974164214884, 0.9401465987539189, 5.091729871223006, 3.8802240579267155, 5.791980971310898, 0.8685105036580777, 0.758178125688167, 3.1877147694074504, 2.3931487759591055, 4.911505303192618, 2.7245341321580363, 2.853555144670028, 3.7241084838024316, 5.364135028591993, 1.4852355995299327, 1.2974753181782626, 1.3431389271951901, 1.743149595209824, 0.6613762868838469, 0.17571618632678088, 0.5773894831725432, 0.30682537696700934, 0.8065982376641121, 1.8560814363531648, 0.11138101331366923, 0.3493287359123922, 0.8786485161303825, 0.41945709664899244, -0.128597213477385, 0.283687840858696, 0.786140661679607], [1.0198960209758234, 2.2682974164214884, 0.9401465987539189, 5.091729871223006, 3.8802240579267155, 5.791980971310898, 0.8685105036580777, 0.758178125688167, 3.1877147694074504, 2.3931487759591055, 4.911505303192618, 2.7245341321580363, 2.853555144670028, 3.7241084838024316, 5.364135028591993, 1.4852355995299327, -1.56552006529671, 0.29896515029111154, 0.9814213834961921, 0.6613762868838469, 0.17571618632678088, 0.5773894831725432, -0.4124546373569523, 0.8808016596267874, 0.6924737121038782, 0.11138101331366923, 0.3493287359123922, 0.8786485161303825, 1.5752414817008968, -0.6698378613011691, 0.6856720664939427, 0.7861406617111348], [1.0198960209758234, 2.2682974164214884, 0.9401465987539189, 5.091729871223006, 3.8802240579267155, 5.791980971310898, 0.8685105036580777, 0.758178125688167, 3.1877147694074504, 2.3931487759591055, 4.911505303192618, 2.7245341321580363, 2.853555144670028, 3.7241084838024316, 5.364135028591993, 1.4852355995299327, 1.5681464233937519, 1.5679004754867647, 3.2470967590258266, 0.6613762868838469, 0.17571618632678088, 0.5773894831725432, -0.0011148037502522708, -0.005769320378286122, 0.019561129161532895, 0.11138101331366923, 0.3493287359123922, 0.8786485161303825, -0.8341673920128693, 0.863072428757813, 0.8424337657199832, 0.7861406610986008]]]}}