{"fidelities_each_sample": [0.23353372897148003, 0.3908111232904045, 0.28501742938767366, 0.3187777166210157, 0.265295081705233, 0.3228162376257671, 0.30028576425654063, 0.282248339632889, 0.3594601674863461, 0.33432199135198254], "average_fidelity": 0.3092567580329332, "training_params": {"N_samples": 10, "N_training_iterations": 4000, "learning_rate": 0.01, "convergence_threshold": 1e-06, "batch_size": 8, "eval_batch_size": 16, "evaluation_time_steps": 100}}