{"iterations": 4000, "returned_params": [[[[]], [[]], [[]], [[]], [[4.096685395218608, 2.271296921530726, 2.906283571515953, 0.9186277752424988, 1.542472618509468, 3.869166636560403, 6.20029461312233, 6.052044103215529, 6.248929964844232, 1.704541214971899, 4.818119064382003, 4.0185809648867465, 5.002252935655895, 3.162118047663301, 3.1481747903083432, 4.71238898038505]], [[1.8180750916068857, 1.3048115966782814, 1.8783727359755285, 0.1530001581134599, 0.5792477206828033, 0.9908625639419351, 0.40880849145159, 0.6859860629488568, 3.6771164961223715, 0.7029297123277789, 0.23893934168274433, 0.22269524922540618, -0.3492111488242116, 2.121637574505943, 1.60056520035097, 0.44512902567735285]]], [[[]], [[]], [[]], [[]], [[4.170690223514556, 2.3814307378463284, 2.562186367310523, 0.9186277752424988, 1.542472618509468, 3.869166636560403, 6.015330045413234, 5.851113143729527, 6.197657597572716, 1.704541214971899, 4.818119064382003, 4.0185809648867465, 5.704881394827087, 3.112610120266698, 3.1104196622166533, 4.712388980384686]], [[0.001325786303268533, -0.004182894195796955, 1.04562066814257, 0.1530001581134599, 0.5792477206828033, 0.9908625639419351, -0.001750953821194871, 0.0022308634073376133, -0.6015043385879549, 0.7029297123277789, 0.23893934168274433, 0.22269524922540618, 0.6637085240680833, 0.23889103168819606, 0.24368944604117254, 0.445129017027341]]]], "final_fidelity": 0.9981921153268491, "final_purity": -1, "optimized_trainable_parameters": {"initial_params": [[], [], [], [], [4.096685395218608, 2.271296921530726, 2.906283571515953, 0.9186277752424988, 1.542472618509468, 3.869166636560403, 6.20029461312233, 6.052044103215529, 6.248929964844232, 1.704541214971899, 4.818119064382003, 4.0185809648867465, 5.002252935655895, 3.162118047663301, 3.1481747903083432, 4.71238898038505], [0.9594498919452952, 0.26088260599546653, 0.9735460703524619, 0.1530001581134599, 0.5792477206828033, 0.9908625639419351, 0.6236793181089637, 0.92345637847002, 0.3951597656414274, 0.7029297123277789, 0.23893934168274433, 0.22269524922540618, 0.880035027937141, 0.11726572937520263, 0.8753631067394496, 0.4451290169804063]], "lookup_table": [[[4.070379982212264, 2.32952966266496, 2.996156780974445, 0.9186277752424988, 1.542472618509468, 3.869166636560403, 6.363776836733395, 6.114147720973583, 6.0872239441427185, 1.704541214971899, 4.818119064382003, 4.0185809648867465, 3.660728858579005, 3.195248037894427, 3.1261678498437204, 3.2238469129854233, 0.05972157614896103, -0.6975368901685123, 1.1028759852509242, 0.1530001581134599, 0.5792477206828033, 0.9908625639419351, 0.6521908064030151, 0.6606686879952728, -0.3344474600438115, 0.7029297123277789, 0.23893934168274433, 0.22269524922540618, 0.5189900913651008, -0.9506141621316877, 0.46955933401495775, 0.44512901739689964], [4.170690223514556, 2.3814307378463284, 2.562186367310523, 0.9186277752424988, 1.542472618509468, 3.869166636560403, 6.015330045413234, 5.851113143729527, 6.197657597572716, 1.704541214971899, 4.818119064382003, 4.0185809648867465, 5.704881394827087, 3.112610120266698, 3.1104196622166533, 4.712388980384686, 1.8180750916068857, 1.3048115966782814, 1.8783727359755285, 0.1530001581134599, 0.5792477206828033, 0.9908625639419351, 0.40880849145159, 0.6859860629488568, 3.6771164961223715, 0.7029297123277789, 0.23893934168274433, 0.22269524922540618, -0.3492111488242116, 2.121637574505943, 1.60056520035097, 0.44512902567735285], [0.0, 0.0, 0.0, 0.0, 0.0, 0.0, 0.0, 0.0, 0.0, 0.0, 0.0, 0.0, 0.0, 0.0, 0.0, 0.0, 0.0, 0.0, 0.0, 0.0, 0.0, 0.0, 0.0, 0.0, 0.0, 0.0, 0.0, 0.0, 0.0, 0.0, 0.0, 0.0], [0.0, 0.0, 0.0, 0.0, 0.0, 0.0, 0.0, 0.0, 0.0, 0.0, 0.0, 0.0, 0.0, 0.0, 0.0, 0.0, 0.0, 0.0, 0.0, 0.0, 0.0, 0.0, 0.0, 0.0, 0.0, 0.0, 0.0, 0.0, 0.0, 0.0, 0.0, 0.0]], [[4.284229458233571, 2.506129021091282, 2.4593733617352966, 0.9186277752424988, 1.542472618509468, 3.869166636560403, 5.960003589853214, 6.0510823025049, 6.200862175694802, 1.704541214971899, 4.818119064382003, 4.0185809648867465, 5.153790150752427, 2.8687025077426465, 2.621527826001633, 4.156650782552006, 1.2474561518313232, 0.4005978897282298, 0.20161786311387997, 0.1530001581134599, 0.5792477206828033, 0.9908625639419351, -0.20239411162989357, 1.3128105781935897, 0.6329888210769997, 0.7029297123277789, 0.23893934168274433, 0.22269524922540618, 1.67135308750705, 0.06828303243301928, 0.11354383143496186, 0.4451290169734912], [4.284229458233571, 2.506129021091282, 2.4593733617352966, 0.9186277752424988, 1.542472618509468, 3.869166636560403, 5.960003589853214, 6.0510823025049, 6.200862175694802, 1.704541214971899, 4.818119064382003, 4.0185809648867465, 5.153790150752427, 2.8687025077426465, 2.621527826001633, 4.156650782552006, 0.9134340437215446, -1.391955515227466, -0.29629365601669894, 0.1530001581134599, 0.5792477206828033, 0.9908625639419351, 0.816083047356074, 1.1836068173128147, 0.6021069266202614, 0.7029297123277789, 0.23893934168274433, 0.22269524922540618, -0.5549440640268963, 1.279213571899792, -0.5883988415463877, 0.44512901719275977], [4.284229458233571, 2.506129021091282, 2.4593733617352966, 0.9186277752424988, 1.542472618509468, 3.869166636560403, 5.960003589853214, 6.0510823025049, 6.200862175694802, 1.704541214971899, 4.818119064382003, 4.0185809648867465, 5.153790150752427, 2.8687025077426465, 2.621527826001633, 4.156650782552006, -0.415301107645177, -0.417076733183609, 0.9417517202782694, 0.1530001581134599, 0.5792477206828033, 0.9908625639419351, 0.07456314046215229, 0.8722121311883109, -0.021060885812880417, 0.7029297123277789, 0.23893934168274433, 0.22269524922540618, 0.7743579885068524, -0.33761841836889595, 0.07877586858487337, 0.44512901704673485], [4.284229458233571, 2.506129021091282, 2.4593733617352966, 0.9186277752424988, 1.542472618509468, 3.869166636560403, 5.960003589853214, 6.0510823025049, 6.200862175694802, 1.704541214971899, 4.818119064382003, 4.0185809648867465, 5.153790150752427, 2.8687025077426465, 2.621527826001633, 4.156650782552006, 0.001325786303268533, -0.004182894195796955, 1.04562066814257, 0.1530001581134599, 0.5792477206828033, 0.9908625639419351, -0.001750953821194871, 0.0022308634073376133, -0.6015043385879549, 0.7029297123277789, 0.23893934168274433, 0.22269524922540618, 0.6637085240680833, 0.23889103168819606, 0.24368944604117254, 0.445129017027341]]]}}