{"iterations": 4000, "returned_params": [[[[]], [[]], [[]], [[]], [[4.120870330535372, 2.2224112280828736, 2.9161926709298434, 0.9186277752424988, 1.542472618509468, 3.869166636560403, 6.123432075947908, 6.023821593445221, 6.643588840630287, 1.704541214971899, 4.818119064382003, 4.0185809648867465, 5.0483973728044536, 3.114031304830054, 3.125634512368443, 4.711593896656909]], [[1.9291880306073037, 1.175505435977791, 0.9790106208188496, 0.1530001581134599, 0.5792477206828033, 0.9908625639419351, 0.498510878342882, 0.6614750563114695, 3.5551296878182153, 0.7029297123277789, 0.23893934168274433, 0.22269524922540618, -0.026589464049747023, 2.5285132170686966, 1.5352976395332263, 0.4451290259569864]]], [[[]], [[]], [[]], [[]], [[4.142420092555816, 2.4035280130821883, 2.6367584823169024, 0.9186277752424988, 1.542472618509468, 3.869166636560403, 6.012049682999165, 5.878406990962608, 6.254774249235702, 1.704541214971899, 4.818119064382003, 4.0185809648867465, 5.612674969740772, 3.1279525395227328, 3.121269292644057, 4.712352657175676]], [[0.0057044406766146956, 0.0020609447524546705, 2.7864283829554846, 0.1530001581134599, 0.5792477206828033, 0.9908625639419351, 0.0005601503650678738, 0.0025469456562722623, -0.3428395770968127, 0.7029297123277789, 0.23893934168274433, 0.22269524922540618, 1.1470369219592906, 0.4624062376286473, 0.46020143491348087, 0.4451290170253699]]]], "final_fidelity": 0.9975098059161085, "final_purity": -1, "optimized_trainable_parameters": {"initial_params": [[], [], [], [], [4.120870330535372, 2.2224112280828736, 2.9161926709298434, 0.9186277752424988, 1.542472618509468, 3.869166636560403, 6.123432075947908, 6.023821593445221, 6.643588840630287, 1.704541214971899, 4.818119064382003, 4.0185809648867465, 5.0483973728044536, 3.114031304830054, 3.125634512368443, 4.711593896656909], [0.9594498919452952, 0.26088260599546653, 0.9735460703524619, 0.1530001581134599, 0.5792477206828033, 0.9908625639419351, 0.6236793181089637, 0.92345637847002, 0.3951597656414274, 0.7029297123277789, 0.23893934168274433, 0.22269524922540618, 0.880035027937141, 0.11726572937520263, 0.8753631067394496, 0.4451290169804063]], "lookup_table": [[[3.454075164949245, 1.5635147198664574, 6.02033805950499, 0.9186277752424988, 1.542472618509468, 3.869166636560403, 6.621025039269125, 6.099173770307285, 6.581311265077853, 1.704541214971899, 4.818119064382003, 4.0185809648867465, 4.603252589970864, 3.329969772405745, 3.3027039368141105, 3.1415928874707575, -0.5312877092352412, -0.8842874019281056, -0.01774683065383493, 0.1530001581134599, 0.5792477206828033, 0.9908625639419351, 0.3140561446620983, 0.2755533958450603, 1.0643603887737234, 0.7029297123277789, 0.23893934168274433, 0.22269524922540618, 1.4417172135438574, -0.48762130665654313, -0.1258323284987675, 0.4451290165388815], [4.142420092555816, 2.4035280130821883, 2.6367584823169024, 0.9186277752424988, 1.542472618509468, 3.869166636560403, 6.012049682999165, 5.878406990962608, 6.254774249235702, 1.704541214971899, 4.818119064382003, 4.0185809648867465, 5.612674969740772, 3.1279525395227328, 3.121269292644057, 4.712352657175676, 1.9291880306073037, 1.175505435977791, 0.9790106208188496, 0.1530001581134599, 0.5792477206828033, 0.9908625639419351, 0.498510878342882, 0.6614750563114695, 3.5551296878182153, 0.7029297123277789, 0.23893934168274433, 0.22269524922540618, -0.026589464049747023, 2.5285132170686966, 1.5352976395332263, 0.4451290259569864], [0.0, 0.0, 0.0, 0.0, 0.0, 0.0, 0.0, 0.0, 0.0, 0.0, 0.0, 0.0, 0.0, 0.0, 0.0, 0.0, 0.0, 0.0, 0.0, 0.0, 0.0, 0.0, 0.0, 0.0, 0.0, 0.0, 0.0, 0.0, 0.0, 0.0, 0.0, 0.0], [0.0, 0.0, 0.0, 0.0, 0.0, 0.0, 0.0, 0.0, 0.0, 0.0, 0.0, 0.0, 0.0, 0.0, 0.0, 0.0, 0.0, 0.0, 0.0, 0.0, 0.0, 0.0, 0.0, 0.0, 0.0, 0.0, 0.0, 0.0, 0.0, 0.0, 0.0, 0.0]], [[4.284229458233571, 2.506129021091282, 2.4593733617352966, 0.9186277752424988, 1.542472618509468, 3.869166636560403, 5.960003589853214, 6.0510823025049, 6.200862175694802, 1.704541214971899, 4.818119064382003, 4.0185809648867465, 5.153790150752427, 2.8687025077426465, 2.621527826001633, 4.156650782552006, 0.6594920670416188, 1.1643063967420875, 0.554472864705377, 0.1530001581134599, 0.5792477206828033, 0.9908625639419351, -0.38977509737474997, 0.3206648810841664, 0.1851830518034156, 0.7029297123277789, 0.23893934168274433, 0.22269524922540618, -0.43720805427935, -0.39930039527276023, 0.14554087306260813, 0.44512901699349994], [4.284229458233571, 2.506129021091282, 2.4593733617352966, 0.9186277752424988, 1.542472618509468, 3.869166636560403, 5.960003589853214, 6.0510823025049, 6.200862175694802, 1.704541214971899, 4.818119064382003, 4.0185809648867465, 5.153790150752427, 2.8687025077426465, 2.621527826001633, 4.156650782552006, 2.3641090636475854, 0.6290680782298341, 0.33034450792162656, 0.1530001581134599, 0.5792477206828033, 0.9908625639419351, -0.06807251672818389, 1.380946386469429, -0.9313904710901021, 0.7029297123277789, 0.23893934168274433, 0.22269524922540618, -0.20270891665329613, 0.37760603206404564, -0.9723609892863316, 0.44512901723286485], [4.284229458233571, 2.506129021091282, 2.4593733617352966, 0.9186277752424988, 1.542472618509468, 3.869166636560403, 5.960003589853214, 6.0510823025049, 6.200862175694802, 1.704541214971899, 4.818119064382003, 4.0185809648867465, 5.153790150752427, 2.8687025077426465, 2.621527826001633, 4.156650782552006, -0.16228213917403397, -0.38317891104196095, 0.8541545837942098, 0.1530001581134599, 0.5792477206828033, 0.9908625639419351, 0.11468245074468872, 0.916195471619024, -0.31483246043427027, 0.7029297123277789, 0.23893934168274433, 0.22269524922540618, 0.760802666172378, -0.3069900094258198, -0.1069309421919119, 0.44512901701631846], [4.284229458233571, 2.506129021091282, 2.4593733617352966, 0.9186277752424988, 1.542472618509468, 3.869166636560403, 5.960003589853214, 6.0510823025049, 6.200862175694802, 1.704541214971899, 4.818119064382003, 4.0185809648867465, 5.153790150752427, 2.8687025077426465, 2.621527826001633, 4.156650782552006, 0.0057044406766146956, 0.0020609447524546705, 2.7864283829554846, 0.1530001581134599, 0.5792477206828033, 0.9908625639419351, 0.0005601503650678738, 0.0025469456562722623, -0.3428395770968127, 0.7029297123277789, 0.23893934168274433, 0.22269524922540618, 1.1470369219592906, 0.4624062376286473, 0.46020143491348087, 0.4451290170253699]]]}}