{"fidelities_each_sample": [0.22650280583624616, 0.3790476514347768, 0.25995966721219066, 0.32470173260006036, 0.2744554056991815, 0.3093719738265244, 0.30999006135102375, 0.287180884172731, 0.35422807843028714, 0.33246261466434146], "average_fidelity": 0.3057900875227363, "training_params": {"N_samples": 10, "N_training_iterations": 4000, "learning_rate": 0.01, "convergence_threshold": 1e-06, "batch_size": 8, "eval_batch_size": 16, "evaluation_time_steps": 100}}