{"fidelities_each_sample": [0.2891198150663052, 0.3643469677989971, 0.2919778225168288, 0.34074338918109975, 0.34991971719506515, 0.3250721624745612, 0.32755450776738615, 0.23924470154502075, 0.3589212178613201, 0.3826729379409994], "average_fidelity": 0.3269573239347584, "training_params": {"N_samples": 10, "N_training_iterations": 4000, "learning_rate": 0.01, "convergence_threshold": 1e-06, "batch_size": 8, "eval_batch_size": 16, "evaluation_time_steps": 100}}