{"fidelities_each_sample": [0.25353014462273715, 0.3876570805639252, 0.302470597051226, 0.3362393961184982, 0.3136517545315246, 0.32395952154575847, 0.29975105814678543, 0.260813690867331, 0.37218904674850734, 0.3793652249145126], "average_fidelity": 0.3229627515110806, "training_params": {"N_samples": 10, "N_training_iterations": 4000, "learning_rate": 0.01, "convergence_threshold": 1e-06, "batch_size": 8, "eval_batch_size": 16, "evaluation_time_steps": 100}}