{"fidelities_each_sample": [0.227226915324532, 0.1704642582024603, 0.1833590641447645, 0.16818724356434656, 0.19861400707319302, 0.21329359866174621, 0.22695092779266113, 0.19172272191317488, 0.1969462617611735, 0.17569768314854653], "average_fidelity": 0.19524626815865986, "training_params": {"N_samples": 10, "N_training_iterations": 10000, "learning_rate": 0.01, "convergence_threshold": 1e-06, "batch_size": 8, "eval_batch_size": 16, "evaluation_time_steps": 50}}