{"fidelities_each_sample": [0.16487670859012848, 0.1841487255491475, 0.18488758742387432, 0.17111734804149728, 0.19474244540989605, 0.2308292805628581, 0.2051747265936851, 0.17909017160954135, 0.20721028892528082, 0.1951436389342544], "average_fidelity": 0.19172209216401634, "training_params": {"N_samples": 10, "N_training_iterations": 10000, "learning_rate": 0.01, "convergence_threshold": 1e-06, "batch_size": 8, "eval_batch_size": 16, "evaluation_time_steps": 50}}