{"fidelities_each_sample": [0.6512941109259387, 0.6215602502123976, 0.5412324535297903, 0.5886305981507837, 0.5063905061795851, 0.5274493712733727, 0.6395623375560848, 0.5620021013555678, 0.6314046319576722, 0.5590306350404415], "average_fidelity": 0.5828556996181634, "training_params": {"N_samples": 10, "N_training_iterations": 10000, "learning_rate": 0.01, "convergence_threshold": 1e-06, "batch_size": 8, "eval_batch_size": 16, "evaluation_time_steps": 50}}