{"fidelities_each_sample": [0.5413706880726556, 0.6096905794246924, 0.5299895595870999, 0.48660782685530407, 0.5790519499370239, 0.5414522419010078, 0.6236797055463414, 0.5121321822439296, 0.5524087035956896, 0.5218774773686603], "average_fidelity": 0.5498260914532406, "training_params": {"N_samples": 10, "N_training_iterations": 10000, "learning_rate": 0.01, "convergence_threshold": 1e-06, "batch_size": 8, "eval_batch_size": 16, "evaluation_time_steps": 50}}