{"fidelities_each_sample": [0.6058113644942925, 0.5437880620703021, 0.5602100559269934, 0.47288660415386896, 0.5794125886802699, 0.5783607506277814, 0.5982123807748717, 0.5006330683357662, 0.6070488815100675, 0.5373840960289927], "average_fidelity": 0.5583747852603207, "training_params": {"N_samples": 10, "N_training_iterations": 10000, "learning_rate": 0.01, "convergence_threshold": 1e-06, "batch_size": 8, "eval_batch_size": 16, "evaluation_time_steps": 50}}