{"fidelities_each_sample": [0.24595757178564578, 0.2251018610230777, 0.17177282589888315, 0.17847475208544814, 0.1909724147302078, 0.26157563940784345, 0.16491164204479028, 0.16188784433406717, 0.21400220746229998, 0.17496457394607595], "average_fidelity": 0.19896213327183393, "training_params": {"N_samples": 10, "N_training_iterations": 10000, "learning_rate": 0.01, "convergence_threshold": 1e-06, "batch_size": 8, "eval_batch_size": 16, "evaluation_time_steps": 50}}