{"fidelities_each_sample": [0.6045058477161909, 0.6723664067065971, 0.5752339068995047, 0.5795163961720303, 0.5605575897640908, 0.567808700919583, 0.6629962245212649, 0.47685417050823625, 0.6309376171745011, 0.6001637367222016], "average_fidelity": 0.5930940597104201, "training_params": {"N_samples": 10, "N_training_iterations": 10000, "learning_rate": 0.01, "convergence_threshold": 1e-06, "batch_size": 8, "eval_batch_size": 16, "evaluation_time_steps": 50}}