{"fidelities_each_sample": [0.4647507517030819, 0.5317284199129692, 0.5284779254040464, 0.48560595612008856, 0.575378090625516, 0.5499731600388931, 0.647454969658256, 0.49825538726265967, 0.5585094541905379, 0.5283313362524851], "average_fidelity": 0.5368465451168534, "training_params": {"N_samples": 10, "N_training_iterations": 10000, "learning_rate": 0.01, "convergence_threshold": 1e-06, "batch_size": 8, "eval_batch_size": 16, "evaluation_time_steps": 50}}