{"fidelities_each_sample": [0.4462675708681466, 0.42045245878653903, 0.5045980073565128], "average_fidelity": 0.4571060123370662, "training_params": {"N_samples": 3, "N_training_iterations": 1000, "learning_rate": 0.01, "convergence_threshold": 1e-06, "batch_size": 8, "eval_batch_size": 16, "evaluation_time_steps": 50}}