{"fidelities_each_sample": [0.6681838992189104, 0.5770497542166837, 0.5907054334313194, 0.5160224443705342, 0.5244872777799342, 0.6420582308652635, 0.6569800851998403, 0.5013643401660879, 0.6205473671062784, 0.543554811380476], "average_fidelity": 0.5840953643735329, "training_params": {"N_samples": 10, "N_training_iterations": 10000, "learning_rate": 0.01, "convergence_threshold": 1e-06, "batch_size": 8, "eval_batch_size": 16, "evaluation_time_steps": 50}}