{"fidelities_each_sample": [0.6331189170511158, 0.656641516158119, 0.6351771551785, 0.5773822843995419, 0.6876852836259202, 0.608130731546192, 0.8109930287189844, 0.5483177798633909, 0.6818041320459586, 0.6421252999627898], "average_fidelity": 0.6481376128550513, "training_params": {"N_samples": 10, "N_training_iterations": 10000, "learning_rate": 0.01, "convergence_threshold": 1e-06, "batch_size": 8, "eval_batch_size": 16, "evaluation_time_steps": 50}}