{"fidelities_each_sample": [0.6064307071508269, 0.5507282788968582, 0.48338008679611916, 0.4958038247424739, 0.5584084395038948, 0.5627109143810786, 0.5215333288420728, 0.6594300825187055, 0.6026447768426983, 0.5752665767093241], "average_fidelity": 0.5616337016384052, "training_params": {"N_samples": 10, "N_training_iterations": 10000, "learning_rate": 0.01, "convergence_threshold": 1e-06, "batch_size": 8, "eval_batch_size": 16, "evaluation_time_steps": 50}}