{"fidelities_each_sample": [0.5174932123800946, 0.5728675178483051, 0.5549383849478795, 0.4986858330363535, 0.5703827688417009, 0.5631629494283258, 0.5856089292736405, 0.5018510141026933, 0.5769065716508593, 0.47944243387450947], "average_fidelity": 0.5421339615384362, "training_params": {"N_samples": 10, "N_training_iterations": 10000, "learning_rate": 0.01, "convergence_threshold": 1e-06, "batch_size": 8, "eval_batch_size": 16, "evaluation_time_steps": 50}}