{"fidelities_each_sample": [0.6516787736684715, 0.5866169338305584, 0.5376813918765848, 0.46972427785136966, 0.5652596429554619, 0.5583277244801609, 0.7098602859616508, 0.5772348601250485, 0.6090858083338813, 0.6105182729146127], "average_fidelity": 0.58759879719978, "training_params": {"N_samples": 10, "N_training_iterations": 10000, "learning_rate": 0.01, "convergence_threshold": 1e-06, "batch_size": 8, "eval_batch_size": 16, "evaluation_time_steps": 50}}