{"fidelities_each_sample": [0.22714723048618535, 0.24581657302708823, 0.2174824998379794], "average_fidelity": 0.230148767783751, "training_params": {"N_samples": 3, "N_training_iterations": 1000, "learning_rate": 0.01, "convergence_threshold": 1e-06, "batch_size": 8, "eval_batch_size": 16, "evaluation_time_steps": 50}}