{"fidelities_each_sample": [0.22643749296656188, 0.2597933718989514, 0.15875155221711482, 0.14632816164458273, 0.20038024276982105, 0.2587912415871579, 0.16570906879679823, 0.18605540665754725, 0.2107020130916022, 0.1737736342021577], "average_fidelity": 0.1986722185832295, "training_params": {"N_samples": 10, "N_training_iterations": 10000, "learning_rate": 0.01, "convergence_threshold": 1e-06, "batch_size": 8, "eval_batch_size": 16, "evaluation_time_steps": 50}}