{"fidelities_each_sample": [0.5196133890716016, 0.5993394955234447, 0.6191878459943224, 0.46097385500683, 0.5696626596881547, 0.5606556301730434, 0.7069402375892835, 0.4914927218266415, 0.4888772071189319, 0.5174912190001855], "average_fidelity": 0.553423426099244, "training_params": {"N_samples": 10, "N_training_iterations": 10000, "learning_rate": 0.01, "convergence_threshold": 1e-06, "batch_size": 8, "eval_batch_size": 16, "evaluation_time_steps": 50}}