{"fidelities_each_sample": [0.5459466510391637, 0.5297580648431095, 0.5388203259991166, 0.5429362525157613, 0.5797637967763339, 0.5809968227384441, 0.6500144278978943, 0.5650079645274455, 0.6367769029568618, 0.5354482277701602], "average_fidelity": 0.570546943706429, "training_params": {"N_samples": 10, "N_training_iterations": 10000, "learning_rate": 0.01, "convergence_threshold": 1e-06, "batch_size": 8, "eval_batch_size": 16, "evaluation_time_steps": 50}}