{"fidelities_each_sample": [0.6764026807570447, 0.6077281913998276, 0.5696574690721836, 0.5197969415532815, 0.47363808298599014, 0.5347111782580407, 0.6334621821707447, 0.5798255672056214, 0.6453910389641291, 0.5767282386401309], "average_fidelity": 0.5817341571006994, "training_params": {"N_samples": 10, "N_training_iterations": 10000, "learning_rate": 0.01, "convergence_threshold": 1e-06, "batch_size": 8, "eval_batch_size": 16, "evaluation_time_steps": 50}}