{"fidelities_each_sample": [0.4228658198655821, 0.46906986229582753, 0.4184704288927989], "average_fidelity": 0.43680203701806947, "training_params": {"N_samples": 3, "N_training_iterations": 1000, "learning_rate": 0.01, "convergence_threshold": 1e-06, "batch_size": 8, "eval_batch_size": 16, "evaluation_time_steps": 50}}