{"fidelities_each_sample": [0.7399080031075324, 0.6707229700106903, 0.6731847955048532, 0.7508318175668588, 0.6116286744415064, 0.5703462124086695, 0.7872570520038004, 0.675034450812722, 0.7056488118155764, 0.7361726757551746], "average_fidelity": 0.6920735463427384, "training_params": {"N_samples": 10, "N_training_iterations": 10000, "learning_rate": 0.01, "convergence_threshold": 1e-06, "batch_size": 8, "eval_batch_size": 16, "evaluation_time_steps": 50}}