{"fidelities_each_sample": [0.5280231909505989, 0.5386460773735828, 0.5486080634561238, 0.4676615764019965, 0.5481219468360562, 0.5796510566099973, 0.6669840798266238, 0.5863704663684298, 0.5720828914675078, 0.5873575908329451], "average_fidelity": 0.5623506940123862, "training_params": {"N_samples": 10, "N_training_iterations": 10000, "learning_rate": 0.01, "convergence_threshold": 1e-06, "batch_size": 8, "eval_batch_size": 16, "evaluation_time_steps": 50}}