{"fidelities_each_sample": [0.725448830655115, 0.5858201687779441, 0.5635587922308547, 0.5569394504349208, 0.5661805125869559, 0.6462630776498968, 0.7738793774677705, 0.5127100694038719, 0.5732937435406189, 0.6505744825859204], "average_fidelity": 0.6154668505333868, "training_params": {"N_samples": 10, "N_training_iterations": 10000, "learning_rate": 0.01, "convergence_threshold": 1e-06, "batch_size": 8, "eval_batch_size": 16, "evaluation_time_steps": 50}}