{"fidelities_each_sample": [0.6488873201998745, 0.571369866257166, 0.591900212519188, 0.423159026142344, 0.5645685823239922, 0.5814442605231575, 0.6969853693753963, 0.6068308637202566, 0.5883935374244528, 0.5922763261635822], "average_fidelity": 0.5865815364649409, "training_params": {"N_samples": 10, "N_training_iterations": 10000, "learning_rate": 0.01, "convergence_threshold": 1e-06, "batch_size": 8, "eval_batch_size": 16, "evaluation_time_steps": 50}}