{"fidelities_each_sample": [0.6587963657144295, 0.6786768875753731, 0.6221215884328823, 0.6403576655455164, 0.628290194503253, 0.6845584094132462, 0.8038894507793022, 0.6774835429149687, 0.6760033246255597, 0.6033526222618488], "average_fidelity": 0.6673530051766379, "training_params": {"N_samples": 10, "N_training_iterations": 10000, "learning_rate": 0.01, "convergence_threshold": 1e-06, "batch_size": 8, "eval_batch_size": 16, "evaluation_time_steps": 50}}