{"fidelities_each_sample": [0.6694300049825137, 0.5534524490180859, 0.5060921147869633, 0.42270964624489193, 0.5931380496666548, 0.5574034044318137, 0.6957653580910177, 0.657844355311592, 0.5944719127565604, 0.5789387753761469], "average_fidelity": 0.5829246070666241, "training_params": {"N_samples": 10, "N_training_iterations": 10000, "learning_rate": 0.01, "convergence_threshold": 1e-06, "batch_size": 8, "eval_batch_size": 16, "evaluation_time_steps": 50}}