{"fidelities_each_sample": [0.5619476058173087, 0.671378468530512, 0.4462136771404552, 0.3946975195099228, 0.5165867944301517, 0.48375056742453876, 0.5192673383758774, 0.5368659087239788, 0.6333348025128289, 0.5774836793390346], "average_fidelity": 0.5341526361804608, "training_params": {"N_samples": 10, "N_training_iterations": 10000, "learning_rate": 0.01, "convergence_threshold": 1e-06, "batch_size": 8, "eval_batch_size": 16, "evaluation_time_steps": 50}}