{"fidelities_each_sample": [0.6184639896571456, 0.6612192370529072, 0.6467251509125059, 0.6532714070933704, 0.5597288615411555, 0.5992916263362588, 0.6939232193555678, 0.5126955510490954, 0.6570474639941336, 0.5559397104337339], "average_fidelity": 0.6158306217425873, "training_params": {"N_samples": 10, "N_training_iterations": 10000, "learning_rate": 0.01, "convergence_threshold": 1e-06, "batch_size": 8, "eval_batch_size": 16, "evaluation_time_steps": 50}}