{"fidelities_each_sample": [0.48790157403447, 0.5892024169691681, 0.5549143711281029, 0.4057533108459739, 0.5155859451438999, 0.5959356312186759, 0.5451357806300725, 0.574286859513212, 0.5075024483301857, 0.5789356865513557], "average_fidelity": 0.5355154024365116, "training_params": {"N_samples": 10, "N_training_iterations": 10000, "learning_rate": 0.01, "convergence_threshold": 1e-06, "batch_size": 8, "eval_batch_size": 16, "evaluation_time_steps": 50}}