{"fidelities_each_sample": [0.7234547210542731, 0.6259023257082849, 0.6005563187443437, 0.5538476313153701, 0.6157542417390176, 0.627935177786396, 0.5013727651653525, 0.6423418603592946, 0.6308751157155736, 0.5159114165597342], "average_fidelity": 0.603795157414764, "training_params": {"N_samples": 10, "N_training_iterations": 10000, "learning_rate": 0.01, "convergence_threshold": 1e-06, "batch_size": 8, "eval_batch_size": 16, "evaluation_time_steps": 50}}