{"fidelities_each_sample": [0.5237447711446123, 0.60000719107204, 0.4995611765824646, 0.4085781225385752, 0.539283751619421, 0.5422668912712859, 0.47240389625468476, 0.4870579776349804, 0.5298482324535619, 0.5335019038274963], "average_fidelity": 0.5136253914399123, "training_params": {"N_samples": 10, "N_training_iterations": 10000, "learning_rate": 0.01, "convergence_threshold": 1e-06, "batch_size": 8, "eval_batch_size": 16, "evaluation_time_steps": 50}}