{"fidelities_each_sample": [0.5307036940247541, 0.5841274805641294, 0.5027777110843459, 0.40984747923836967, 0.585890611180047, 0.5341822627723471, 0.40437620917947437, 0.5698267982924309, 0.49271057353049147, 0.392435924176625], "average_fidelity": 0.5006878744043015, "training_params": {"N_samples": 10, "N_training_iterations": 10000, "learning_rate": 0.01, "convergence_threshold": 1e-06, "batch_size": 8, "eval_batch_size": 16, "evaluation_time_steps": 50}}