{"fidelities_each_sample": [0.5117466538525166, 0.6117752313405506, 0.48550438725646616, 0.43481560894565796, 0.5334085894276805, 0.48651640129025225, 0.504969696226122, 0.46910585801945776, 0.49139830336656687, 0.5204822647395072], "average_fidelity": 0.5049722994464777, "training_params": {"N_samples": 10, "N_training_iterations": 10000, "learning_rate": 0.01, "convergence_threshold": 1e-06, "batch_size": 8, "eval_batch_size": 16, "evaluation_time_steps": 50}}