{"fidelities_each_sample": [0.19445884480531908, 0.25196244199337875, 0.1818230637024196, 0.16918551410023036, 0.20514707107956637, 0.2353039408691194, 0.1800993883328976, 0.17524668518406328, 0.2183081445062658, 0.18701534326418173], "average_fidelity": 0.1998550437837442, "training_params": {"N_samples": 10, "N_training_iterations": 10000, "learning_rate": 0.01, "convergence_threshold": 1e-06, "batch_size": 8, "eval_batch_size": 16, "evaluation_time_steps": 50}}