{"fidelities_each_sample": [0.6830825470792088, 0.6049682138419855, 0.5610882455433516, 0.5680215756519957, 0.641239335559659, 0.581442475148674, 0.7870426549272962, 0.6019491427079872, 0.595294666020451, 0.5665950202515514], "average_fidelity": 0.619072387673216, "training_params": {"N_samples": 10, "N_training_iterations": 10000, "learning_rate": 0.01, "convergence_threshold": 1e-06, "batch_size": 8, "eval_batch_size": 16, "evaluation_time_steps": 50}}