{"fidelities_each_sample": [0.5256192601910922, 0.5721255750368605, 0.4865853728643884, 0.5147183678427911, 0.6306854831244874, 0.5261265503310809, 0.5675308973208864, 0.5869973282930437, 0.48605920083379844, 0.5524058104633442], "average_fidelity": 0.5448853846301773, "training_params": {"N_samples": 10, "N_training_iterations": 10000, "learning_rate": 0.01, "convergence_threshold": 1e-06, "batch_size": 8, "eval_batch_size": 16, "evaluation_time_steps": 50}}