{"fidelities_each_sample": [0.6420792113410339, 0.6606873796159943, 0.690214089876005, 0.7777564493262563, 0.6987625963441354, 0.7135274211950263, 0.7912675422360516, 0.7271657854002543, 0.6897045803051726, 0.6488638328635339], "average_fidelity": 0.7040028888503465, "training_params": {"N_samples": 10, "N_training_iterations": 10000, "learning_rate": 0.01, "convergence_threshold": 1e-06, "batch_size": 8, "eval_batch_size": 16, "evaluation_time_steps": 50}}