{"fidelities_each_sample": [0.5790770270210203, 0.585428402249013, 0.547999908795452, 0.5240909087177821, 0.5753669787326495, 0.46038645109943294, 0.6111191457565803, 0.5884946793616161, 0.5609122632015877, 0.5078594355282284], "average_fidelity": 0.5540735200463363, "training_params": {"N_samples": 10, "N_training_iterations": 10000, "learning_rate": 0.01, "convergence_threshold": 1e-06, "batch_size": 8, "eval_batch_size": 16, "evaluation_time_steps": 50}}