{"fidelities_each_sample": [0.5054082224470203, 0.5343001994447171, 0.550984851714074, 0.485189771007191, 0.5824737018541791, 0.5123760664871536, 0.6415829534212523, 0.47350629813582396, 0.5246517083374215, 0.5517849078425869], "average_fidelity": 0.5362258680691419, "training_params": {"N_samples": 10, "N_training_iterations": 10000, "learning_rate": 0.01, "convergence_threshold": 1e-06, "batch_size": 8, "eval_batch_size": 16, "evaluation_time_steps": 50}}