{"fidelities_each_sample": [0.6542543599204353, 0.6949920023951803, 0.7516811681877593, 0.6435094324865238, 0.6528907230595624, 0.6290851216159528, 0.8267670862299015, 0.7305268931010318, 0.6985777233656162, 0.6269721363518177], "average_fidelity": 0.6909256646713782, "training_params": {"N_samples": 10, "N_training_iterations": 10000, "learning_rate": 0.01, "convergence_threshold": 1e-06, "batch_size": 8, "eval_batch_size": 16, "evaluation_time_steps": 50}}