{"fidelities_each_sample": [0.5872461325713406, 0.5630895112033804, 0.3660485799199988, 0.5657901772240542, 0.6575931520101413, 0.6785320318267869, 0.5733460623661436, 0.4839772943944278, 0.4507537611429183, 0.6269272144595336], "average_fidelity": 0.5553303917118726, "training_params": {"N_samples": 10, "N_training_iterations": 10000, "learning_rate": 0.01, "convergence_threshold": 1e-06, "batch_size": 8, "eval_batch_size": 16, "evaluation_time_steps": 50}}