{"fidelities_each_sample": [0.21266685981301656, 0.2681505114544993, 0.16684777627931036, 0.17250834089892905, 0.20050716593203, 0.23116742521529263, 0.2009071053413521, 0.1695012339593168, 0.2165212031163853, 0.16845916154035862], "average_fidelity": 0.2007236783550491, "training_params": {"N_samples": 10, "N_training_iterations": 10000, "learning_rate": 0.01, "convergence_threshold": 1e-06, "batch_size": 8, "eval_batch_size": 16, "evaluation_time_steps": 50}}