{"fidelities_each_sample": [0.2552155480693043, 0.24807522927415626, 0.17111179729969597, 0.211290167637151, 0.2035320013901033, 0.2624677039420916, 0.19219900913731575, 0.1748299924182683, 0.22304778311042972, 0.18727614667644737], "average_fidelity": 0.21290453789549635, "training_params": {"N_samples": 10, "N_training_iterations": 10000, "learning_rate": 0.01, "convergence_threshold": 1e-06, "batch_size": 8, "eval_batch_size": 16, "evaluation_time_steps": 50}}