{"fidelities_each_sample": [0.5381856622759824, 0.5188415525790971, 0.5922663538804617, 0.3967109224664705, 0.5338296967630011, 0.560556308896862, 0.6047163056200814, 0.545777567585544, 0.6181934739910168, 0.5052177464436883], "average_fidelity": 0.5414295590502205, "training_params": {"N_samples": 10, "N_training_iterations": 10000, "learning_rate": 0.01, "convergence_threshold": 1e-06, "batch_size": 8, "eval_batch_size": 16, "evaluation_time_steps": 50}}