{"fidelities_each_sample": [0.5298118503032704, 0.5807896010837507, 0.5356468103977534, 0.519482019581473, 0.5800499981133962, 0.5262902226019619, 0.6652694337641805, 0.5330356224570298, 0.5106796686135965, 0.5348733469667145], "average_fidelity": 0.5515928573883127, "training_params": {"N_samples": 10, "N_training_iterations": 10000, "learning_rate": 0.01, "convergence_threshold": 1e-06, "batch_size": 8, "eval_batch_size": 16, "evaluation_time_steps": 50}}