{"fidelities_each_sample": [0.5626855741207958, 0.6308148974390699, 0.4366221892563557, 0.5389624183087077, 0.566529585940559, 0.4435147909665831, 0.4573515618226992, 0.47812675836443147, 0.5647862043007198, 0.4941903634070217], "average_fidelity": 0.5173584343926942, "training_params": {"N_samples": 10, "N_training_iterations": 10000, "learning_rate": 0.01, "convergence_threshold": 1e-06, "batch_size": 8, "eval_batch_size": 16, "evaluation_time_steps": 50}}