{"fidelities_each_sample": [0.18169391686591652, 0.24550478315849403, 0.1930192258757421, 0.1814530619521504, 0.21727426935312047, 0.17468722789734703, 0.142128075016019, 0.23448365117669026, 0.24683842227432268, 0.21061558783824075], "average_fidelity": 0.20276982214080436, "training_params": {"N_samples": 10, "N_training_iterations": 10000, "learning_rate": 0.01, "convergence_threshold": 1e-06, "batch_size": 8, "eval_batch_size": 16, "evaluation_time_steps": 50}}