{"fidelities_each_sample": [0.5720629699384372, 0.6143266377568743, 0.6550640023778205, 0.6136223559820868, 0.5513241961603663, 0.5683185184645901, 0.7853077278911376, 0.5872485439766407, 0.6123055852172392, 0.5696405914789567], "average_fidelity": 0.612922112924415, "training_params": {"N_samples": 10, "N_training_iterations": 10000, "learning_rate": 0.01, "convergence_threshold": 1e-06, "batch_size": 8, "eval_batch_size": 16, "evaluation_time_steps": 50}}