{"fidelities_each_sample": [0.4520839627106389, 0.5634527259799013, 0.5759932385456656, 0.544457394994527, 0.5742002927388047, 0.526776315419623, 0.7319602741921347, 0.5080100408812822, 0.6150835175371677, 0.5271257447213942], "average_fidelity": 0.5619143507721139, "training_params": {"N_samples": 10, "N_training_iterations": 10000, "learning_rate": 0.01, "convergence_threshold": 1e-06, "batch_size": 8, "eval_batch_size": 16, "evaluation_time_steps": 50}}