{"fidelities_each_sample": [0.5370252305963453, 0.5289119377964637, 0.5570930445620014, 0.476533334946969, 0.5930761017865664, 0.5989006004781716, 0.5763596304496706, 0.5468937205629127, 0.6453068724127323, 0.6108855526291059], "average_fidelity": 0.5670986026220939, "training_params": {"N_samples": 10, "N_training_iterations": 10000, "learning_rate": 0.01, "convergence_threshold": 1e-06, "batch_size": 8, "eval_batch_size": 16, "evaluation_time_steps": 50}}