{"fidelities_each_sample": [0.5671390571801023, 0.6309782314918685, 0.5552877529439626, 0.5340107258113103, 0.5835036347665961, 0.5573814966341386, 0.6011220746438065, 0.5453233775904733, 0.6001249299596899, 0.509282977094574], "average_fidelity": 0.5684154258116522, "training_params": {"N_samples": 10, "N_training_iterations": 10000, "learning_rate": 0.01, "convergence_threshold": 1e-06, "batch_size": 8, "eval_batch_size": 16, "evaluation_time_steps": 50}}