{"fidelities_each_sample": [0.7105984537716888, 0.6720310140543996, 0.6717403235368063, 0.6702938818348764, 0.6824810216427551, 0.6801143426319516, 0.7820042531858821, 0.672338317587611, 0.6976652857341801, 0.6587879611125208], "average_fidelity": 0.6898054855092671, "training_params": {"N_samples": 10, "N_training_iterations": 10000, "learning_rate": 0.01, "convergence_threshold": 1e-06, "batch_size": 8, "eval_batch_size": 16, "evaluation_time_steps": 50}}