{"fidelities_each_sample": [0.5332763241447415, 0.5963020010827973, 0.5203464145706966, 0.5310384357367438, 0.5923106171901291, 0.5525630607032194, 0.4763372075236323, 0.5498422472814689, 0.66010603329235, 0.60514060567292], "average_fidelity": 0.5617262947198699, "training_params": {"N_samples": 10, "N_training_iterations": 10000, "learning_rate": 0.01, "convergence_threshold": 1e-06, "batch_size": 8, "eval_batch_size": 16, "evaluation_time_steps": 50}}