{"fidelities_each_sample": [0.43072435611081084, 0.4748615434065484, 0.45347202867473957], "average_fidelity": 0.45301930939736623, "training_params": {"N_samples": 3, "N_training_iterations": 1000, "learning_rate": 0.01, "convergence_threshold": 1e-06, "batch_size": 8, "eval_batch_size": 16, "evaluation_time_steps": 50}}