{"fidelities_each_sample": [0.6787201347759043, 0.6550567217384524, 0.6559093290697953, 0.5005023995338207, 0.5817605408801663, 0.5620674404656217, 0.7419917907327368, 0.6157904983620415, 0.6120875756239862, 0.5449501990637904], "average_fidelity": 0.6148836630246316, "training_params": {"N_samples": 10, "N_training_iterations": 10000, "learning_rate": 0.01, "convergence_threshold": 1e-06, "batch_size": 8, "eval_batch_size": 16, "evaluation_time_steps": 50}}