{"fidelities_each_sample": [0.6939652100716708, 0.606416719630537, 0.6181510947364417, 0.5318560541892904, 0.6497950608746672, 0.6013991432159684, 0.7462061101441386, 0.6184534517545701, 0.6012887350756244, 0.5494146093022108], "average_fidelity": 0.621694618899512, "training_params": {"N_samples": 10, "N_training_iterations": 10000, "learning_rate": 0.01, "convergence_threshold": 1e-06, "batch_size": 8, "eval_batch_size": 16, "evaluation_time_steps": 50}}