{"fidelities_each_sample": [0.5756082877248695, 0.5284910880703932, 0.5131171043371983, 0.5281704749594196, 0.5720880745746595, 0.592402809488192, 0.6184859921027142, 0.5471215484144777, 0.5737724649180029, 0.575262888737096], "average_fidelity": 0.5624520733327023, "training_params": {"N_samples": 10, "N_training_iterations": 10000, "learning_rate": 0.01, "convergence_threshold": 1e-06, "batch_size": 8, "eval_batch_size": 16, "evaluation_time_steps": 50}}