{"fidelities_each_sample": [0.5536983038299299, 0.5455399527996656, 0.5278759009875696, 0.5497187060316006, 0.555006728014166, 0.43049365109826826, 0.5144397314958096, 0.5272015213400458, 0.552158626054368, 0.48796460272828257], "average_fidelity": 0.5244097724379706, "training_params": {"N_samples": 10, "N_training_iterations": 10000, "learning_rate": 0.01, "convergence_threshold": 1e-06, "batch_size": 8, "eval_batch_size": 16, "evaluation_time_steps": 50}}