{"fidelities_each_sample": [0.5801411291039971, 0.5783874986974014, 0.561522379500114, 0.48552412468789613, 0.6050490186693513, 0.5640552715708724, 0.6966655942186586, 0.5123755181384344, 0.5920664095998107, 0.5314317273121396], "average_fidelity": 0.5707218671498675, "training_params": {"N_samples": 10, "N_training_iterations": 10000, "learning_rate": 0.01, "convergence_threshold": 1e-06, "batch_size": 8, "eval_batch_size": 16, "evaluation_time_steps": 50}}