{"fidelities_each_sample": [0.6097318045209708, 0.5624686815859059, 0.5597374955693671, 0.4895511954772572, 0.6083696426947253, 0.5665934388042689, 0.7558220688626791, 0.5952265348279616, 0.5365819092324471, 0.5341331747152663], "average_fidelity": 0.581821594629085, "training_params": {"N_samples": 10, "N_training_iterations": 10000, "learning_rate": 0.01, "convergence_threshold": 1e-06, "batch_size": 8, "eval_batch_size": 16, "evaluation_time_steps": 50}}