{"fidelities_each_sample": [0.5244534954979898, 0.5458733850278886, 0.5045924285775109, 0.5093106842933399, 0.6030050904620093, 0.4772438226144531, 0.5872648124836704, 0.5265540424787329, 0.5926324511444602, 0.5537645481714786], "average_fidelity": 0.5424694760751535, "training_params": {"N_samples": 10, "N_training_iterations": 10000, "learning_rate": 0.01, "convergence_threshold": 1e-06, "batch_size": 8, "eval_batch_size": 16, "evaluation_time_steps": 50}}