{"fidelities_each_sample": [0.6997199114680388, 0.6226318362362543, 0.5646166805191689, 0.49182658461248174, 0.5473875944104456, 0.6034330872747236, 0.659389127824557, 0.604885594889987, 0.6357368071288587, 0.5933884834149993], "average_fidelity": 0.6023015707779515, "training_params": {"N_samples": 10, "N_training_iterations": 10000, "learning_rate": 0.01, "convergence_threshold": 1e-06, "batch_size": 8, "eval_batch_size": 16, "evaluation_time_steps": 50}}