{"fidelities_each_sample": [0.6484493571929931, 0.6290386253197028, 0.6162253240883004, 0.5120861360389904, 0.5882137739680735, 0.5384471405263046, 0.687146584170589, 0.6296348421443768, 0.6002092798230457, 0.5253248769719504], "average_fidelity": 0.5974775940244328, "training_params": {"N_samples": 10, "N_training_iterations": 10000, "learning_rate": 0.01, "convergence_threshold": 1e-06, "batch_size": 8, "eval_batch_size": 16, "evaluation_time_steps": 50}}