{"fidelities_each_sample": [0.5892585837884932, 0.6149386281323633, 0.5980145073959477, 0.5493941495588178, 0.6062037992180924, 0.5762918642910875, 0.6121248869386988, 0.5596189182446826, 0.5997378865093007, 0.5363279410407089], "average_fidelity": 0.5841911165118192, "training_params": {"N_samples": 10, "N_training_iterations": 10000, "learning_rate": 0.01, "convergence_threshold": 1e-06, "batch_size": 8, "eval_batch_size": 16, "evaluation_time_steps": 50}}