{"fidelities_each_sample": [0.5045456128927509, 0.6019369775061539, 0.5030978339563478, 0.46895595310816907, 0.5474513657223216, 0.566338394456238, 0.7059658161815681, 0.4884171616715534, 0.5467791534678045, 0.6556034219192269], "average_fidelity": 0.5589091690882134, "training_params": {"N_samples": 10, "N_training_iterations": 10000, "learning_rate": 0.01, "convergence_threshold": 1e-06, "batch_size": 8, "eval_batch_size": 16, "evaluation_time_steps": 50}}