{"fidelities_each_sample": [0.7162063066186181, 0.6761593845597859, 0.6385923830808554, 0.6830155476539659, 0.6233495463306035, 0.6560204799970052, 0.7488991247588066, 0.6644633596129972, 0.6785804280505445, 0.6632665239954353], "average_fidelity": 0.6748553084658617, "training_params": {"N_samples": 10, "N_training_iterations": 10000, "learning_rate": 0.01, "convergence_threshold": 1e-06, "batch_size": 8, "eval_batch_size": 16, "evaluation_time_steps": 50}}