{"fidelities_each_sample": [0.6407223431555477, 0.5154003867027845, 0.6207058678030953, 0.5856544538301932, 0.559238958284945, 0.5822565288082645, 0.6984099062974171, 0.5605989399928129, 0.5797714146857553, 0.5863050239980623], "average_fidelity": 0.5929063823558878, "training_params": {"N_samples": 10, "N_training_iterations": 10000, "learning_rate": 0.01, "convergence_threshold": 1e-06, "batch_size": 8, "eval_batch_size": 16, "evaluation_time_steps": 50}}