{"fidelities_each_sample": [0.6288784505138835, 0.5814069291934928, 0.5577224078679761, 0.5601369251401522, 0.5092293095066525, 0.544249501921242, 0.5726101369485097, 0.5535591199816198, 0.5996703575615856, 0.6084885037041904], "average_fidelity": 0.5715951642339304, "training_params": {"N_samples": 10, "N_training_iterations": 10000, "learning_rate": 0.01, "convergence_threshold": 1e-06, "batch_size": 8, "eval_batch_size": 16, "evaluation_time_steps": 50}}