{"fidelities_each_sample": [0.3935088122532528, 0.34031545063472707, 0.3120023216902378, 0.3780288151325608, 0.4198206911488464, 0.4602903993143087, 0.36164196803940035, 0.37376850449409876, 0.46341110147275927, 0.35941279636923407], "average_fidelity": 0.3862200860549426, "training_params": {"N_samples": 10, "N_training_iterations": 1000, "learning_rate": 0.01, "convergence_threshold": 1e-06, "batch_size": 8, "eval_batch_size": 16, "evaluation_time_steps": 50}}