{"fidelities_each_sample": [0.3514334446156299, 0.4419026986105261, 0.30575791490167736, 0.3495819125503821, 0.4162146500040147, 0.3101701047386887, 0.3691075253366115, 0.3208939847386515, 0.3894067330109442, 0.376624989311907], "average_fidelity": 0.36310939578190327, "training_params": {"N_samples": 10, "N_training_iterations": 1000, "learning_rate": 0.01, "convergence_threshold": 1e-06, "batch_size": 8, "eval_batch_size": 16, "evaluation_time_steps": 50}}