{"fidelities_each_sample": [0.3689363275056436, 0.35374966811015196, 0.30957583951309475, 0.3612512478087587, 0.3689966821328093, 0.4209539329780685, 0.3712127988216044, 0.34926644974476256, 0.420781312798684, 0.2700967630749556], "average_fidelity": 0.35948210224885335, "training_params": {"N_samples": 10, "N_training_iterations": 1000, "learning_rate": 0.01, "convergence_threshold": 1e-06, "batch_size": 8, "eval_batch_size": 16, "evaluation_time_steps": 50}}