{"fidelities_each_sample": [0.3990707584962088, 0.3189872892633624, 0.3163833886085244, 0.4307651094798764, 0.3840479525702473, 0.5286800845435783, 0.36774035823362217, 0.26886285553670575, 0.44318658974418224, 0.28478670889892266], "average_fidelity": 0.37425110953752305, "training_params": {"N_samples": 10, "N_training_iterations": 1000, "learning_rate": 0.01, "convergence_threshold": 1e-06, "batch_size": 8, "eval_batch_size": 16, "evaluation_time_steps": 50}}