{"fidelities_each_sample": [0.325194390998252, 0.33790002985621764, 0.23449056666535123, 0.4015881596413583, 0.4114334535638665, 0.46145742948672563, 0.39727406546926586, 0.37241811313219764, 0.3783604355827289, 0.37285917502390714], "average_fidelity": 0.3692975819419871, "training_params": {"N_samples": 10, "N_training_iterations": 1000, "learning_rate": 0.01, "convergence_threshold": 1e-06, "batch_size": 8, "eval_batch_size": 16, "evaluation_time_steps": 50}}