{"fidelities_each_sample": [0.3809661003811624, 0.34690903742637946, 0.2592144244108133, 0.4612363387118218, 0.3378173010052524, 0.38345034658753585, 0.38750553123680787, 0.40743840430775674, 0.4823778570229601, 0.26322598340916775], "average_fidelity": 0.3710141324499658, "training_params": {"N_samples": 10, "N_training_iterations": 1000, "learning_rate": 0.01, "convergence_threshold": 1e-06, "batch_size": 8, "eval_batch_size": 16, "evaluation_time_steps": 50}}