{"fidelities_each_sample": [0.3642137367114898, 0.3075797474157936, 0.2501030737382803, 0.45379238835689784, 0.3196393185942617, 0.3643335160957072, 0.4161371396940199, 0.4032053546163273, 0.4329564569898119, 0.34136553675616077], "average_fidelity": 0.365332626896875, "training_params": {"N_samples": 10, "N_training_iterations": 1000, "learning_rate": 0.01, "convergence_threshold": 1e-06, "batch_size": 8, "eval_batch_size": 16, "evaluation_time_steps": 50}}