{"fidelities_each_sample": [0.36163740004548334, 0.3185173262932458, 0.28611026817307733, 0.3527917395669725, 0.3081327734648035, 0.2857360800185737, 0.32126169647592134, 0.30675679113028387, 0.249474756152319, 0.27826649665851727], "average_fidelity": 0.30686853279791976, "training_params": {"N_samples": 10, "N_training_iterations": 1000, "learning_rate": 0.01, "convergence_threshold": 1e-06, "batch_size": 8, "eval_batch_size": 16, "evaluation_time_steps": 50}}