{"fidelities_each_sample": [0.39158962854188506, 0.40351429162647334, 0.4956202035665247, 0.3773068158681767, 0.5851297596041583, 0.4585275104904159, 0.4854287755421511, 0.7434378029061309, 0.36860549751687044, 0.4432394058813013], "average_fidelity": 0.47523996915440875, "training_params": {"N_samples": 10, "N_training_iterations": 4000, "learning_rate": 0.01, "convergence_threshold": 1e-06, "batch_size": 8, "eval_batch_size": 16, "evaluation_time_steps": 100}}