{"iterations": 4000, "returned_params": [[[[]], [[]], [[]], [[]], [[4.650110735773668, 2.471827343416729, 1.8073172973190108, 4.590904324804432, 4.7463811126168824, 5.455197029680884, 2.0207593161691357, 1.1330220268015683, 1.135367551742358, 0.9529052943492308, 1.6068435709322662, 5.153159219590374, 1.5764159108307514, 4.70677991142913, 4.718307650713607, 6.200227657757652]], [[0.751960334443057, 0.4907400525853365, 1.0562081939820416, 0.6159212102511915, 0.4196884700493988, 0.2935272038001471, -0.11855592703873503, -0.7600118691875919, -0.08646709132334682, 0.9259631903577195, 0.5758497306612738, 0.7282070427307223, 0.21535086329100378, -0.6196230127450425, -0.03787559161922215, 0.315156084991363]]], [[[]], [[]], [[]], [[]], [[3.873856251615635, 2.549044699006133, 1.5190236090566798, 4.590904324804432, 4.7463811126168824, 5.455197029680884, 2.933285292230694, 1.4463320330916467, 2.0484601762254875, 0.9529052943492308, 1.6068435709322662, 5.153159219590374, 1.5683829904912607, 4.7083861629180355, 4.70933808990455, 6.221419046715125]], [[0.003472088217441293, -0.012092540635074533, -1.6607945323141524, 0.6159212102511915, 0.4196884700493988, 0.2935272038001471, 0.000524080130284211, -0.00223468761327452, 0.6296292138843224, 0.9259631903577195, 0.5758497306612738, 0.7282070427307223, 0.8509999764741544, 0.20474878558226314, 0.16020705785736442, 0.3151560856776292]]], [[[]], [[]], [[]], [[]], [[5.133537249272035, 1.9333952158632552, 1.3821522047090427, 4.590904324804432, 4.7463811126168824, 5.455197029680884, 2.4535529492438055, 1.0958527758894907, 1.0307115103413031, 0.9529052943492308, 1.6068435709322662, 5.153159219590374, 1.5701641906573685, 4.714311519430549, 4.713813643432887, 6.336466516947369]], [[0.751960334443057, 0.4907400525853365, 1.0562081939820416, 0.6159212102511915, 0.4196884700493988, 0.2935272038001471, -0.11855592703873503, -0.7600118691875919, -0.08646709132334682, 0.9259631903577195, 0.5758497306612738, 0.7282070427307223, 0.21535086329100378, -0.6196230127450425, -0.03787559161922215, 0.315156084991363]]]], "final_fidelity": 0.5206013708189899, "final_purity": -1, "optimized_trainable_parameters": {"initial_params": [[], [], [], [], [4.650110735773668, 2.471827343416729, 1.8073172973190108, 4.590904324804432, 4.7463811126168824, 5.455197029680884, 2.0207593161691357, 1.1330220268015683, 1.135367551742358, 0.9529052943492308, 1.6068435709322662, 5.153159219590374, 1.5764159108307514, 4.70677991142913, 4.718307650713607, 6.200227657757652], [0.30129574865164055, 0.3749591623313686, 0.763942777797004, 0.6159212102511915, 0.4196884700493988, 0.2935272038001471, 0.6447665939137264, 0.11488233549248017, 0.020731504539900136, 0.9259631903577195, 0.5758497306612738, 0.7282070427307223, 0.44814957106105124, 0.2517973372113238, 0.6343383025943246, 0.3151560850784094]], "lookup_table": [[[5.133537249272035, 1.9333952158632552, 1.3821522047090427, 4.590904324804432, 4.7463811126168824, 5.455197029680884, 2.4535529492438055, 1.0958527758894907, 1.0307115103413031, 0.9529052943492308, 1.6068435709322662, 5.153159219590374, 1.5701641906573685, 4.714311519430549, 4.713813643432887, 6.336466516947369, 0.003472088217441293, -0.012092540635074533, -1.6607945323141524, 0.6159212102511915, 0.4196884700493988, 0.2935272038001471, 0.000524080130284211, -0.00223468761327452, 0.6296292138843224, 0.9259631903577195, 0.5758497306612738, 0.7282070427307223, 0.8509999764741544, 0.20474878558226314, 0.16020705785736442, 0.3151560856776292], [3.873856251615635, 2.549044699006133, 1.5190236090566798, 4.590904324804432, 4.7463811126168824, 5.455197029680884, 2.933285292230694, 1.4463320330916467, 2.0484601762254875, 0.9529052943492308, 1.6068435709322662, 5.153159219590374, 1.5683829904912607, 4.7083861629180355, 4.70933808990455, 6.221419046715125, 0.751960334443057, 0.4907400525853365, 1.0562081939820416, 0.6159212102511915, 0.4196884700493988, 0.2935272038001471, -0.11855592703873503, -0.7600118691875919, -0.08646709132334682, 0.9259631903577195, 0.5758497306612738, 0.7282070427307223, 0.21535086329100378, -0.6196230127450425, -0.03787559161922215, 0.315156084991363]]]}}