{"fidelities_each_sample": [0.5852401927434863, 0.4150185840116258, 0.5576281339104384, 0.47025579314762744, 0.5011985326658812, 0.49852016986734204, 0.392958534639876, 0.655361407542007, 0.5105744371400798, 0.49473459068331727], "average_fidelity": 0.5081490376351682, "training_params": {"N_samples": 10, "N_training_iterations": 4000, "learning_rate": 0.01, "convergence_threshold": 1e-06, "batch_size": 8, "eval_batch_size": 16, "evaluation_time_steps": 100}}