{"iterations": 4000, "returned_params": [[[[]], [[]], [[]], [[]], [[4.354274462213861, 2.2373236266272394, 1.1742993150225969, 4.590904324804432, 4.7463811126168824, 5.455197029680884, 2.4628380885236023, 1.748460017749804, 1.8672400388570203, 0.9529052943492308, 1.6068435709322662, 5.153159219590374, 1.5389599051668716, 4.71395409943976, 4.69676563044272, 6.2510852884196115]], [[-0.9884737889292508, 0.8759867962397015, 2.4481818916503126, 0.6159212102511915, 0.4196884700493988, 0.2935272038001471, 0.9510038962710403, 0.6058489456165205, 0.961133554750054, 0.9259631903577195, 0.5758497306612738, 0.7282070427307223, 0.7201314513574687, -2.3303954670736835, 2.868016248458198, 0.3151560901757916]]], [[[]], [[]], [[]], [[]], [[3.8116525486615225, 1.9103177786385823, 1.5313517017231537, 4.590904324804432, 4.7463811126168824, 5.455197029680884, 3.1541498228660596, 1.4836631223665138, 1.677629940102001, 0.9529052943492308, 1.6068435709322662, 5.153159219590374, 1.5727201390675984, 4.878786082109103, 4.7152333532097686, 6.176729335516196]], [[-0.0068526840454401295, -0.007788628593016955, -1.489212862357753, 0.6159212102511915, 0.4196884700493988, 0.2935272038001471, -0.006844808009429536, -0.0018008591368545125, 0.7081107126028023, 0.9259631903577195, 0.5758497306612738, 0.7282070427307223, 0.26401960932261404, 0.5590619510433137, 0.5003563074520172, 0.31515608530566447]]], [[[]], [[]], [[]], [[]], [[3.9440009108364316, 0.5025246959257837, 1.069230882454523, 4.590904324804432, 4.7463811126168824, 5.455197029680884, 3.9419326278505142, 0.5872199805207107, 0.03112787741749887, 0.9529052943492308, 1.6068435709322662, 5.153159219590374, 1.5718399457115544, 4.71593471020997, 4.715119614192796, 6.169770498779179]], [[-0.9884737889292508, 0.8759867962397015, 2.4481818916503126, 0.6159212102511915, 0.4196884700493988, 0.2935272038001471, 0.9510038962710403, 0.6058489456165205, 0.961133554750054, 0.9259631903577195, 0.5758497306612738, 0.7282070427307223, 0.7201314513574687, -2.3303954670736835, 2.868016248458198, 0.3151560901757916]]]], "final_fidelity": 0.2256811956596394, "final_purity": -1, "optimized_trainable_parameters": {"initial_params": [[], [], [], [], [4.354274462213861, 2.2373236266272394, 1.1742993150225969, 4.590904324804432, 4.7463811126168824, 5.455197029680884, 2.4628380885236023, 1.748460017749804, 1.8672400388570203, 0.9529052943492308, 1.6068435709322662, 5.153159219590374, 1.5389599051668716, 4.71395409943976, 4.69676563044272, 6.2510852884196115], [0.30129574865164055, 0.3749591623313686, 0.763942777797004, 0.6159212102511915, 0.4196884700493988, 0.2935272038001471, 0.6447665939137264, 0.11488233549248017, 0.020731504539900136, 0.9259631903577195, 0.5758497306612738, 0.7282070427307223, 0.44814957106105124, 0.2517973372113238, 0.6343383025943246, 0.3151560850784094]], "lookup_table": [[[3.9440009108364316, 0.5025246959257837, 1.069230882454523, 4.590904324804432, 4.7463811126168824, 5.455197029680884, 3.9419326278505142, 0.5872199805207107, 0.03112787741749887, 0.9529052943492308, 1.6068435709322662, 5.153159219590374, 1.5718399457115544, 4.71593471020997, 4.715119614192796, 6.169770498779179, -0.0068526840454401295, -0.007788628593016955, -1.489212862357753, 0.6159212102511915, 0.4196884700493988, 0.2935272038001471, -0.006844808009429536, -0.0018008591368545125, 0.7081107126028023, 0.9259631903577195, 0.5758497306612738, 0.7282070427307223, 0.26401960932261404, 0.5590619510433137, 0.5003563074520172, 0.31515608530566447], [3.8116525486615225, 1.9103177786385823, 1.5313517017231537, 4.590904324804432, 4.7463811126168824, 5.455197029680884, 3.1541498228660596, 1.4836631223665138, 1.677629940102001, 0.9529052943492308, 1.6068435709322662, 5.153159219590374, 1.5727201390675984, 4.878786082109103, 4.7152333532097686, 6.176729335516196, -0.9884737889292508, 0.8759867962397015, 2.4481818916503126, 0.6159212102511915, 0.4196884700493988, 0.2935272038001471, 0.9510038962710403, 0.6058489456165205, 0.961133554750054, 0.9259631903577195, 0.5758497306612738, 0.7282070427307223, 0.7201314513574687, -2.3303954670736835, 2.868016248458198, 0.3151560901757916]]]}}