{"fidelities_each_sample": [0.4182821819409739, 0.41641629755203524, 0.4318911061453116, 0.3714733417600092, 0.6015821723201268, 0.5086313993957321, 0.48525416246966, 0.5110524852565849, 0.3878152012264017, 0.4039536115599002], "average_fidelity": 0.45363519596267354, "training_params": {"N_samples": 10, "N_training_iterations": 4000, "learning_rate": 0.01, "convergence_threshold": 1e-06, "batch_size": 8, "eval_batch_size": 16, "evaluation_time_steps": 100}}