{"fidelities_each_sample": [0.5059373541560935, 0.4050426892272506, 0.429320942119213, 0.5098794961881138, 0.497516980336849, 0.5414111041355486, 0.44925713030506353, 0.6410270267186456, 0.5115565441991542, 0.506182106185992], "average_fidelity": 0.4997131373571924, "training_params": {"N_samples": 10, "N_training_iterations": 4000, "learning_rate": 0.01, "convergence_threshold": 1e-06, "batch_size": 8, "eval_batch_size": 16, "evaluation_time_steps": 100}}