{"fidelities_each_sample": [0.4320653056106615, 0.40603723158570604, 0.49070645747400005, 0.3753325899512142, 0.6426575329348284, 0.475599360827458, 0.4416385924484155, 0.6936446834372173, 0.4761747765240498, 0.4367367754286304], "average_fidelity": 0.4870593306222181, "training_params": {"N_samples": 10, "N_training_iterations": 4000, "learning_rate": 0.01, "convergence_threshold": 1e-06, "batch_size": 8, "eval_batch_size": 16, "evaluation_time_steps": 100}}