{"iterations": 4000, "returned_params": [[[[]], [[]], [[]], [[]], [[2.534812374973759, 0.9196415789976914, 3.805353763997941, 2.464197245320242, 1.3464879368832778, 0.2283443788832857, 2.3627289333311174, 5.505861524954164, 5.910940601790529, 1.7996173951489511, 3.9268739121436997, 1.8730089684078852, 4.7880709200473985, 1.596191280690263, 4.711686099793376, 3.134326987637964]], [[0.8317552668840857, 0.8633850978665822, 0.43376160875266495, 0.06579047500964585, 0.7343885662362071, 0.16589765826427527, 0.2071739670455403, -0.08740588244050881, 1.1391157216783154, 0.6082244158683054, 0.22453008519537865, 0.7945996588739412, -0.4834858537709857, -0.09944748699194925, -0.15148986125895456, 0.7434108279505842]]], [[[]], [[]], [[]], [[]], [[1.5060909202706951, 1.4632785010505898, 3.035303169655064, 2.464197245320242, 1.3464879368832778, 0.2283443788832857, 2.0822287517695353, 5.7633660023238535, 5.064644941380263, 1.7996173951489511, 3.9268739121436997, 1.8730089684078852, 5.579940246680181, 1.572939375748835, 4.706534837490211, 3.1412856784085648]], [[-0.012199630443065766, 0.006441415938466469, 2.4636101096727954, 0.06579047500964585, 0.7343885662362071, 0.16589765826427527, 0.011725988496042904, 0.010702054729348112, 2.5215600778979494, 0.6082244158683054, 0.22453008519537865, 0.7945996588739412, 1.010263387891312, 0.7474657347525772, 0.7449978938321018, 0.7434108292454228]]], [[[]], [[]], [[]], [[]], [[2.693735637485873, 0.8718413410056794, 3.6612873984660497, 2.464197245320242, 1.3464879368832778, 0.2283443788832857, 2.2686869506675555, 5.30605457432251, 6.4421679119442, 1.7996173951489511, 3.9268739121436997, 1.8730089684078852, 4.714863182717147, 1.568226192771371, 4.713169676082483, 3.09375723312564]], [[0.8317552668840857, 0.8633850978665822, 0.43376160875266495, 0.06579047500964585, 0.7343885662362071, 0.16589765826427527, 0.2071739670455403, -0.08740588244050881, 1.1391157216783154, 0.6082244158683054, 0.22453008519537865, 0.7945996588739412, -0.4834858537709857, -0.09944748699194925, -0.15148986125895456, 0.7434108279505842]]]], "final_fidelity": 0.30923984044009445, "final_purity": -1, "optimized_trainable_parameters": {"initial_params": [[], [], [], [], [2.534812374973759, 0.9196415789976914, 3.805353763997941, 2.464197245320242, 1.3464879368832778, 0.2283443788832857, 2.3627289333311174, 5.505861524954164, 5.910940601790529, 1.7996173951489511, 3.9268739121436997, 1.8730089684078852, 4.7880709200473985, 1.596191280690263, 4.711686099793376, 3.134326987637964], [0.27267760687984977, 0.8281374944493647, 0.9315195864454022, 0.06579047500964585, 0.7343885662362071, 0.16589765826427527, 0.2974348358082304, 0.21847992517051118, 0.6977989160488334, 0.6082244158683054, 0.22453008519537865, 0.7945996588739412, 0.8069153509706508, 0.6420307657860682, 0.6157779230836555, 0.7434108295666451]], "lookup_table": [[[2.693735637485873, 0.8718413410056794, 3.6612873984660497, 2.464197245320242, 1.3464879368832778, 0.2283443788832857, 2.2686869506675555, 5.30605457432251, 6.4421679119442, 1.7996173951489511, 3.9268739121436997, 1.8730089684078852, 4.714863182717147, 1.568226192771371, 4.713169676082483, 3.09375723312564, -0.012199630443065766, 0.006441415938466469, 2.4636101096727954, 0.06579047500964585, 0.7343885662362071, 0.16589765826427527, 0.011725988496042904, 0.010702054729348112, 2.5215600778979494, 0.6082244158683054, 0.22453008519537865, 0.7945996588739412, 1.010263387891312, 0.7474657347525772, 0.7449978938321018, 0.7434108292454228], [1.5060909202706951, 1.4632785010505898, 3.035303169655064, 2.464197245320242, 1.3464879368832778, 0.2283443788832857, 2.0822287517695353, 5.7633660023238535, 5.064644941380263, 1.7996173951489511, 3.9268739121436997, 1.8730089684078852, 5.579940246680181, 1.572939375748835, 4.706534837490211, 3.1412856784085648, 0.8317552668840857, 0.8633850978665822, 0.43376160875266495, 0.06579047500964585, 0.7343885662362071, 0.16589765826427527, 0.2071739670455403, -0.08740588244050881, 1.1391157216783154, 0.6082244158683054, 0.22453008519537865, 0.7945996588739412, -0.4834858537709857, -0.09944748699194925, -0.15148986125895456, 0.7434108279505842]]]}}