{"iterations": 4000, "returned_params": [[[[]], [[]], [[]], [[]], [[4.516269646962668, 1.6607016106035626, 0.5305990741707944, 4.590904324804432, 4.7463811126168824, 5.455197029680884, 2.5239968011254827, 2.154484409934952, 1.8441463879892537, 0.9529052943492308, 1.6068435709322662, 5.153159219590374, 1.526507750961548, 4.709690753955659, 4.689347979295373, 6.267056025491593]], [[-0.9183243520796727, 0.8607090609952924, 2.2880263412807738, 0.6159212102511915, 0.4196884700493988, 0.2935272038001471, 1.0004581002994837, 0.6208546859006084, 0.6612151848535875, 0.9259631903577195, 0.5758497306612738, 0.7282070427307223, 1.1098446978644045, -2.2261876722682614, 2.853459702076964, 0.3151560851948187]]], [[[]], [[]], [[]], [[]], [[4.088677696849324, 0.7789714773029192, -0.03646338109690615, 4.590904324804432, 4.7463811126168824, 5.455197029680884, 3.2406380972951325, 2.3484437938631384, 1.7534704360962474, 0.9529052943492308, 1.6068435709322662, 5.153159219590374, 1.5712144956202139, 4.783096972517239, 4.708643998855626, 6.185147186246747]], [[-0.009802392803503823, -0.014943550638250237, -0.7280337958076697, 0.6159212102511915, 0.4196884700493988, 0.2935272038001471, -0.0024969807055661543, -0.006566437470419023, 2.042039553118566, 0.9259631903577195, 0.5758497306612738, 0.7282070427307223, 1.8180526659150937, 0.35845086255893455, 0.35995655044824615, 0.3151560818935431]]], [[[]], [[]], [[]], [[]], [[4.2164264798579545, 1.0298297968359127, -0.08657665866682489, 4.590904324804432, 4.7463811126168824, 5.455197029680884, 2.897648616403769, 2.5886710087893223, 1.969427579502716, 0.9529052943492308, 1.6068435709322662, 5.153159219590374, 1.572056647032106, 4.70859806504608, 4.710244268501329, 6.212834227870739]], [[-0.9183243520796727, 0.8607090609952924, 2.2880263412807738, 0.6159212102511915, 0.4196884700493988, 0.2935272038001471, 1.0004581002994837, 0.6208546859006084, 0.6612151848535875, 0.9259631903577195, 0.5758497306612738, 0.7282070427307223, 1.1098446978644045, -2.2261876722682614, 2.853459702076964, 0.3151560851948187]]]], "final_fidelity": 0.24853037337197792, "final_purity": -1, "optimized_trainable_parameters": {"initial_params": [[], [], [], [], [4.516269646962668, 1.6607016106035626, 0.5305990741707944, 4.590904324804432, 4.7463811126168824, 5.455197029680884, 2.5239968011254827, 2.154484409934952, 1.8441463879892537, 0.9529052943492308, 1.6068435709322662, 5.153159219590374, 1.526507750961548, 4.709690753955659, 4.689347979295373, 6.267056025491593], [0.30129574865164055, 0.3749591623313686, 0.763942777797004, 0.6159212102511915, 0.4196884700493988, 0.2935272038001471, 0.6447665939137264, 0.11488233549248017, 0.020731504539900136, 0.9259631903577195, 0.5758497306612738, 0.7282070427307223, 0.44814957106105124, 0.2517973372113238, 0.6343383025943246, 0.3151560850784094]], "lookup_table": [[[4.2164264798579545, 1.0298297968359127, -0.08657665866682489, 4.590904324804432, 4.7463811126168824, 5.455197029680884, 2.897648616403769, 2.5886710087893223, 1.969427579502716, 0.9529052943492308, 1.6068435709322662, 5.153159219590374, 1.572056647032106, 4.70859806504608, 4.710244268501329, 6.212834227870739, -0.009802392803503823, -0.014943550638250237, -0.7280337958076697, 0.6159212102511915, 0.4196884700493988, 0.2935272038001471, -0.0024969807055661543, -0.006566437470419023, 2.042039553118566, 0.9259631903577195, 0.5758497306612738, 0.7282070427307223, 1.8180526659150937, 0.35845086255893455, 0.35995655044824615, 0.3151560818935431], [4.088677696849324, 0.7789714773029192, -0.03646338109690615, 4.590904324804432, 4.7463811126168824, 5.455197029680884, 3.2406380972951325, 2.3484437938631384, 1.7534704360962474, 0.9529052943492308, 1.6068435709322662, 5.153159219590374, 1.5712144956202139, 4.783096972517239, 4.708643998855626, 6.185147186246747, -0.9183243520796727, 0.8607090609952924, 2.2880263412807738, 0.6159212102511915, 0.4196884700493988, 0.2935272038001471, 1.0004581002994837, 0.6208546859006084, 0.6612151848535875, 0.9259631903577195, 0.5758497306612738, 0.7282070427307223, 1.1098446978644045, -2.2261876722682614, 2.853459702076964, 0.3151560851948187]]]}}