{"iterations": 4000, "returned_params": [[[[]], [[]], [[]], [[]], [[2.5466882921887968, 0.9577699952811072, 3.8482900156439133, 2.464197245320242, 1.3464879368832778, 0.2283443788832857, 2.3117266092439905, 5.441989489235097, 6.064516836377993, 1.7996173951489511, 3.9268739121436997, 1.8730089684078852, 4.782463327537016, 1.608510182446707, 4.685118572300195, 3.128137967512058]], [[0.898346474083835, 0.8456263405055151, 0.3262433399376575, 0.06579047500964585, 0.7343885662362071, 0.16589765826427527, 0.12350511856781667, 0.04194570229186934, 1.2053938211267388, 0.6082244158683054, 0.22453008519537865, 0.7945996588739412, -0.5297823975833574, -0.18761539974531954, -0.08541109538685816, 0.7434108315348165]]], [[[]], [[]], [[]], [[]], [[1.475452866250814, 1.4717947393106288, 3.080943801988923, 2.464197245320242, 1.3464879368832778, 0.2283443788832857, 2.091639120611893, 5.7276964475784125, 5.097744414421491, 1.7996173951489511, 3.9268739121436997, 1.8730089684078852, 5.59182965621084, 1.567147495254221, 4.715088630047859, 3.136355583151474]], [[-0.00788963561356512, 0.004853232870395357, 2.3416009657177823, 0.06579047500964585, 0.7343885662362071, 0.16589765826427527, 0.011038385032227009, 0.014136724220080919, 2.5320485895584723, 0.6082244158683054, 0.22453008519537865, 0.7945996588739412, 0.9144917903491803, 0.7432052506596394, 0.7123950832555583, 0.7434108334307175]]], [[[]], [[]], [[]], [[]], [[2.6903649879531413, 0.8987220386824641, 3.6946099636586944, 2.464197245320242, 1.3464879368832778, 0.2283443788832857, 2.2516054158783536, 5.252870267412071, 6.548840602194775, 1.7996173951489511, 3.9268739121436997, 1.8730089684078852, 4.714949450099613, 1.5698530002161142, 4.713659389099203, 3.0909809360337746]], [[0.898346474083835, 0.8456263405055151, 0.3262433399376575, 0.06579047500964585, 0.7343885662362071, 0.16589765826427527, 0.12350511856781667, 0.04194570229186934, 1.2053938211267388, 0.6082244158683054, 0.22453008519537865, 0.7945996588739412, -0.5297823975833574, -0.18761539974531954, -0.08541109538685816, 0.7434108315348165]]]], "final_fidelity": 0.38574111895795016, "final_purity": -1, "optimized_trainable_parameters": {"initial_params": [[], [], [], [], [2.5466882921887968, 0.9577699952811072, 3.8482900156439133, 2.464197245320242, 1.3464879368832778, 0.2283443788832857, 2.3117266092439905, 5.441989489235097, 6.064516836377993, 1.7996173951489511, 3.9268739121436997, 1.8730089684078852, 4.782463327537016, 1.608510182446707, 4.685118572300195, 3.128137967512058], [0.27267760687984977, 0.8281374944493647, 0.9315195864454022, 0.06579047500964585, 0.7343885662362071, 0.16589765826427527, 0.2974348358082304, 0.21847992517051118, 0.6977989160488334, 0.6082244158683054, 0.22453008519537865, 0.7945996588739412, 0.8069153509706508, 0.6420307657860682, 0.6157779230836555, 0.7434108295666451]], "lookup_table": [[[2.6903649879531413, 0.8987220386824641, 3.6946099636586944, 2.464197245320242, 1.3464879368832778, 0.2283443788832857, 2.2516054158783536, 5.252870267412071, 6.548840602194775, 1.7996173951489511, 3.9268739121436997, 1.8730089684078852, 4.714949450099613, 1.5698530002161142, 4.713659389099203, 3.0909809360337746, -0.00788963561356512, 0.004853232870395357, 2.3416009657177823, 0.06579047500964585, 0.7343885662362071, 0.16589765826427527, 0.011038385032227009, 0.014136724220080919, 2.5320485895584723, 0.6082244158683054, 0.22453008519537865, 0.7945996588739412, 0.9144917903491803, 0.7432052506596394, 0.7123950832555583, 0.7434108334307175], [1.475452866250814, 1.4717947393106288, 3.080943801988923, 2.464197245320242, 1.3464879368832778, 0.2283443788832857, 2.091639120611893, 5.7276964475784125, 5.097744414421491, 1.7996173951489511, 3.9268739121436997, 1.8730089684078852, 5.59182965621084, 1.567147495254221, 4.715088630047859, 3.136355583151474, 0.898346474083835, 0.8456263405055151, 0.3262433399376575, 0.06579047500964585, 0.7343885662362071, 0.16589765826427527, 0.12350511856781667, 0.04194570229186934, 1.2053938211267388, 0.6082244158683054, 0.22453008519537865, 0.7945996588739412, -0.5297823975833574, -0.18761539974531954, -0.08541109538685816, 0.7434108315348165]]]}}