{"fidelities_each_sample": [0.37135402333570855, 0.4009411596509909, 0.5371421177173639, 0.5184102420995357, 0.49769689741464296, 0.5243300618243848, 0.49828180196396843, 0.6412733377431573, 0.5893133905179351, 0.5327796305628932], "average_fidelity": 0.5111522662830581, "training_params": {"N_samples": 10, "N_training_iterations": 4000, "learning_rate": 0.01, "convergence_threshold": 1e-06, "batch_size": 8, "eval_batch_size": 16, "evaluation_time_steps": 100}}