{"iterations": 4000, "returned_params": [[[[]], [[]], [[]], [[]], [[4.2474229592400405, 1.8223115199945823, 0.6890738379348933, 4.590904324804432, 4.7463811126168824, 5.455197029680884, 2.633606344232345, 2.3003001971231676, 1.9667780506221166, 0.9529052943492308, 1.6068435709322662, 5.153159219590374, 1.5709594523624864, 4.795737483962803, 4.71554239500703, 6.2831853129231785]], [[-0.5055232389390216, 0.8853012304240504, 2.042948914898487, 0.6159212102511915, 0.4196884700493988, 0.2935272038001471, 1.341568350731359, 0.8667208145429998, 0.8153627569192208, 0.9259631903577195, 0.5758497306612738, 0.7282070427307223, 1.0355226624637315, -1.7970606616003657, 2.426566958950337, 0.31515608312472476]]], [[[]], [[]], [[]], [[]], [[3.928851506208399, 0.9526828421933724, 0.6309901847820535, 4.590904324804432, 4.7463811126168824, 5.455197029680884, 3.3360697432839768, 2.131215359472258, 1.6984039269014517, 0.9529052943492308, 1.6068435709322662, 5.153159219590374, 1.5619484139706963, 4.889902078258628, 4.684438185412729, 6.137107851582178]], [[-0.0038630942320752705, -0.03678277930560993, -1.2725405382079868, 0.6159212102511915, 0.4196884700493988, 0.2935272038001471, 9.329636414876891e-05, 0.04914822179790333, 0.8028025071218382, 0.9259631903577195, 0.5758497306612738, 0.7282070427307223, 2.038444129027618, 0.0381443572056505, 0.06503229997843497, 0.31515608436901477]]], [[[]], [[]], [[]], [[]], [[4.14195726985411, 1.684480930856416, 0.5831072749821937, 4.590904324804432, 4.7463811126168824, 5.455197029680884, 2.8186108412503756, 2.2941181140263387, 2.1385445755479804, 0.9529052943492308, 1.6068435709322662, 5.153159219590374, 1.5721679721050374, 4.79676368101793, 4.704168505062882, 6.145612311641923]], [[-0.5055232389390216, 0.8853012304240504, 2.042948914898487, 0.6159212102511915, 0.4196884700493988, 0.2935272038001471, 1.341568350731359, 0.8667208145429998, 0.8153627569192208, 0.9259631903577195, 0.5758497306612738, 0.7282070427307223, 1.0355226624637315, -1.7970606616003657, 2.426566958950337, 0.31515608312472476]]]], "final_fidelity": 0.21936468064532172, "final_purity": -1, "optimized_trainable_parameters": {"initial_params": [[], [], [], [], [4.2474229592400405, 1.8223115199945823, 0.6890738379348933, 4.590904324804432, 4.7463811126168824, 5.455197029680884, 2.633606344232345, 2.3003001971231676, 1.9667780506221166, 0.9529052943492308, 1.6068435709322662, 5.153159219590374, 1.5709594523624864, 4.795737483962803, 4.71554239500703, 6.2831853129231785], [0.30129574865164055, 0.3749591623313686, 0.763942777797004, 0.6159212102511915, 0.4196884700493988, 0.2935272038001471, 0.6447665939137264, 0.11488233549248017, 0.020731504539900136, 0.9259631903577195, 0.5758497306612738, 0.7282070427307223, 0.44814957106105124, 0.2517973372113238, 0.6343383025943246, 0.3151560850784094]], "lookup_table": [[[4.14195726985411, 1.684480930856416, 0.5831072749821937, 4.590904324804432, 4.7463811126168824, 5.455197029680884, 2.8186108412503756, 2.2941181140263387, 2.1385445755479804, 0.9529052943492308, 1.6068435709322662, 5.153159219590374, 1.5721679721050374, 4.79676368101793, 4.704168505062882, 6.145612311641923, -0.0038630942320752705, -0.03678277930560993, -1.2725405382079868, 0.6159212102511915, 0.4196884700493988, 0.2935272038001471, 9.329636414876891e-05, 0.04914822179790333, 0.8028025071218382, 0.9259631903577195, 0.5758497306612738, 0.7282070427307223, 2.038444129027618, 0.0381443572056505, 0.06503229997843497, 0.31515608436901477], [3.928851506208399, 0.9526828421933724, 0.6309901847820535, 4.590904324804432, 4.7463811126168824, 5.455197029680884, 3.3360697432839768, 2.131215359472258, 1.6984039269014517, 0.9529052943492308, 1.6068435709322662, 5.153159219590374, 1.5619484139706963, 4.889902078258628, 4.684438185412729, 6.137107851582178, -0.5055232389390216, 0.8853012304240504, 2.042948914898487, 0.6159212102511915, 0.4196884700493988, 0.2935272038001471, 1.341568350731359, 0.8667208145429998, 0.8153627569192208, 0.9259631903577195, 0.5758497306612738, 0.7282070427307223, 1.0355226624637315, -1.7970606616003657, 2.426566958950337, 0.31515608312472476]]]}}