{"iterations": 4000, "returned_params": [[[[]], [[]], [[]], [[]], [[3.746998970283326, 1.8156788494791218, 2.319914721466744, 4.590904324804432, 4.7463811126168824, 5.455197029680884, 3.179129161216366, 1.8133583182213235, 1.5951758251926222, 0.9529052943492308, 1.6068435709322662, 5.153159219590374, 1.5707963267948968, 4.712388980384697, 4.712388980384688, 4.712388980384689]], [[0.0010218240909966477, -0.010794381797936277, -0.49760093498927704, 0.6159212102511915, 0.4196884700493988, 0.2935272038001471, 0.008666066060168561, 0.008007972209419114, 1.6022973921248687, 0.9259631903577195, 0.5758497306612738, 0.7282070427307223, 2.2661921957696767, 0.3887086089947292, 0.38830179730526626, 0.3151560860193983]]], [[[]], [[]], [[]], [[]], [[5.171291761146814, 0.441853053327828, -0.39969315564585706, 4.590904324804432, 4.7463811126168824, 5.455197029680884, 4.063815508743704, 1.1686778989144444, 0.5596121405655423, 0.9529052943492308, 1.6068435709322662, 5.153159219590374, 1.5696806900184692, 4.712197448387709, 4.712799614956942, 6.237054304702969]], [[0.0010218240909966477, -0.010794381797936277, -0.49760093498927704, 0.6159212102511915, 0.4196884700493988, 0.2935272038001471, 0.008666066060168561, 0.008007972209419114, 1.6022973921248687, 0.9259631903577195, 0.5758497306612738, 0.7282070427307223, 2.2661921957696767, 0.3887086089947292, 0.38830179730526626, 0.3151560860193983]]], [[[]], [[]], [[]], [[]], [[5.171291761146814, 0.441853053327828, -0.39969315564585706, 4.590904324804432, 4.7463811126168824, 5.455197029680884, 4.063815508743704, 1.1686778989144444, 0.5596121405655423, 0.9529052943492308, 1.6068435709322662, 5.153159219590374, 1.5696806900184692, 4.712197448387709, 4.712799614956942, 6.237054304702969]], [[0.0010218240909966477, -0.010794381797936277, -0.49760093498927704, 0.6159212102511915, 0.4196884700493988, 0.2935272038001471, 0.008666066060168561, 0.008007972209419114, 1.6022973921248687, 0.9259631903577195, 0.5758497306612738, 0.7282070427307223, 2.2661921957696767, 0.3887086089947292, 0.38830179730526626, 0.3151560860193983]]]], "final_fidelity": 0.9959249600160873, "final_purity": -1, "optimized_trainable_parameters": {"initial_params": [[], [], [], [], [3.746998970283326, 1.8156788494791218, 2.319914721466744, 4.590904324804432, 4.7463811126168824, 5.455197029680884, 3.179129161216366, 1.8133583182213235, 1.5951758251926222, 0.9529052943492308, 1.6068435709322662, 5.153159219590374, 1.5707963267948968, 4.712388980384697, 4.712388980384688, 4.712388980384689], [0.30129574865164055, 0.3749591623313686, 0.763942777797004, 0.6159212102511915, 0.4196884700493988, 0.2935272038001471, 0.6447665939137264, 0.11488233549248017, 0.020731504539900136, 0.9259631903577195, 0.5758497306612738, 0.7282070427307223, 0.44814957106105124, 0.2517973372113238, 0.6343383025943246, 0.3151560850784094]], "lookup_table": [[[5.171291761146814, 0.441853053327828, -0.39969315564585706, 4.590904324804432, 4.7463811126168824, 5.455197029680884, 4.063815508743704, 1.1686778989144444, 0.5596121405655423, 0.9529052943492308, 1.6068435709322662, 5.153159219590374, 1.5696806900184692, 4.712197448387709, 4.712799614956942, 6.237054304702969, 0.0010218240909966477, -0.010794381797936277, -0.49760093498927704, 0.6159212102511915, 0.4196884700493988, 0.2935272038001471, 0.008666066060168561, 0.008007972209419114, 1.6022973921248687, 0.9259631903577195, 0.5758497306612738, 0.7282070427307223, 2.2661921957696767, 0.3887086089947292, 0.38830179730526626, 0.3151560860193983], [4.2641881436913005, 0.9410739717756608, 3.169659991757965, 4.590904324804432, 4.7463811126168824, 5.455197029680884, 4.210447170634685, 0.9659494695894059, 0.636862410280476, 0.9529052943492308, 1.6068435709322662, 5.153159219590374, 3.054712548369211, 6.233265022863159, 3.193614759663023, 6.240211807345461, 0.2782640944401337, 0.28472963608468055, 1.5240374268815642, 0.6159212102511915, 0.4196884700493988, 0.2935272038001471, -1.0752828959441474, -0.8889629556991231, 0.036471563305159854, 0.9259631903577195, 0.5758497306612738, 0.7282070427307223, 1.3309389862083036, -0.6065120124405586, -0.40784531221829645, 0.31515608428598585]]]}}