{"fidelities_each_sample": [0.3924732654656335, 0.3410372982192965, 0.4306741832257838, 0.36391748094843634, 0.3753526719788801, 0.3181373980874213, 0.4493271373771845, 0.2966003111839651, 0.3257414203293752, 0.3177943166761978], "average_fidelity": 0.3611055483492174, "training_params": {"N_samples": 10, "N_training_iterations": 4000, "learning_rate": 0.01, "convergence_threshold": 1e-06, "batch_size": 8, "eval_batch_size": 16, "evaluation_time_steps": 100}}