{"fidelities_each_sample": [0.5206013153932064, 0.40715960135206286, 0.46265914083750176, 0.37531815639702604, 0.6569030695892979, 0.5247659700030016, 0.4348945921371071, 0.6921787156963018, 0.38773659045341324, 0.3833917961217561], "average_fidelity": 0.4845608947980676, "training_params": {"N_samples": 10, "N_training_iterations": 4000, "learning_rate": 0.01, "convergence_threshold": 1e-06, "batch_size": 8, "eval_batch_size": 16, "evaluation_time_steps": 100}}