{"fidelities_each_sample": [0.5643933997489802, 0.4139861411767571, 0.5102565462665805, 0.37204936245216874, 0.5522797039422083, 0.5325298159638074, 0.42507647587931485, 0.620484846952204, 0.5157686740174916, 0.5402679835233777], "average_fidelity": 0.5047092949922891, "training_params": {"N_samples": 10, "N_training_iterations": 4000, "learning_rate": 0.01, "convergence_threshold": 1e-06, "batch_size": 8, "eval_batch_size": 16, "evaluation_time_steps": 100}}