{"fidelities_each_sample": [0.4454273955458238, 0.41013263494039814, 0.4871961357571, 0.37976103422223384, 0.570967844027609, 0.4563521689624584, 0.4587787298353469, 0.7581164267392784, 0.36003446195101807, 0.4353361573393689], "average_fidelity": 0.47621029893206357, "training_params": {"N_samples": 10, "N_training_iterations": 4000, "learning_rate": 0.01, "convergence_threshold": 1e-06, "batch_size": 8, "eval_batch_size": 16, "evaluation_time_steps": 100}}