{"iterations": 4000, "returned_params": [[[[]], [[]], [[]], [[]], [[3.921707887306198, 2.0054467577763244, 3.5337821299761103, 4.590904324804432, 4.7463811126168824, 5.455197029680884, 2.806347679842314, 0.9531420483980074, 3.814477094776378, 0.9529052943492308, 1.6068435709322662, 5.153159219590374, 1.5880205935764862, 5.263270931807204, 4.670541293461452, 6.283185307072525]], [[-1.968668326884092, 0.29507040546499075, 2.7337650578621213, 0.6159212102511915, 0.4196884700493988, 0.2935272038001471, 0.7533258171485316, -0.1796791148344239, 0.29213841208319097, 0.9259631903577195, 0.5758497306612738, 0.7282070427307223, 0.26371124847158783, -1.8657463932845924, 2.16911981019745, 0.31515608300968306]]], [[[]], [[]], [[]], [[]], [[3.600763452173444, 1.4332339317232832, 3.8956300461111337, 4.590904324804432, 4.7463811126168824, 5.455197029680884, 3.2142893375569987, 0.7149716616574261, 4.937484506332557, 0.9529052943492308, 1.6068435709322662, 5.153159219590374, 1.5939767706832595, 4.827891398028156, 4.755419683819863, 6.2831853071795685]], [[-0.012631757065649, -0.21426448185387445, -0.6680279097464608, 0.6159212102511915, 0.4196884700493988, 0.2935272038001471, -0.005814154666221546, 0.00426932565757202, 1.3253637647963112, 0.9259631903577195, 0.5758497306612738, 0.7282070427307223, -0.01509453900210879, 0.0947140240498099, 0.05930338129077651, 0.31515608576281245]]], [[[]], [[]], [[]], [[]], [[4.080979800663405, 1.649097861406067, 4.259280606114896, 4.590904324804432, 4.7463811126168824, 5.455197029680884, 2.870125286877819, 0.8089995559856809, 3.5027981774045354, 0.9529052943492308, 1.6068435709322662, 5.153159219590374, 1.5896226382531562, 5.14265948271678, 4.696161188871291, 6.108848491002201]], [[-1.968668326884092, 0.29507040546499075, 2.7337650578621213, 0.6159212102511915, 0.4196884700493988, 0.2935272038001471, 0.7533258171485316, -0.1796791148344239, 0.29213841208319097, 0.9259631903577195, 0.5758497306612738, 0.7282070427307223, 0.26371124847158783, -1.8657463932845924, 2.16911981019745, 0.31515608300968306]]]], "final_fidelity": 0.6693526143563325, "final_purity": -1, "optimized_trainable_parameters": {"initial_params": [[], [], [], [], [3.921707887306198, 2.0054467577763244, 3.5337821299761103, 4.590904324804432, 4.7463811126168824, 5.455197029680884, 2.806347679842314, 0.9531420483980074, 3.814477094776378, 0.9529052943492308, 1.6068435709322662, 5.153159219590374, 1.5880205935764862, 5.263270931807204, 4.670541293461452, 6.283185307072525], [0.30129574865164055, 0.3749591623313686, 0.763942777797004, 0.6159212102511915, 0.4196884700493988, 0.2935272038001471, 0.6447665939137264, 0.11488233549248017, 0.020731504539900136, 0.9259631903577195, 0.5758497306612738, 0.7282070427307223, 0.44814957106105124, 0.2517973372113238, 0.6343383025943246, 0.3151560850784094]], "lookup_table": [[[4.080979800663405, 1.649097861406067, 4.259280606114896, 4.590904324804432, 4.7463811126168824, 5.455197029680884, 2.870125286877819, 0.8089995559856809, 3.5027981774045354, 0.9529052943492308, 1.6068435709322662, 5.153159219590374, 1.5896226382531562, 5.14265948271678, 4.696161188871291, 6.108848491002201, -0.012631757065649, -0.21426448185387445, -0.6680279097464608, 0.6159212102511915, 0.4196884700493988, 0.2935272038001471, -0.005814154666221546, 0.00426932565757202, 1.3253637647963112, 0.9259631903577195, 0.5758497306612738, 0.7282070427307223, -0.01509453900210879, 0.0947140240498099, 0.05930338129077651, 0.31515608576281245], [3.600763452173444, 1.4332339317232832, 3.8956300461111337, 4.590904324804432, 4.7463811126168824, 5.455197029680884, 3.2142893375569987, 0.7149716616574261, 4.937484506332557, 0.9529052943492308, 1.6068435709322662, 5.153159219590374, 1.5939767706832595, 4.827891398028156, 4.755419683819863, 6.2831853071795685, -1.968668326884092, 0.29507040546499075, 2.7337650578621213, 0.6159212102511915, 0.4196884700493988, 0.2935272038001471, 0.7533258171485316, -0.1796791148344239, 0.29213841208319097, 0.9259631903577195, 0.5758497306612738, 0.7282070427307223, 0.26371124847158783, -1.8657463932845924, 2.16911981019745, 0.31515608300968306]]]}}