{"fidelities_each_sample": [0.5517988557720447, 0.4111383292135873, 0.4762587768032926, 0.3693578482340324, 0.5473698884193223, 0.46082780598026163, 0.47906611747067646, 0.7654083192341519, 0.36189674395352917, 0.3907523670623455], "average_fidelity": 0.4813875052143244, "training_params": {"N_samples": 10, "N_training_iterations": 4000, "learning_rate": 0.01, "convergence_threshold": 1e-06, "batch_size": 8, "eval_batch_size": 16, "evaluation_time_steps": 100}}