{"fidelities_each_sample": [0.4495526199526599, 0.38989251668156255, 0.46534835284307574, 0.3718086154490178, 0.5223458489774864, 0.499502004676303, 0.4919095748780346, 0.6119057850563063, 0.48045557993374405, 0.43857746785660745], "average_fidelity": 0.4721298366304798, "training_params": {"N_samples": 10, "N_training_iterations": 4000, "learning_rate": 0.01, "convergence_threshold": 1e-06, "batch_size": 8, "eval_batch_size": 16, "evaluation_time_steps": 100}}