{"fidelities_each_sample": [0.4661910514236452, 0.41763634030051117, 0.46543004742470356, 0.36898380667409686, 0.517794358539829, 0.4959359526532629, 0.410333361855428, 0.5652038830142111, 0.4843939289530517, 0.4378327275968494], "average_fidelity": 0.46297354584355893, "training_params": {"N_samples": 10, "N_training_iterations": 4000, "learning_rate": 0.01, "convergence_threshold": 1e-06, "batch_size": 8, "eval_batch_size": 16, "evaluation_time_steps": 100}}