{"iterations": 4000, "returned_params": [[[[]], [[]], [[]], [[]], [[4.39727849635082, 2.1234525208322097, 1.061777937901261, 4.590904324804432, 4.7463811126168824, 5.455197029680884, 2.4697022011281846, 1.8297287997922507, 1.8391974715962622, 0.9529052943492308, 1.6068435709322662, 5.153159219590374, 1.5375179826458483, 4.711166644513711, 4.692133453968711, 6.263529731411034]], [[-0.8585589879267581, 0.9376161041471853, 2.633806726172655, 0.6159212102511915, 0.4196884700493988, 0.2935272038001471, 0.9982308981354956, 0.6042409848889211, 0.9866440172397188, 0.9259631903577195, 0.5758497306612738, 0.7282070427307223, 0.47711458224214764, -2.448163264665251, 2.82859055704378, 0.3151560833974968]]], [[[]], [[]], [[]], [[]], [[4.009741358791681, 1.7422467534889179, 1.0579901095748594, 4.590904324804432, 4.7463811126168824, 5.455197029680884, 3.122984783110166, 1.809885988074721, 1.7368762134853843, 0.9529052943492308, 1.6068435709322662, 5.153159219590374, 1.5729799861792515, 4.819288241933317, 4.711083957984988, 6.213491448598317]], [[-0.0012281791505647955, -0.0039148836054084726, -1.5579050152411191, 0.6159212102511915, 0.4196884700493988, 0.2935272038001471, 0.0007603546372912657, -0.00466799884187114, 0.7643254339679413, 0.9259631903577195, 0.5758497306612738, 0.7282070427307223, 0.12148906016651974, 0.49714201650621537, 0.45237758437928893, 0.31515608722747]]], [[[]], [[]], [[]], [[]], [[4.061956778163013, 0.21697783869998982, 0.6101637910137843, 4.590904324804432, 4.7463811126168824, 5.455197029680884, 3.9343403493121807, 0.40032083510290206, -0.09784869517347985, 0.9529052943492308, 1.6068435709322662, 5.153159219590374, 1.5706706464603233, 4.713819633537742, 4.712882166879444, 6.196928687440279]], [[-0.8585589879267581, 0.9376161041471853, 2.633806726172655, 0.6159212102511915, 0.4196884700493988, 0.2935272038001471, 0.9982308981354956, 0.6042409848889211, 0.9866440172397188, 0.9259631903577195, 0.5758497306612738, 0.7282070427307223, 0.47711458224214764, -2.448163264665251, 2.82859055704378, 0.3151560833974968]]]], "final_fidelity": 0.27335634744114046, "final_purity": -1, "optimized_trainable_parameters": {"initial_params": [[], [], [], [], [4.39727849635082, 2.1234525208322097, 1.061777937901261, 4.590904324804432, 4.7463811126168824, 5.455197029680884, 2.4697022011281846, 1.8297287997922507, 1.8391974715962622, 0.9529052943492308, 1.6068435709322662, 5.153159219590374, 1.5375179826458483, 4.711166644513711, 4.692133453968711, 6.263529731411034], [0.30129574865164055, 0.3749591623313686, 0.763942777797004, 0.6159212102511915, 0.4196884700493988, 0.2935272038001471, 0.6447665939137264, 0.11488233549248017, 0.020731504539900136, 0.9259631903577195, 0.5758497306612738, 0.7282070427307223, 0.44814957106105124, 0.2517973372113238, 0.6343383025943246, 0.3151560850784094]], "lookup_table": [[[4.061956778163013, 0.21697783869998982, 0.6101637910137843, 4.590904324804432, 4.7463811126168824, 5.455197029680884, 3.9343403493121807, 0.40032083510290206, -0.09784869517347985, 0.9529052943492308, 1.6068435709322662, 5.153159219590374, 1.5706706464603233, 4.713819633537742, 4.712882166879444, 6.196928687440279, -0.0012281791505647955, -0.0039148836054084726, -1.5579050152411191, 0.6159212102511915, 0.4196884700493988, 0.2935272038001471, 0.0007603546372912657, -0.00466799884187114, 0.7643254339679413, 0.9259631903577195, 0.5758497306612738, 0.7282070427307223, 0.12148906016651974, 0.49714201650621537, 0.45237758437928893, 0.31515608722747], [4.009741358791681, 1.7422467534889179, 1.0579901095748594, 4.590904324804432, 4.7463811126168824, 5.455197029680884, 3.122984783110166, 1.809885988074721, 1.7368762134853843, 0.9529052943492308, 1.6068435709322662, 5.153159219590374, 1.5729799861792515, 4.819288241933317, 4.711083957984988, 6.213491448598317, -0.8585589879267581, 0.9376161041471853, 2.633806726172655, 0.6159212102511915, 0.4196884700493988, 0.2935272038001471, 0.9982308981354956, 0.6042409848889211, 0.9866440172397188, 0.9259631903577195, 0.5758497306612738, 0.7282070427307223, 0.47711458224214764, -2.448163264665251, 2.82859055704378, 0.3151560833974968]]]}}