{"iterations": 4000, "returned_params": [[[[]], [[]], [[]], [[]], [[4.586967607723371, 2.4820460537429248, 1.7672549973466773, 4.590904324804432, 4.7463811126168824, 5.455197029680884, 1.993680813273746, 1.2289816658299695, 1.2349770492977035, 0.9529052943492308, 1.6068435709322662, 5.153159219590374, 1.5770653200571734, 4.702125699376454, 4.71870114975609, 6.206585082096636]], [[0.004813704423960811, -0.012340433428503581, -1.6941555858789037, 0.6159212102511915, 0.4196884700493988, 0.2935272038001471, -0.000783358721466942, -0.002059395717166916, 0.5379458206273828, 0.9259631903577195, 0.5758497306612738, 0.7282070427307223, 0.8451282473504809, 0.19020034274144784, 0.15191409462815778, 0.3151560834350701]]], [[[]], [[]], [[]], [[]], [[5.2328020370696375, 1.7126856412206886, 1.2361852555052948, 4.590904324804432, 4.7463811126168824, 5.455197029680884, 2.60905158213898, 1.1499684489862738, 1.0243294443699333, 0.9529052943492308, 1.6068435709322662, 5.153159219590374, 1.5697594823784293, 4.712760190577628, 4.714606737074341, 6.223141451339259]], [[0.004813704423960811, -0.012340433428503581, -1.6941555858789037, 0.6159212102511915, 0.4196884700493988, 0.2935272038001471, -0.000783358721466942, -0.002059395717166916, 0.5379458206273828, 0.9259631903577195, 0.5758497306612738, 0.7282070427307223, 0.8451282473504809, 0.19020034274144784, 0.15191409462815778, 0.3151560834350701]]], [[[]], [[]], [[]], [[]], [[5.2328020370696375, 1.7126856412206886, 1.2361852555052948, 4.590904324804432, 4.7463811126168824, 5.455197029680884, 2.60905158213898, 1.1499684489862738, 1.0243294443699333, 0.9529052943492308, 1.6068435709322662, 5.153159219590374, 1.5697594823784293, 4.712760190577628, 4.714606737074341, 6.223141451339259]], [[0.004813704423960811, -0.012340433428503581, -1.6941555858789037, 0.6159212102511915, 0.4196884700493988, 0.2935272038001471, -0.000783358721466942, -0.002059395717166916, 0.5379458206273828, 0.9259631903577195, 0.5758497306612738, 0.7282070427307223, 0.8451282473504809, 0.19020034274144784, 0.15191409462815778, 0.3151560834350701]]]], "final_fidelity": 0.9909674508673275, "final_purity": -1, "optimized_trainable_parameters": {"initial_params": [[], [], [], [], [4.586967607723371, 2.4820460537429248, 1.7672549973466773, 4.590904324804432, 4.7463811126168824, 5.455197029680884, 1.993680813273746, 1.2289816658299695, 1.2349770492977035, 0.9529052943492308, 1.6068435709322662, 5.153159219590374, 1.5770653200571734, 4.702125699376454, 4.71870114975609, 6.206585082096636], [0.30129574865164055, 0.3749591623313686, 0.763942777797004, 0.6159212102511915, 0.4196884700493988, 0.2935272038001471, 0.6447665939137264, 0.11488233549248017, 0.020731504539900136, 0.9259631903577195, 0.5758497306612738, 0.7282070427307223, 0.44814957106105124, 0.2517973372113238, 0.6343383025943246, 0.3151560850784094]], "lookup_table": [[[5.2328020370696375, 1.7126856412206886, 1.2361852555052948, 4.590904324804432, 4.7463811126168824, 5.455197029680884, 2.60905158213898, 1.1499684489862738, 1.0243294443699333, 0.9529052943492308, 1.6068435709322662, 5.153159219590374, 1.5697594823784293, 4.712760190577628, 4.714606737074341, 6.223141451339259, 0.004813704423960811, -0.012340433428503581, -1.6941555858789037, 0.6159212102511915, 0.4196884700493988, 0.2935272038001471, -0.000783358721466942, -0.002059395717166916, 0.5379458206273828, 0.9259631903577195, 0.5758497306612738, 0.7282070427307223, 0.8451282473504809, 0.19020034274144784, 0.15191409462815778, 0.3151560834350701], [4.095244275476978, 2.02660828811728, 1.0229334172904228, 4.590904324804432, 4.7463811126168824, 5.455197029680884, 3.2402168477303745, 1.666608755516028, 1.952477163567434, 0.9529052943492308, 1.6068435709322662, 5.153159219590374, 1.5664278512591434, 4.712153467539303, 4.7085655984012185, 6.22316726666638, 0.6862624276795566, 0.4831590459285188, 1.0072803852825625, 0.6159212102511915, 0.4196884700493988, 0.2935272038001471, -0.11642053127322557, -0.7812193229883763, -0.16146869577874787, 0.9259631903577195, 0.5758497306612738, 0.7282070427307223, 0.17561809670812598, -0.6088238539665279, 0.021338348385846313, 0.315156082452429]]]}}