{"fidelities_each_sample": [0.5346843957200003, 0.40395540366856725, 0.5036292483655809, 0.3711763731555759, 0.5421380997933204, 0.5333327367942712, 0.41539514835416497, 0.5789752442942812, 0.4947754919600918, 0.5080411520291446], "average_fidelity": 0.48861032941349986, "training_params": {"N_samples": 10, "N_training_iterations": 4000, "learning_rate": 0.01, "convergence_threshold": 1e-06, "batch_size": 8, "eval_batch_size": 16, "evaluation_time_steps": 100}}