{"iterations": 4000, "returned_params": [[[[]], [[]], [[]], [[]], [[3.998211695404406, 1.9992769118326656, 3.137731257744623, 4.590904324804432, 4.7463811126168824, 5.455197029680884, 2.669670930408585, 1.1357519736508888, 3.275219524971101, 0.9529052943492308, 1.6068435709322662, 5.153159219590374, 1.5731314698950862, 5.256778389573128, 4.6831544933550795, 6.283185307182117]], [[-1.8978716939831386, 0.3928139599450738, 2.4906033685642397, 0.6159212102511915, 0.4196884700493988, 0.2935272038001471, 0.9578889312494768, -0.036473006850715, 1.14414703973561, 0.9259631903577195, 0.5758497306612738, 0.7282070427307223, 0.33166681580294766, -1.835283836543767, 2.146186571544078, 0.3151560861468661]]], [[[]], [[]], [[]], [[]], [[3.7024844763128684, 1.622656700130987, 3.27429579107988, 4.590904324804432, 4.7463811126168824, 5.455197029680884, 3.1722624752984303, 1.223161234870939, 3.870814369442027, 0.9529052943492308, 1.6068435709322662, 5.153159219590374, 1.5632927383802173, 5.1601208122872295, 4.686459268507458, 6.283185307218868]], [[-0.021619961546251436, -0.22415837883468612, -0.973195020889567, 0.6159212102511915, 0.4196884700493988, 0.2935272038001471, -0.0038715198630912624, 0.0046479957705113425, 1.1101258308829598, 0.9259631903577195, 0.5758497306612738, 0.7282070427307223, -0.11616253492473806, 0.3300796800817851, 0.2913600341091427, 0.31515608597643024]]], [[[]], [[]], [[]], [[]], [[4.097334919213846, 1.6336684382351754, 3.5820118592406773, 4.590904324804432, 4.7463811126168824, 5.455197029680884, 2.827603494641599, 0.9703783858076143, 3.4179651946983896, 0.9529052943492308, 1.6068435709322662, 5.153159219590374, 1.60049995028674, 5.167835492566308, 4.685033499195298, 6.185092243132949]], [[-1.8978716939831386, 0.3928139599450738, 2.4906033685642397, 0.6159212102511915, 0.4196884700493988, 0.2935272038001471, 0.9578889312494768, -0.036473006850715, 1.14414703973561, 0.9259631903577195, 0.5758497306612738, 0.7282070427307223, 0.33166681580294766, -1.835283836543767, 2.146186571544078, 0.3151560861468661]]]], "final_fidelity": 0.6578807237285167, "final_purity": -1, "optimized_trainable_parameters": {"initial_params": [[], [], [], [], [3.998211695404406, 1.9992769118326656, 3.137731257744623, 4.590904324804432, 4.7463811126168824, 5.455197029680884, 2.669670930408585, 1.1357519736508888, 3.275219524971101, 0.9529052943492308, 1.6068435709322662, 5.153159219590374, 1.5731314698950862, 5.256778389573128, 4.6831544933550795, 6.283185307182117], [0.30129574865164055, 0.3749591623313686, 0.763942777797004, 0.6159212102511915, 0.4196884700493988, 0.2935272038001471, 0.6447665939137264, 0.11488233549248017, 0.020731504539900136, 0.9259631903577195, 0.5758497306612738, 0.7282070427307223, 0.44814957106105124, 0.2517973372113238, 0.6343383025943246, 0.3151560850784094]], "lookup_table": [[[4.097334919213846, 1.6336684382351754, 3.5820118592406773, 4.590904324804432, 4.7463811126168824, 5.455197029680884, 2.827603494641599, 0.9703783858076143, 3.4179651946983896, 0.9529052943492308, 1.6068435709322662, 5.153159219590374, 1.60049995028674, 5.167835492566308, 4.685033499195298, 6.185092243132949, -0.021619961546251436, -0.22415837883468612, -0.973195020889567, 0.6159212102511915, 0.4196884700493988, 0.2935272038001471, -0.0038715198630912624, 0.0046479957705113425, 1.1101258308829598, 0.9259631903577195, 0.5758497306612738, 0.7282070427307223, -0.11616253492473806, 0.3300796800817851, 0.2913600341091427, 0.31515608597643024], [3.7024844763128684, 1.622656700130987, 3.27429579107988, 4.590904324804432, 4.7463811126168824, 5.455197029680884, 3.1722624752984303, 1.223161234870939, 3.870814369442027, 0.9529052943492308, 1.6068435709322662, 5.153159219590374, 1.5632927383802173, 5.1601208122872295, 4.686459268507458, 6.283185307218868, -1.8978716939831386, 0.3928139599450738, 2.4906033685642397, 0.6159212102511915, 0.4196884700493988, 0.2935272038001471, 0.9578889312494768, -0.036473006850715, 1.14414703973561, 0.9259631903577195, 0.5758497306612738, 0.7282070427307223, 0.33166681580294766, -1.835283836543767, 2.146186571544078, 0.3151560861468661]]]}}