{"iterations": 4000, "returned_params": [[[[]], [[]], [[]], [[]], [[3.2075060504490414, 1.9490779835651206, 3.3760079142257755, 4.590904324804432, 4.7463811126168824, 5.455197029680884, 3.6092673305925467, 1.7245136895275903, 0.7503409085116864, 0.9529052943492308, 1.6068435709322662, 5.153159219590374, 1.5707963267948966, 4.712388980384691, 4.712388980384691, 4.7123889803846915]], [[-0.0002946084136805206, 0.0029351726692740396, 2.374024680517668, 0.6159212102511915, 0.4196884700493988, 0.2935272038001471, 0.011389768962283504, -0.001128738267973896, -0.5648879580872928, 0.9259631903577195, 0.5758497306612738, 0.7282070427307223, 2.3495300845949916, -0.2708312140719505, -0.26504286090571477, 0.31515608493153485]]], [[[]], [[]], [[]], [[]], [[3.6184867432848073, -0.6116947319942533, 6.494684073935257, 4.590904324804432, 4.7463811126168824, 5.455197029680884, 3.003988632715257, -0.2535550289438154, -1.7003611954607665, 0.9529052943492308, 1.6068435709322662, 5.153159219590374, 1.6105216861688263, 4.711724381881714, 4.7111309056631505, 6.240185908056725]], [[-0.0002946084136805206, 0.0029351726692740396, 2.374024680517668, 0.6159212102511915, 0.4196884700493988, 0.2935272038001471, 0.011389768962283504, -0.001128738267973896, -0.5648879580872928, 0.9259631903577195, 0.5758497306612738, 0.7282070427307223, 2.3495300845949916, -0.2708312140719505, -0.26504286090571477, 0.31515608493153485]]], [[[]], [[]], [[]], [[]], [[3.6184867432848073, -0.6116947319942533, 6.494684073935257, 4.590904324804432, 4.7463811126168824, 5.455197029680884, 3.003988632715257, -0.2535550289438154, -1.7003611954607665, 0.9529052943492308, 1.6068435709322662, 5.153159219590374, 1.6105216861688263, 4.711724381881714, 4.7111309056631505, 6.240185908056725]], [[-0.0002946084136805206, 0.0029351726692740396, 2.374024680517668, 0.6159212102511915, 0.4196884700493988, 0.2935272038001471, 0.011389768962283504, -0.001128738267973896, -0.5648879580872928, 0.9259631903577195, 0.5758497306612738, 0.7282070427307223, 2.3495300845949916, -0.2708312140719505, -0.26504286090571477, 0.31515608493153485]]]], "final_fidelity": 0.9966471212450215, "final_purity": -1, "optimized_trainable_parameters": {"initial_params": [[], [], [], [], [3.2075060504490414, 1.9490779835651206, 3.3760079142257755, 4.590904324804432, 4.7463811126168824, 5.455197029680884, 3.6092673305925467, 1.7245136895275903, 0.7503409085116864, 0.9529052943492308, 1.6068435709322662, 5.153159219590374, 1.5707963267948966, 4.712388980384691, 4.712388980384691, 4.7123889803846915], [0.30129574865164055, 0.3749591623313686, 0.763942777797004, 0.6159212102511915, 0.4196884700493988, 0.2935272038001471, 0.6447665939137264, 0.11488233549248017, 0.020731504539900136, 0.9259631903577195, 0.5758497306612738, 0.7282070427307223, 0.44814957106105124, 0.2517973372113238, 0.6343383025943246, 0.3151560850784094]], "lookup_table": [[[3.6184867432848073, -0.6116947319942533, 6.494684073935257, 4.590904324804432, 4.7463811126168824, 5.455197029680884, 3.003988632715257, -0.2535550289438154, -1.7003611954607665, 0.9529052943492308, 1.6068435709322662, 5.153159219590374, 1.6105216861688263, 4.711724381881714, 4.7111309056631505, 6.240185908056725, -0.0002946084136805206, 0.0029351726692740396, 2.374024680517668, 0.6159212102511915, 0.4196884700493988, 0.2935272038001471, 0.011389768962283504, -0.001128738267973896, -0.5648879580872928, 0.9259631903577195, 0.5758497306612738, 0.7282070427307223, 2.3495300845949916, -0.2708312140719505, -0.26504286090571477, 0.31515608493153485], [4.119789248855091, 0.45515234240873365, 3.4590899569996902, 4.590904324804432, 4.7463811126168824, 5.455197029680884, 3.9214018093069525, 1.8119021592375237, 0.6386057061468686, 0.9529052943492308, 1.6068435709322662, 5.153159219590374, 3.041110508668015, 6.249416398020842, 3.2025775200158404, 6.2663196768146845, 0.13139733284564475, 0.20703747455208577, 0.6926576976481555, 0.6159212102511915, 0.4196884700493988, 0.2935272038001471, -1.2175882183360531, -0.7720329498288214, -1.3080108371902897, 0.9259631903577195, 0.5758497306612738, 0.7282070427307223, 0.08695768410060711, 0.051499152569540275, -0.058976091305480156, 0.3151560844992615]]]}}