{"fidelities_each_sample": [0.38526122937814716, 0.3966185133549176, 0.48410379297639483, 0.5466429020558043, 0.4984388461095827, 0.56249154968051, 0.4864492534064989, 0.6199319368480383, 0.5337236822288333, 0.5576960511594217], "average_fidelity": 0.5071357757198148, "training_params": {"N_samples": 10, "N_training_iterations": 4000, "learning_rate": 0.01, "convergence_threshold": 1e-06, "batch_size": 8, "eval_batch_size": 16, "evaluation_time_steps": 100}}