{"iterations": 4000, "returned_params": [[[[]], [[]], [[]], [[]], [[2.3063700463728405, 5.638994374415211, 4.340123314894275, 2.1156258390666145, 2.31471427005587, 6.038107967048615, 3.734556658834353, 1.1993310104436024, 6.876088941151559, 4.419589419773767, 5.413235104002747, 0.46734813258437885, 3.1748679544742306, 0.04817538283442548, 6.314958049005862, 1.5707960130428122]], [[0.0008767397202500871, -0.004343906349704044, 0.4171692546250047, 0.7517751337771115, 0.7139925883765661, 0.14543382109116476, 0.005279605427265628, -0.008501381163212694, 1.3826271415087967, 0.7719456117697832, 0.12038770111142627, 0.773252465832744, -0.8246714790191308, 0.29846764628437117, 0.2866394513720664, 0.10055280138660176]]], [[[]], [[]], [[]], [[]], [[3.5381142532146255, 4.531519860084207, 3.3713862781193056, 2.1156258390666145, 2.31471427005587, 6.038107967048615, 3.7436749871115156, 1.550922144196367, 4.679793881430962, 4.419589419773767, 5.413235104002747, 0.46734813258437885, 3.0977174360950324, 3.103845212446319, 6.2514963682127105, 1.570769981145717]], [[0.0008767397202500871, -0.004343906349704044, 0.4171692546250047, 0.7517751337771115, 0.7139925883765661, 0.14543382109116476, 0.005279605427265628, -0.008501381163212694, 1.3826271415087967, 0.7719456117697832, 0.12038770111142627, 0.773252465832744, -0.8246714790191308, 0.29846764628437117, 0.2866394513720664, 0.10055280138660176]]], [[[]], [[]], [[]], [[]], [[3.5381142532146255, 4.531519860084207, 3.3713862781193056, 2.1156258390666145, 2.31471427005587, 6.038107967048615, 3.7436749871115156, 1.550922144196367, 4.679793881430962, 4.419589419773767, 5.413235104002747, 0.46734813258437885, 3.0977174360950324, 3.103845212446319, 6.2514963682127105, 1.570769981145717]], [[0.0008767397202500871, -0.004343906349704044, 0.4171692546250047, 0.7517751337771115, 0.7139925883765661, 0.14543382109116476, 0.005279605427265628, -0.008501381163212694, 1.3826271415087967, 0.7719456117697832, 0.12038770111142627, 0.773252465832744, -0.8246714790191308, 0.29846764628437117, 0.2866394513720664, 0.10055280138660176]]]], "final_fidelity": 0.9941648319410077, "final_purity": -1, "optimized_trainable_parameters": {"initial_params": [[], [], [], [], [2.3063700463728405, 5.638994374415211, 4.340123314894275, 2.1156258390666145, 2.31471427005587, 6.038107967048615, 3.734556658834353, 1.1993310104436024, 6.876088941151559, 4.419589419773767, 5.413235104002747, 0.46734813258437885, 3.1748679544742306, 0.04817538283442548, 6.314958049005862, 1.5707960130428122], [0.19649180913186193, 0.4632892152987709, 0.4094644834877399, 0.7517751337771115, 0.7139925883765661, 0.14543382109116476, 0.7111431698424022, 0.4291402055162974, 0.05012844366629676, 0.7719456117697832, 0.12038770111142627, 0.773252465832744, 0.8071161766783763, 0.12708002443206512, 0.2653539239697327, 0.1005528004784988]], "lookup_table": [[[2.669247404245486, 5.220936329309999, 4.085238151258851, 2.1156258390666145, 2.31471427005587, 6.038107967048615, 3.324990224001237, 1.527734294338963, 6.37060687394182, 4.419589419773767, 5.413235104002747, 0.46734813258437885, 3.1913088797499736, 1.1919283557156262, 6.1888083725751954, 1.5388782390648492, -0.32512602877199853, -0.1172166495918971, 0.6949749450637147, 0.7517751337771115, 0.7139925883765661, 0.14543382109116476, 0.12547394019074454, 0.9786498801041283, -0.5178609909144457, 0.7719456117697832, 0.12038770111142627, 0.773252465832744, 0.6291033709258685, -0.08708524489347802, -0.08765935102677318, 0.1005527999159383], [3.5381142532146255, 4.531519860084207, 3.3713862781193056, 2.1156258390666145, 2.31471427005587, 6.038107967048615, 3.7436749871115156, 1.550922144196367, 4.679793881430962, 4.419589419773767, 5.413235104002747, 0.46734813258437885, 3.0977174360950324, 3.103845212446319, 6.2514963682127105, 1.570769981145717, 0.0008767397202500871, -0.004343906349704044, 0.4171692546250047, 0.7517751337771115, 0.7139925883765661, 0.14543382109116476, 0.005279605427265628, -0.008501381163212694, 1.3826271415087967, 0.7719456117697832, 0.12038770111142627, 0.773252465832744, -0.8246714790191308, 0.29846764628437117, 0.2866394513720664, 0.10055280138660176]]]}}