{"fidelities_each_sample": [0.6653365842097085, 0.41787126364353255, 0.48122252782937863, 0.3832762484593328, 0.6093547762261391, 0.5063281394390269, 0.47751727496041796, 0.43336014507058185, 0.50190138298102, 0.49131544858817744], "average_fidelity": 0.4967483791407316, "training_params": {"N_samples": 10, "N_training_iterations": 4000, "learning_rate": 0.01, "convergence_threshold": 1e-06, "batch_size": 8, "eval_batch_size": 16, "evaluation_time_steps": 100}}