{"iterations": 4000, "returned_params": [[[[]], [[]], [[]], [[]], [[3.149384261433807, 1.7896806622803274, 4.076418636872059, 4.590904324804432, 4.7463811126168824, 5.455197029680884, 3.758831420968336, 1.7033285475451043, 0.7679052544353437, 0.9529052943492308, 1.6068435709322662, 5.153159219590374, 1.5707963267948966, 4.712388980384691, 4.712388980384691, 4.712388980384688]], [[0.00014864475831928204, 0.00018003705114874087, 1.8561966371009848, 0.6159212102511915, 0.4196884700493988, 0.2935272038001471, 0.010647205228465758, 0.0038809058623579793, -0.5958389260563702, 0.9259631903577195, 0.5758497306612738, 0.7282070427307223, 2.7059235427655834, -0.22340736834123895, -0.21881162369638113, 0.31515608357092695]]], [[[]], [[]], [[]], [[]], [[3.083633166396561, 0.2267079123371548, 6.53683228968217, 4.590904324804432, 4.7463811126168824, 5.455197029680884, 3.421089005870563, -0.14672431464312494, -1.642084560776228, 0.9529052943492308, 1.6068435709322662, 5.153159219590374, 1.6523022068546276, 4.7110715658907685, 4.712319840374489, 6.241700089380286]], [[0.00014864475831928204, 0.00018003705114874087, 1.8561966371009848, 0.6159212102511915, 0.4196884700493988, 0.2935272038001471, 0.010647205228465758, 0.0038809058623579793, -0.5958389260563702, 0.9259631903577195, 0.5758497306612738, 0.7282070427307223, 2.7059235427655834, -0.22340736834123895, -0.21881162369638113, 0.31515608357092695]]], [[[]], [[]], [[]], [[]], [[3.083633166396561, 0.2267079123371548, 6.53683228968217, 4.590904324804432, 4.7463811126168824, 5.455197029680884, 3.421089005870563, -0.14672431464312494, -1.642084560776228, 0.9529052943492308, 1.6068435709322662, 5.153159219590374, 1.6523022068546276, 4.7110715658907685, 4.712319840374489, 6.241700089380286]], [[0.00014864475831928204, 0.00018003705114874087, 1.8561966371009848, 0.6159212102511915, 0.4196884700493988, 0.2935272038001471, 0.010647205228465758, 0.0038809058623579793, -0.5958389260563702, 0.9259631903577195, 0.5758497306612738, 0.7282070427307223, 2.7059235427655834, -0.22340736834123895, -0.21881162369638113, 0.31515608357092695]]]], "final_fidelity": 0.9965530999299703, "final_purity": -1, "optimized_trainable_parameters": {"initial_params": [[], [], [], [], [3.149384261433807, 1.7896806622803274, 4.076418636872059, 4.590904324804432, 4.7463811126168824, 5.455197029680884, 3.758831420968336, 1.7033285475451043, 0.7679052544353437, 0.9529052943492308, 1.6068435709322662, 5.153159219590374, 1.5707963267948966, 4.712388980384691, 4.712388980384691, 4.712388980384688], [0.30129574865164055, 0.3749591623313686, 0.763942777797004, 0.6159212102511915, 0.4196884700493988, 0.2935272038001471, 0.6447665939137264, 0.11488233549248017, 0.020731504539900136, 0.9259631903577195, 0.5758497306612738, 0.7282070427307223, 0.44814957106105124, 0.2517973372113238, 0.6343383025943246, 0.3151560850784094]], "lookup_table": [[[3.083633166396561, 0.2267079123371548, 6.53683228968217, 4.590904324804432, 4.7463811126168824, 5.455197029680884, 3.421089005870563, -0.14672431464312494, -1.642084560776228, 0.9529052943492308, 1.6068435709322662, 5.153159219590374, 1.6523022068546276, 4.7110715658907685, 4.712319840374489, 6.241700089380286, 0.00014864475831928204, 0.00018003705114874087, 1.8561966371009848, 0.6159212102511915, 0.4196884700493988, 0.2935272038001471, 0.010647205228465758, 0.0038809058623579793, -0.5958389260563702, 0.9259631903577195, 0.5758497306612738, 0.7282070427307223, 2.7059235427655834, -0.22340736834123895, -0.21881162369638113, 0.31515608357092695], [4.146292953820825, 0.5819988411440022, 3.4348123286950263, 4.590904324804432, 4.7463811126168824, 5.455197029680884, 4.004886956487201, 1.4367251215526404, 0.5467225599042624, 0.9529052943492308, 1.6068435709322662, 5.153159219590374, 3.048033498692018, 6.243271784335731, 3.2012826002543413, 6.263653340798988, -0.021002567627432963, -0.026691793911300686, -0.35331111263410475, 0.6159212102511915, 0.4196884700493988, 0.2935272038001471, -1.2319343134270633, -0.7977804567094814, -1.4905128546560673, 0.9259631903577195, 0.5758497306612738, 0.7282070427307223, -0.29687342477673734, 0.03784371361096669, 0.16880145036317062, 0.3151560841332484]]]}}