{"iterations": 4000, "returned_params": [[[[]], [[]], [[]], [[]], [[4.2349325659298795, 1.9245226602162442, 0.8962401944809864, 4.590904324804432, 4.7463811126168824, 5.455197029680884, 2.604971374302423, 2.2313256014136456, 1.9827342765044085, 0.9529052943492308, 1.6068435709322662, 5.153159219590374, 1.5527841652518906, 4.804698770734431, 4.716926858921054, 6.283179697475342]], [[-0.6389691457152914, 0.8227302620094404, 1.969126701997501, 0.6159212102511915, 0.4196884700493988, 0.2935272038001471, 1.4066631409029837, 0.8276298483815752, 0.791846783298408, 0.9259631903577195, 0.5758497306612738, 0.7282070427307223, 1.0497720804447364, -1.648483182921218, 2.3155307507089153, 0.315156086228946]]], [[[]], [[]], [[]], [[]], [[3.8879185157274265, 0.9869457516602874, 0.8240847758482175, 4.590904324804432, 4.7463811126168824, 5.455197029680884, 3.2900301831652974, 2.1269898386040724, 1.6980260155633826, 0.9529052943492308, 1.6068435709322662, 5.153159219590374, 1.5612638428536922, 4.975430310554409, 4.6487203076398105, 6.104086520142243]], [[-0.00532700651495696, -0.054520502904335987, -1.3244166081123188, 0.6159212102511915, 0.4196884700493988, 0.2935272038001471, -0.00015849064185589892, 0.06357419592840625, 0.9214910620163662, 0.9259631903577195, 0.5758497306612738, 0.7282070427307223, 2.0095999124787216, 0.052108704403267835, 0.06366968429735709, 0.3151560825434523]]], [[[]], [[]], [[]], [[]], [[4.048496576427665, 1.6421559711339162, 0.6995467959954107, 4.590904324804432, 4.7463811126168824, 5.455197029680884, 2.9154929360700974, 2.2631331059886763, 2.205113738512219, 0.9529052943492308, 1.6068435709322662, 5.153159219590374, 1.5692925424050805, 4.866810824132637, 4.687576687332503, 6.07802649668802]], [[-0.6389691457152914, 0.8227302620094404, 1.969126701997501, 0.6159212102511915, 0.4196884700493988, 0.2935272038001471, 1.4066631409029837, 0.8276298483815752, 0.791846783298408, 0.9259631903577195, 0.5758497306612738, 0.7282070427307223, 1.0497720804447364, -1.648483182921218, 2.3155307507089153, 0.315156086228946]]]], "final_fidelity": 0.2778631063325953, "final_purity": -1, "optimized_trainable_parameters": {"initial_params": [[], [], [], [], [4.2349325659298795, 1.9245226602162442, 0.8962401944809864, 4.590904324804432, 4.7463811126168824, 5.455197029680884, 2.604971374302423, 2.2313256014136456, 1.9827342765044085, 0.9529052943492308, 1.6068435709322662, 5.153159219590374, 1.5527841652518906, 4.804698770734431, 4.716926858921054, 6.283179697475342], [0.30129574865164055, 0.3749591623313686, 0.763942777797004, 0.6159212102511915, 0.4196884700493988, 0.2935272038001471, 0.6447665939137264, 0.11488233549248017, 0.020731504539900136, 0.9259631903577195, 0.5758497306612738, 0.7282070427307223, 0.44814957106105124, 0.2517973372113238, 0.6343383025943246, 0.3151560850784094]], "lookup_table": [[[4.048496576427665, 1.6421559711339162, 0.6995467959954107, 4.590904324804432, 4.7463811126168824, 5.455197029680884, 2.9154929360700974, 2.2631331059886763, 2.205113738512219, 0.9529052943492308, 1.6068435709322662, 5.153159219590374, 1.5692925424050805, 4.866810824132637, 4.687576687332503, 6.07802649668802, -0.00532700651495696, -0.054520502904335987, -1.3244166081123188, 0.6159212102511915, 0.4196884700493988, 0.2935272038001471, -0.00015849064185589892, 0.06357419592840625, 0.9214910620163662, 0.9259631903577195, 0.5758497306612738, 0.7282070427307223, 2.0095999124787216, 0.052108704403267835, 0.06366968429735709, 0.3151560825434523], [3.8879185157274265, 0.9869457516602874, 0.8240847758482175, 4.590904324804432, 4.7463811126168824, 5.455197029680884, 3.2900301831652974, 2.1269898386040724, 1.6980260155633826, 0.9529052943492308, 1.6068435709322662, 5.153159219590374, 1.5612638428536922, 4.975430310554409, 4.6487203076398105, 6.104086520142243, -0.6389691457152914, 0.8227302620094404, 1.969126701997501, 0.6159212102511915, 0.4196884700493988, 0.2935272038001471, 1.4066631409029837, 0.8276298483815752, 0.791846783298408, 0.9259631903577195, 0.5758497306612738, 0.7282070427307223, 1.0497720804447364, -1.648483182921218, 2.3155307507089153, 0.315156086228946]]]}}