{"iterations": 4000, "returned_params": [[[[]], [[]], [[]], [[]], [[3.5808093519744886, 0.41704523902075236, 1.0199517679952317, 4.590904324804432, 4.7463811126168824, 5.455197029680884, 3.6705614029934805, 0.17276299025683037, -0.14025611962034973, 0.9529052943492308, 1.6068435709322662, 5.153159219590374, 1.5712875897525593, 4.711347078149607, 4.711796428697363, 6.194140364131949]], [[0.0032705484449096277, -0.0030223358400715337, -1.3771680054775317, 0.6159212102511915, 0.4196884700493988, 0.2935272038001471, 0.00960997976061873, 0.008291424118768993, 0.554171485882473, 0.9259631903577195, 0.5758497306612738, 0.7282070427307223, 0.8395934808604721, -0.08469100136483021, -0.10270790194941937, 0.3151560846738524]]], [[[]], [[]], [[]], [[]], [[3.7218224806506286, 0.6388567508435413, 1.3735298821470774, 4.590904324804432, 4.7463811126168824, 5.455197029680884, 3.629957034272919, 0.30134028435488425, -0.24440830223537427, 0.9529052943492308, 1.6068435709322662, 5.153159219590374, 1.5696072521615059, 4.713530783978052, 4.711129853986081, 6.178975662580981]], [[0.0032705484449096277, -0.0030223358400715337, -1.3771680054775317, 0.6159212102511915, 0.4196884700493988, 0.2935272038001471, 0.00960997976061873, 0.008291424118768993, 0.554171485882473, 0.9259631903577195, 0.5758497306612738, 0.7282070427307223, 0.8395934808604721, -0.08469100136483021, -0.10270790194941937, 0.3151560846738524]]], [[[]], [[]], [[]], [[]], [[3.7218224806506286, 0.6388567508435413, 1.3735298821470774, 4.590904324804432, 4.7463811126168824, 5.455197029680884, 3.629957034272919, 0.30134028435488425, -0.24440830223537427, 0.9529052943492308, 1.6068435709322662, 5.153159219590374, 1.5696072521615059, 4.713530783978052, 4.711129853986081, 6.178975662580981]], [[0.0032705484449096277, -0.0030223358400715337, -1.3771680054775317, 0.6159212102511915, 0.4196884700493988, 0.2935272038001471, 0.00960997976061873, 0.008291424118768993, 0.554171485882473, 0.9259631903577195, 0.5758497306612738, 0.7282070427307223, 0.8395934808604721, -0.08469100136483021, -0.10270790194941937, 0.3151560846738524]]]], "final_fidelity": 0.994288215394349, "final_purity": -1, "optimized_trainable_parameters": {"initial_params": [[], [], [], [], [3.5808093519744886, 0.41704523902075236, 1.0199517679952317, 4.590904324804432, 4.7463811126168824, 5.455197029680884, 3.6705614029934805, 0.17276299025683037, -0.14025611962034973, 0.9529052943492308, 1.6068435709322662, 5.153159219590374, 1.5712875897525593, 4.711347078149607, 4.711796428697363, 6.194140364131949], [0.30129574865164055, 0.3749591623313686, 0.763942777797004, 0.6159212102511915, 0.4196884700493988, 0.2935272038001471, 0.6447665939137264, 0.11488233549248017, 0.020731504539900136, 0.9259631903577195, 0.5758497306612738, 0.7282070427307223, 0.44814957106105124, 0.2517973372113238, 0.6343383025943246, 0.3151560850784094]], "lookup_table": [[[3.7218224806506286, 0.6388567508435413, 1.3735298821470774, 4.590904324804432, 4.7463811126168824, 5.455197029680884, 3.629957034272919, 0.30134028435488425, -0.24440830223537427, 0.9529052943492308, 1.6068435709322662, 5.153159219590374, 1.5696072521615059, 4.713530783978052, 4.711129853986081, 6.178975662580981, 0.0032705484449096277, -0.0030223358400715337, -1.3771680054775317, 0.6159212102511915, 0.4196884700493988, 0.2935272038001471, 0.00960997976061873, 0.008291424118768993, 0.554171485882473, 0.9259631903577195, 0.5758497306612738, 0.7282070427307223, 0.8395934808604721, -0.08469100136483021, -0.10270790194941937, 0.3151560846738524], [4.0788460669884286, 0.6279264936641201, 3.3477441194722597, 4.590904324804432, 4.7463811126168824, 5.455197029680884, 3.9747354697951365, 1.1086209476908873, 0.5072753164909575, 0.9529052943492308, 1.6068435709322662, 5.153159219590374, 3.0729323797125128, 6.2430809420066256, 3.1902393160496594, 6.265612263046748, 0.072604503889095, 0.09776067431007769, 0.5509081799189146, 0.6159212102511915, 0.4196884700493988, 0.2935272038001471, -0.7893745560766366, -0.5827352047601195, -0.6166834474658606, 0.9259631903577195, 0.5758497306612738, 0.7282070427307223, 0.4178599650502776, -0.2721750312383796, -0.01925624161008764, 0.3151560849705866]]]}}