{"iterations": 4000, "returned_params": [[[[]], [[]], [[]], [[]], [[2.9825915110154537, 1.1040226495363987, 5.196066772477902, 5.691977942962301, 3.3944930821085464, 5.653545009941311, 4.040319806168812, 5.371456863174956, 0.25010165547621294, 6.138126006912618, 0.42810001652835794, 4.311557894511821, 4.715119681042348, 1.701037170311089, 1.1658556677435858, 6.282922462338425]], [[0.044718295668837366, -0.3985025644834925, -0.293254268260657, 0.9708790947015569, 0.9690607373370841, 0.8147413540075523, -0.013290471453621425, -0.03167232980971602, 0.5302026013357432, 0.9764140210558472, 0.44385765967405, 0.8783479703876942, 2.540320997874869, -1.5900346089446684, -1.553917445308819, 0.34859224596906146]]], [[[]], [[]], [[]], [[]], [[2.934277474766973, 1.1170582257654924, 5.3589028699564345, 5.691977942962301, 3.3944930821085464, 5.653545009941311, 4.096313392179207, 5.221178799865786, 0.44075163542374063, 6.138126006912618, 0.42810001652835794, 4.311557894511821, 4.694536690349093, 1.7422864655866488, 1.1259081166496803, 6.118504974822034]], [[0.044718295668837366, -0.3985025644834925, -0.293254268260657, 0.9708790947015569, 0.9690607373370841, 0.8147413540075523, -0.013290471453621425, -0.03167232980971602, 0.5302026013357432, 0.9764140210558472, 0.44385765967405, 0.8783479703876942, 2.540320997874869, -1.5900346089446684, -1.553917445308819, 0.34859224596906146]]], [[[]], [[]], [[]], [[]], [[2.934277474766973, 1.1170582257654924, 5.3589028699564345, 5.691977942962301, 3.3944930821085464, 5.653545009941311, 4.096313392179207, 5.221178799865786, 0.44075163542374063, 6.138126006912618, 0.42810001652835794, 4.311557894511821, 4.694536690349093, 1.7422864655866488, 1.1259081166496803, 6.118504974822034]], [[0.4841228119060038, 0.578510535104062, -1.0085584134223378, 0.9708790947015569, 0.9690607373370841, 0.8147413540075523, 0.07150191420649694, 0.7631776579984821, 0.5683243108918181, 0.9764140210558472, 0.44385765967405, 0.8783479703876942, 0.24388648758465872, -0.94580248970612, -0.6561850371414047, 0.3485922442858304]]]], "final_fidelity": 0.9099091634108876, "final_purity": -1, "optimized_trainable_parameters": {"initial_params": [[], [], [], [], [2.9825915110154537, 1.1040226495363987, 5.196066772477902, 5.691977942962301, 3.3944930821085464, 5.653545009941311, 4.040319806168812, 5.371456863174956, 0.25010165547621294, 6.138126006912618, 0.42810001652835794, 4.311557894511821, 4.715119681042348, 1.701037170311089, 1.1658556677435858, 6.282922462338425], [0.9896361588068807, 0.601678237573869, 0.767188097525503, 0.9708790947015569, 0.9690607373370841, 0.8147413540075523, 0.3231783462593578, 0.5958355450488748, 0.24880720810922852, 0.9764140210558472, 0.44385765967405, 0.8783479703876942, 0.8112416341793036, 0.2098910714741249, 0.017874358514248456, 0.3485922450937331]], "lookup_table": [[[2.934277474766973, 1.1170582257654924, 5.3589028699564345, 5.691977942962301, 3.3944930821085464, 5.653545009941311, 4.096313392179207, 5.221178799865786, 0.44075163542374063, 6.138126006912618, 0.42810001652835794, 4.311557894511821, 4.694536690349093, 1.7422864655866488, 1.1259081166496803, 6.118504974822034, 0.044718295668837366, -0.3985025644834925, -0.293254268260657, 0.9708790947015569, 0.9690607373370841, 0.8147413540075523, -0.013290471453621425, -0.03167232980971602, 0.5302026013357432, 0.9764140210558472, 0.44385765967405, 0.8783479703876942, 2.540320997874869, -1.5900346089446684, -1.553917445308819, 0.34859224596906146], [2.761438797957646, 1.206417338975285, 5.344422891771538, 5.691977942962301, 3.3944930821085464, 5.653545009941311, 4.515880926605506, 5.079802971344233, 0.540776716542363, 6.138126006912618, 0.42810001652835794, 4.311557894511821, 4.709731192803942, 1.6938868071118238, 1.1480859510667816, 6.148299359360847, 0.4841228119060038, 0.578510535104062, -1.0085584134223378, 0.9708790947015569, 0.9690607373370841, 0.8147413540075523, 0.07150191420649694, 0.7631776579984821, 0.5683243108918181, 0.9764140210558472, 0.44385765967405, 0.8783479703876942, 0.24388648758465872, -0.94580248970612, -0.6561850371414047, 0.3485922442858304]]]}}