{"fidelities_each_sample": [0.4562009637476397, 0.40126561447723735, 0.4992066990578423, 0.3928255867506091, 0.5967613455320772, 0.5042735408344128, 0.4795808324121863, 0.717128330669273, 0.4972269961055981, 0.4540857057823237], "average_fidelity": 0.4998555615369199, "training_params": {"N_samples": 10, "N_training_iterations": 4000, "learning_rate": 0.01, "convergence_threshold": 1e-06, "batch_size": 8, "eval_batch_size": 16, "evaluation_time_steps": 100}}