{"iterations": 4000, "returned_params": [[[[]], [[]], [[]], [[]], [[5.047979233413103, 0.502117531324499, 0.5654591960052783, 4.590904324804432, 4.7463811126168824, 5.455197029680884, 3.9057736208399145, 1.1166088888231414, 0.2429139440003174, 0.9529052943492308, 1.6068435709322662, 5.153159219590374, 1.5758031870441027, 4.7066488296627185, 4.708959477251909, 6.188699412052105]], [[0.005496777714505188, -0.00730816133067444, -1.7280599530154686, 0.6159212102511915, 0.4196884700493988, 0.2935272038001471, -0.006132983677841501, -0.010198503729647092, 0.08051628223619406, 0.9259631903577195, 0.5758497306612738, 0.7282070427307223, 0.5161876054212746, 0.1006761098915325, 0.08016288959373928, 0.31515608588962796]]], [[[]], [[]], [[]], [[]], [[3.939954763733107, -0.07787783711264679, 0.34574941228936407, 4.590904324804432, 4.7463811126168824, 5.455197029680884, 4.010349273947306, 0.13181923413624175, -0.007474955372210932, 0.9529052943492308, 1.6068435709322662, 5.153159219590374, 1.5727746775217366, 4.711132398369475, 4.711042611737458, 6.3461396619890325]], [[0.005496777714505188, -0.00730816133067444, -1.7280599530154686, 0.6159212102511915, 0.4196884700493988, 0.2935272038001471, -0.006132983677841501, -0.010198503729647092, 0.08051628223619406, 0.9259631903577195, 0.5758497306612738, 0.7282070427307223, 0.5161876054212746, 0.1006761098915325, 0.08016288959373928, 0.31515608588962796]]], [[[]], [[]], [[]], [[]], [[3.939954763733107, -0.07787783711264679, 0.34574941228936407, 4.590904324804432, 4.7463811126168824, 5.455197029680884, 4.010349273947306, 0.13181923413624175, -0.007474955372210932, 0.9529052943492308, 1.6068435709322662, 5.153159219590374, 1.5727746775217366, 4.711132398369475, 4.711042611737458, 6.3461396619890325]], [[0.005496777714505188, -0.00730816133067444, -1.7280599530154686, 0.6159212102511915, 0.4196884700493988, 0.2935272038001471, -0.006132983677841501, -0.010198503729647092, 0.08051628223619406, 0.9259631903577195, 0.5758497306612738, 0.7282070427307223, 0.5161876054212746, 0.1006761098915325, 0.08016288959373928, 0.31515608588962796]]]], "final_fidelity": 0.987865008910956, "final_purity": -1, "optimized_trainable_parameters": {"initial_params": [[], [], [], [], [5.047979233413103, 0.502117531324499, 0.5654591960052783, 4.590904324804432, 4.7463811126168824, 5.455197029680884, 3.9057736208399145, 1.1166088888231414, 0.2429139440003174, 0.9529052943492308, 1.6068435709322662, 5.153159219590374, 1.5758031870441027, 4.7066488296627185, 4.708959477251909, 6.188699412052105], [0.30129574865164055, 0.3749591623313686, 0.763942777797004, 0.6159212102511915, 0.4196884700493988, 0.2935272038001471, 0.6447665939137264, 0.11488233549248017, 0.020731504539900136, 0.9259631903577195, 0.5758497306612738, 0.7282070427307223, 0.44814957106105124, 0.2517973372113238, 0.6343383025943246, 0.3151560850784094]], "lookup_table": [[[3.939954763733107, -0.07787783711264679, 0.34574941228936407, 4.590904324804432, 4.7463811126168824, 5.455197029680884, 4.010349273947306, 0.13181923413624175, -0.007474955372210932, 0.9529052943492308, 1.6068435709322662, 5.153159219590374, 1.5727746775217366, 4.711132398369475, 4.711042611737458, 6.3461396619890325, 0.005496777714505188, -0.00730816133067444, -1.7280599530154686, 0.6159212102511915, 0.4196884700493988, 0.2935272038001471, -0.006132983677841501, -0.010198503729647092, 0.08051628223619406, 0.9259631903577195, 0.5758497306612738, 0.7282070427307223, 0.5161876054212746, 0.1006761098915325, 0.08016288959373928, 0.31515608588962796], [3.794803003042941, 0.09344936644437125, 1.0006742321005133, 4.590904324804432, 4.7463811126168824, 5.455197029680884, 3.564889009399486, 1.4279609768236132, 0.5891386561491126, 0.9529052943492308, 1.6068435709322662, 5.153159219590374, 1.5729206986830426, 4.716573974361041, 4.673237437142326, 6.302813723059405, 1.230403477456991, -0.022587606636348196, 0.7203465453467908, 0.6159212102511915, 0.4196884700493988, 0.2935272038001471, -0.3964589785725339, -0.8439697797583289, -0.9001773255806218, 0.9259631903577195, 0.5758497306612738, 0.7282070427307223, 0.4972336851093909, -1.1270358759496866, 0.025986446418614653, 0.3151560836484677]]]}}