{"fidelities_each_sample": [0.5231502571019095, 0.4186678757234664, 0.5710070812465257, 0.5165580055751813, 0.4832399531832142, 0.5442709070533447, 0.5267262725347925, 0.5424326456098348, 0.5007224392137855, 0.5310826247973602], "average_fidelity": 0.5157858062039414, "training_params": {"N_samples": 10, "N_training_iterations": 4000, "learning_rate": 0.01, "convergence_threshold": 1e-06, "batch_size": 8, "eval_batch_size": 16, "evaluation_time_steps": 100}}