{"fidelities_each_sample": [0.38957529655910184, 0.4168904155592431, 0.47209165876510456, 0.37073551192468973, 0.5631009251734337, 0.49228099536424264, 0.48814184254632137, 0.6159685625859664, 0.48575402397010575, 0.46554567763005783], "average_fidelity": 0.4760084910078267, "training_params": {"N_samples": 10, "N_training_iterations": 4000, "learning_rate": 0.01, "convergence_threshold": 1e-06, "batch_size": 8, "eval_batch_size": 16, "evaluation_time_steps": 100}}