{"fidelities_each_sample": [0.4882278424934068, 0.4072186579361357, 0.398106765812611, 0.3735872231626713, 0.7052495183980528, 0.4642161782124399, 0.47693553059375154, 0.5174383495232285, 0.388313211494968, 0.3946078806867798], "average_fidelity": 0.46139011583140455, "training_params": {"N_samples": 10, "N_training_iterations": 4000, "learning_rate": 0.01, "convergence_threshold": 1e-06, "batch_size": 8, "eval_batch_size": 16, "evaluation_time_steps": 100}}