{"fidelities_each_sample": [0.43766129241514545, 0.41004025208864325, 0.47179792238514145, 0.3736197616092446, 0.6322008839108824, 0.5314808984705488, 0.44798962715447804, 0.655032670752495, 0.3865208333753687, 0.4090444004355373], "average_fidelity": 0.4755388542597485, "training_params": {"N_samples": 10, "N_training_iterations": 4000, "learning_rate": 0.01, "convergence_threshold": 1e-06, "batch_size": 8, "eval_batch_size": 16, "evaluation_time_steps": 100}}