{"fidelities_each_sample": [0.3943330923266353, 0.40255019811541315, 0.49476030087525036, 0.5232916051539942, 0.4959970566087848, 0.5775692942291679, 0.4815075144157408, 0.2884746431459792, 0.5185146662864769, 0.514070072489332], "average_fidelity": 0.4691068443646775, "training_params": {"N_samples": 10, "N_training_iterations": 4000, "learning_rate": 0.01, "convergence_threshold": 1e-06, "batch_size": 8, "eval_batch_size": 16, "evaluation_time_steps": 100}}