{"fidelities_each_sample": [0.6084690776900362, 0.41288932368994624, 0.6346463191863254, 0.48207828015567616, 0.46951993795266045, 0.49771124372674946, 0.4933698358242361, 0.6327200252433773, 0.5006063999127197, 0.4907766725174591], "average_fidelity": 0.5222787115899186, "training_params": {"N_samples": 10, "N_training_iterations": 4000, "learning_rate": 0.01, "convergence_threshold": 1e-06, "batch_size": 8, "eval_batch_size": 16, "evaluation_time_steps": 100}}