{"iterations": 4000, "returned_params": [[[[]], [[]], [[]], [[]], [[4.397980182116429, 0.041934112568563324, 0.7017489317276697, 4.590904324804432, 4.7463811126168824, 5.455197029680884, 3.666072632490583, 0.4183314622284168, 0.0720322354537072, 0.9529052943492308, 1.6068435709322662, 5.153159219590374, 1.5705122020203504, 4.712953327924294, 4.712311346846308, 6.09092738282466]], [[-0.0010251665420861436, -0.026028660280400302, -1.266677594779877, 0.6159212102511915, 0.4196884700493988, 0.2935272038001471, 0.008094469028495926, 0.009613521908430641, 1.4204086330167147, 0.9259631903577195, 0.5758497306612738, 0.7282070427307223, 1.0947877216091095, 0.16350719308362185, 0.15000008078977337, 0.3151560865814545]]], [[[]], [[]], [[]], [[]], [[4.361930772773618, -0.09982394277366541, 0.7930224316123111, 4.590904324804432, 4.7463811126168824, 5.455197029680884, 3.966441403461848, 0.4596827733529897, 0.009728820847591657, 0.9529052943492308, 1.6068435709322662, 5.153159219590374, 1.5720659658246536, 4.715060351707068, 4.71320172091581, 6.168059018279978]], [[-0.0010251665420861436, -0.026028660280400302, -1.266677594779877, 0.6159212102511915, 0.4196884700493988, 0.2935272038001471, 0.008094469028495926, 0.009613521908430641, 1.4204086330167147, 0.9259631903577195, 0.5758497306612738, 0.7282070427307223, 1.0947877216091095, 0.16350719308362185, 0.15000008078977337, 0.3151560865814545]]], [[[]], [[]], [[]], [[]], [[4.361930772773618, -0.09982394277366541, 0.7930224316123111, 4.590904324804432, 4.7463811126168824, 5.455197029680884, 3.966441403461848, 0.4596827733529897, 0.009728820847591657, 0.9529052943492308, 1.6068435709322662, 5.153159219590374, 1.5720659658246536, 4.715060351707068, 4.71320172091581, 6.168059018279978]], [[-0.0010251665420861436, -0.026028660280400302, -1.266677594779877, 0.6159212102511915, 0.4196884700493988, 0.2935272038001471, 0.008094469028495926, 0.009613521908430641, 1.4204086330167147, 0.9259631903577195, 0.5758497306612738, 0.7282070427307223, 1.0947877216091095, 0.16350719308362185, 0.15000008078977337, 0.3151560865814545]]]], "final_fidelity": 0.9950067736332079, "final_purity": -1, "optimized_trainable_parameters": {"initial_params": [[], [], [], [], [4.397980182116429, 0.041934112568563324, 0.7017489317276697, 4.590904324804432, 4.7463811126168824, 5.455197029680884, 3.666072632490583, 0.4183314622284168, 0.0720322354537072, 0.9529052943492308, 1.6068435709322662, 5.153159219590374, 1.5705122020203504, 4.712953327924294, 4.712311346846308, 6.09092738282466], [0.30129574865164055, 0.3749591623313686, 0.763942777797004, 0.6159212102511915, 0.4196884700493988, 0.2935272038001471, 0.6447665939137264, 0.11488233549248017, 0.020731504539900136, 0.9259631903577195, 0.5758497306612738, 0.7282070427307223, 0.44814957106105124, 0.2517973372113238, 0.6343383025943246, 0.3151560850784094]], "lookup_table": [[[4.361930772773618, -0.09982394277366541, 0.7930224316123111, 4.590904324804432, 4.7463811126168824, 5.455197029680884, 3.966441403461848, 0.4596827733529897, 0.009728820847591657, 0.9529052943492308, 1.6068435709322662, 5.153159219590374, 1.5720659658246536, 4.715060351707068, 4.71320172091581, 6.168059018279978, -0.0010251665420861436, -0.026028660280400302, -1.266677594779877, 0.6159212102511915, 0.4196884700493988, 0.2935272038001471, 0.008094469028495926, 0.009613521908430641, 1.4204086330167147, 0.9259631903577195, 0.5758497306612738, 0.7282070427307223, 1.0947877216091095, 0.16350719308362185, 0.15000008078977337, 0.3151560865814545], [3.9635151175511587, 0.6219600476104977, 3.332286442710896, 4.590904324804432, 4.7463811126168824, 5.455197029680884, 3.877561303809628, 0.9899073052782702, 0.44972653858143036, 0.9529052943492308, 1.6068435709322662, 5.153159219590374, 3.0820071086820904, 6.236761232022401, 3.194985648052962, 6.2599148842123515, 0.7931213431960056, 0.027850816549816023, 1.7742398849347851, 0.6159212102511915, 0.4196884700493988, 0.2935272038001471, -0.9018131003823735, -0.9554622325507532, 0.13607538960012833, 0.9259631903577195, 0.5758497306612738, 0.7282070427307223, 1.3049949164975065, -1.449987870755236, 0.26934794626192143, 0.3151560858119105]]]}}