{"fidelities_each_sample": [0.3761834170700729, 0.39659130831900175, 0.5367250695908216, 0.5175141960849294, 0.5160793884089622, 0.5239901328683944, 0.4984751922924555, 0.641967368967683, 0.5547067446052669, 0.5325579435321486], "average_fidelity": 0.5094790761739736, "training_params": {"N_samples": 10, "N_training_iterations": 4000, "learning_rate": 0.01, "convergence_threshold": 1e-06, "batch_size": 8, "eval_batch_size": 16, "evaluation_time_steps": 100}}