{"fidelities_each_sample": [0.3860510474895848, 0.4039690542133765, 0.47732285410189307, 0.5181087736646506, 0.5100648427287799, 0.5475919607100288, 0.47162678282476017, 0.6412786094381985, 0.5338568625099042, 0.5136834518867934], "average_fidelity": 0.5003554239567969, "training_params": {"N_samples": 10, "N_training_iterations": 4000, "learning_rate": 0.01, "convergence_threshold": 1e-06, "batch_size": 8, "eval_batch_size": 16, "evaluation_time_steps": 100}}