{"fidelities_each_sample": [0.4967774073227545, 0.41356804939938274, 0.4456701538337979, 0.37323383201451815, 0.5044725748551346, 0.49971184549224945, 0.47411607755581364, 0.6140500604277774, 0.4777106053770962, 0.47011853523743247], "average_fidelity": 0.4769429141515957, "training_params": {"N_samples": 10, "N_training_iterations": 4000, "learning_rate": 0.01, "convergence_threshold": 1e-06, "batch_size": 8, "eval_batch_size": 16, "evaluation_time_steps": 100}}