{"fidelities_each_sample": [0.411222595084953, 0.4106697126533958, 0.46449876117986694, 0.374202430094247, 0.5429215233419118, 0.49721603659866603, 0.4006879388316911, 0.5905088347024202, 0.4786522802959763, 0.4891176049269032], "average_fidelity": 0.4659697717710031, "training_params": {"N_samples": 10, "N_training_iterations": 4000, "learning_rate": 0.01, "convergence_threshold": 1e-06, "batch_size": 8, "eval_batch_size": 16, "evaluation_time_steps": 100}}