{"iterations": 4000, "returned_params": [[[[]], [[]], [[]], [[]], [[3.8470565950668303, -0.1971542981440056, 2.7736717365475085, 4.590904324804432, 4.7463811126168824, 5.455197029680884, 1.8055530737938816, 3.0240921509520278, 3.8352863715158296, 0.9529052943492308, 1.6068435709322662, 5.153159219590374, 1.5816807270918989, 4.732452441133716, 3.046798230564365, 6.281382195838588]], [[-0.13698380843059, -0.2134065965089421, 0.45426009264175843, 0.6159212102511915, 0.4196884700493988, 0.2935272038001471, 0.5337784515711367, 0.9478683621244278, -1.0119325209050398, 0.9259631903577195, 0.5758497306612738, 0.7282070427307223, -0.26718318819574527, -0.691313419134425, 1.0391970315089043, 0.3151560850944924]]], [[[]], [[]], [[]], [[]], [[3.6665881223386756, -0.14368977137063668, 1.6563922246238774, 4.590904324804432, 4.7463811126168824, 5.455197029680884, 2.8754835840405586, 1.4863447166274848, 2.029822543655379, 0.9529052943492308, 1.6068435709322662, 5.153159219590374, 1.5697719980256932, 5.974242690824454, 3.3153199477832493, 6.180123320542866]], [[-0.13698380843059, -0.2134065965089421, 0.45426009264175843, 0.6159212102511915, 0.4196884700493988, 0.2935272038001471, 0.5337784515711367, 0.9478683621244278, -1.0119325209050398, 0.9259631903577195, 0.5758497306612738, 0.7282070427307223, -0.26718318819574527, -0.691313419134425, 1.0391970315089043, 0.3151560850944924]]], [[[]], [[]], [[]], [[]], [[3.6665881223386756, -0.14368977137063668, 1.6563922246238774, 4.590904324804432, 4.7463811126168824, 5.455197029680884, 2.8754835840405586, 1.4863447166274848, 2.029822543655379, 0.9529052943492308, 1.6068435709322662, 5.153159219590374, 1.5697719980256932, 5.974242690824454, 3.3153199477832493, 6.180123320542866]], [[-0.13698380843059, -0.2134065965089421, 0.45426009264175843, 0.6159212102511915, 0.4196884700493988, 0.2935272038001471, 0.5337784515711367, 0.9478683621244278, -1.0119325209050398, 0.9259631903577195, 0.5758497306612738, 0.7282070427307223, -0.26718318819574527, -0.691313419134425, 1.0391970315089043, 0.3151560850944924]]]], "final_fidelity": 0.5683207930243451, "final_purity": -1, "optimized_trainable_parameters": {"initial_params": [[], [], [], [], [3.8470565950668303, -0.1971542981440056, 2.7736717365475085, 4.590904324804432, 4.7463811126168824, 5.455197029680884, 1.8055530737938816, 3.0240921509520278, 3.8352863715158296, 0.9529052943492308, 1.6068435709322662, 5.153159219590374, 1.5816807270918989, 4.732452441133716, 3.046798230564365, 6.281382195838588], [0.30129574865164055, 0.3749591623313686, 0.763942777797004, 0.6159212102511915, 0.4196884700493988, 0.2935272038001471, 0.6447665939137264, 0.11488233549248017, 0.020731504539900136, 0.9259631903577195, 0.5758497306612738, 0.7282070427307223, 0.44814957106105124, 0.2517973372113238, 0.6343383025943246, 0.3151560850784094]], "lookup_table": [[[4.216925427078686, 0.1355318053736327, 0.366054895874851, 4.590904324804432, 4.7463811126168824, 5.455197029680884, 3.4154653798982633, 2.283357569376613, 1.971495460204255, 0.9529052943492308, 1.6068435709322662, 5.153159219590374, 1.563422312859446, 4.707790551001149, 4.705365481584096, 6.281899607813545, -0.006494979022932727, -0.132614224846398, -0.9673309926038012, 0.6159212102511915, 0.4196884700493988, 0.2935272038001471, -0.007469966582577914, -0.08689692027666414, -1.3414339012170775, 0.9259631903577195, 0.5758497306612738, 0.7282070427307223, -0.34227346830843547, 1.2254204584230055, 1.2344527704096278, 0.3151560875892075], [3.6665881223386756, -0.14368977137063668, 1.6563922246238774, 4.590904324804432, 4.7463811126168824, 5.455197029680884, 2.8754835840405586, 1.4863447166274848, 2.029822543655379, 0.9529052943492308, 1.6068435709322662, 5.153159219590374, 1.5697719980256932, 5.974242690824454, 3.3153199477832493, 6.180123320542866, -0.13698380843059, -0.2134065965089421, 0.45426009264175843, 0.6159212102511915, 0.4196884700493988, 0.2935272038001471, 0.5337784515711367, 0.9478683621244278, -1.0119325209050398, 0.9259631903577195, 0.5758497306612738, 0.7282070427307223, -0.26718318819574527, -0.691313419134425, 1.0391970315089043, 0.3151560850944924]]]}}