{"fidelities_each_sample": [0.429795126881074, 0.4066837124727796, 0.47132236260369353, 0.3780766512069825, 0.582488027270924, 0.5070679290997857, 0.3978441735025848, 0.6387807292829002, 0.48127063265750003, 0.4740448660220265], "average_fidelity": 0.47673742110002515, "training_params": {"N_samples": 10, "N_training_iterations": 4000, "learning_rate": 0.01, "convergence_threshold": 1e-06, "batch_size": 8, "eval_batch_size": 16, "evaluation_time_steps": 100}}