{"iterations": 4000, "returned_params": [[[[]], [[]], [[]], [[]], [[2.298377735681731, 5.633965487426663, 4.353061916380163, 2.1156258390666145, 2.31471427005587, 6.038107967048615, 3.7222653291113215, 1.1897801636163872, 6.8965197259976945, 4.419589419773767, 5.413235104002747, 0.46734813258437885, 3.1710909543591015, 0.06088592762525311, 6.316627369682223, 1.5749974860417886]], [[-0.002016137184243509, -0.0008609567664856383, 0.06586060848992044, 0.7517751337771115, 0.7139925883765661, 0.14543382109116476, -0.003792372016531245, -0.005169715130677237, 1.4331779307154742, 0.7719456117697832, 0.12038770111142627, 0.773252465832744, -0.7271613834407381, 0.24968594485511555, 0.24647109031316092, 0.10055280165077117]]], [[[]], [[]], [[]], [[]], [[3.5339988458603506, 4.511644807611862, 3.389405685893421, 2.1156258390666145, 2.31471427005587, 6.038107967048615, 3.731767161216908, 1.5652788722345257, 4.691706844333798, 4.419589419773767, 5.413235104002747, 0.46734813258437885, 3.1024130768693228, 3.108304796027209, 6.2555460803068055, 1.578310569534466]], [[-0.002016137184243509, -0.0008609567664856383, 0.06586060848992044, 0.7517751337771115, 0.7139925883765661, 0.14543382109116476, -0.003792372016531245, -0.005169715130677237, 1.4331779307154742, 0.7719456117697832, 0.12038770111142627, 0.773252465832744, -0.7271613834407381, 0.24968594485511555, 0.24647109031316092, 0.10055280165077117]]], [[[]], [[]], [[]], [[]], [[3.5339988458603506, 4.511644807611862, 3.389405685893421, 2.1156258390666145, 2.31471427005587, 6.038107967048615, 3.731767161216908, 1.5652788722345257, 4.691706844333798, 4.419589419773767, 5.413235104002747, 0.46734813258437885, 3.1024130768693228, 3.108304796027209, 6.2555460803068055, 1.578310569534466]], [[-0.002016137184243509, -0.0008609567664856383, 0.06586060848992044, 0.7517751337771115, 0.7139925883765661, 0.14543382109116476, -0.003792372016531245, -0.005169715130677237, 1.4331779307154742, 0.7719456117697832, 0.12038770111142627, 0.773252465832744, -0.7271613834407381, 0.24968594485511555, 0.24647109031316092, 0.10055280165077117]]]], "final_fidelity": 0.9897892381477091, "final_purity": -1, "optimized_trainable_parameters": {"initial_params": [[], [], [], [], [2.298377735681731, 5.633965487426663, 4.353061916380163, 2.1156258390666145, 2.31471427005587, 6.038107967048615, 3.7222653291113215, 1.1897801636163872, 6.8965197259976945, 4.419589419773767, 5.413235104002747, 0.46734813258437885, 3.1710909543591015, 0.06088592762525311, 6.316627369682223, 1.5749974860417886], [0.19649180913186193, 0.4632892152987709, 0.4094644834877399, 0.7517751337771115, 0.7139925883765661, 0.14543382109116476, 0.7111431698424022, 0.4291402055162974, 0.05012844366629676, 0.7719456117697832, 0.12038770111142627, 0.773252465832744, 0.8071161766783763, 0.12708002443206512, 0.2653539239697327, 0.1005528004784988]], "lookup_table": [[[2.6214154548757347, 5.253174770413057, 4.102614216252014, 2.1156258390666145, 2.31471427005587, 6.038107967048615, 3.2704348658676063, 1.5633030008783284, 6.361985845383998, 4.419589419773767, 5.413235104002747, 0.46734813258437885, 3.181763872600993, 1.1596014977552573, 6.168790059537988, 1.5513259003512487, -0.4135216083836039, -0.10818003257751362, 0.7427076636153499, 0.7517751337771115, 0.7139925883765661, 0.14543382109116476, 0.1256418643937883, 0.9701789802820382, -0.5146844198727403, 0.7719456117697832, 0.12038770111142627, 0.773252465832744, 0.6853076006620709, -0.008933208807387454, -0.1077168327137236, 0.10055280066381697], [3.5339988458603506, 4.511644807611862, 3.389405685893421, 2.1156258390666145, 2.31471427005587, 6.038107967048615, 3.731767161216908, 1.5652788722345257, 4.691706844333798, 4.419589419773767, 5.413235104002747, 0.46734813258437885, 3.1024130768693228, 3.108304796027209, 6.2555460803068055, 1.578310569534466, -0.002016137184243509, -0.0008609567664856383, 0.06586060848992044, 0.7517751337771115, 0.7139925883765661, 0.14543382109116476, -0.003792372016531245, -0.005169715130677237, 1.4331779307154742, 0.7719456117697832, 0.12038770111142627, 0.773252465832744, -0.7271613834407381, 0.24968594485511555, 0.24647109031316092, 0.10055280165077117]]]}}