{"fidelities_each_sample": [0.5656998808754964, 0.4164127057982103, 0.49435494467373237, 0.5104002792084987, 0.48009967418651434, 0.5355997067461101, 0.4269912601779924, 0.6218970450179743, 0.5151243759383176, 0.5347885619688338], "average_fidelity": 0.5101368434591681, "training_params": {"N_samples": 10, "N_training_iterations": 4000, "learning_rate": 0.01, "convergence_threshold": 1e-06, "batch_size": 8, "eval_batch_size": 16, "evaluation_time_steps": 100}}