{"iterations": 4000, "returned_params": [[[[]], [[]], [[]], [[]], [[3.439044251814139, -0.7223768087093836, 5.738740654713723, 5.691977942962301, 3.3944930821085464, 5.653545009941311, 3.121712088074462, 4.593886225085803, -1.087322626996867, 6.138126006912618, 0.42810001652835794, 4.311557894511821, 4.708224306054818, 1.5625749949634347, 1.5700353060924201, 6.283184981981814]], [[0.005157907094798054, -8.599234685073575e-07, -1.4279930286964808, 0.9708790947015569, 0.9690607373370841, 0.8147413540075523, -0.0012143773149517337, -0.011444720403476702, 0.3889681533817409, 0.9764140210558472, 0.44385765967405, 0.8783479703876942, 1.277565899930144, -0.8239374039161981, -0.8575889789866041, 0.3485922471607897]]], [[[]], [[]], [[]], [[]], [[2.3059209281847837, 0.5691789090623365, 5.409922078644046, 5.691977942962301, 3.3944930821085464, 5.653545009941311, 1.9099254201718923, 5.1918779408672995, -0.10228874559228278, 6.138126006912618, 0.42810001652835794, 4.311557894511821, 4.706003875732159, 1.5715626718283389, 1.5641133475361972, 6.246945580012162]], [[0.005157907094798054, -8.599234685073575e-07, -1.4279930286964808, 0.9708790947015569, 0.9690607373370841, 0.8147413540075523, -0.0012143773149517337, -0.011444720403476702, 0.3889681533817409, 0.9764140210558472, 0.44385765967405, 0.8783479703876942, 1.277565899930144, -0.8239374039161981, -0.8575889789866041, 0.3485922471607897]]], [[[]], [[]], [[]], [[]], [[2.3059209281847837, 0.5691789090623365, 5.409922078644046, 5.691977942962301, 3.3944930821085464, 5.653545009941311, 1.9099254201718923, 5.1918779408672995, -0.10228874559228278, 6.138126006912618, 0.42810001652835794, 4.311557894511821, 4.706003875732159, 1.5715626718283389, 1.5641133475361972, 6.246945580012162]], [[0.005157907094798054, -8.599234685073575e-07, -1.4279930286964808, 0.9708790947015569, 0.9690607373370841, 0.8147413540075523, -0.0012143773149517337, -0.011444720403476702, 0.3889681533817409, 0.9764140210558472, 0.44385765967405, 0.8783479703876942, 1.277565899930144, -0.8239374039161981, -0.8575889789866041, 0.3485922471607897]]]], "final_fidelity": 0.9906453270600541, "final_purity": -1, "optimized_trainable_parameters": {"initial_params": [[], [], [], [], [3.439044251814139, -0.7223768087093836, 5.738740654713723, 5.691977942962301, 3.3944930821085464, 5.653545009941311, 3.121712088074462, 4.593886225085803, -1.087322626996867, 6.138126006912618, 0.42810001652835794, 4.311557894511821, 4.708224306054818, 1.5625749949634347, 1.5700353060924201, 6.283184981981814], [0.9896361588068807, 0.601678237573869, 0.767188097525503, 0.9708790947015569, 0.9690607373370841, 0.8147413540075523, 0.3231783462593578, 0.5958355450488748, 0.24880720810922852, 0.9764140210558472, 0.44385765967405, 0.8783479703876942, 0.8112416341793036, 0.2098910714741249, 0.017874358514248456, 0.3485922450937331]], "lookup_table": [[[2.3059209281847837, 0.5691789090623365, 5.409922078644046, 5.691977942962301, 3.3944930821085464, 5.653545009941311, 1.9099254201718923, 5.1918779408672995, -0.10228874559228278, 6.138126006912618, 0.42810001652835794, 4.311557894511821, 4.706003875732159, 1.5715626718283389, 1.5641133475361972, 6.246945580012162, 0.005157907094798054, -8.599234685073575e-07, -1.4279930286964808, 0.9708790947015569, 0.9690607373370841, 0.8147413540075523, -0.0012143773149517337, -0.011444720403476702, 0.3889681533817409, 0.9764140210558472, 0.44385765967405, 0.8783479703876942, 1.277565899930144, -0.8239374039161981, -0.8575889789866041, 0.3485922471607897], [2.1000327536952006, 0.2882939110333406, 5.646258589151542, 5.691977942962301, 3.3944930821085464, 5.653545009941311, 2.5127784548360106, 4.985840669814398, 0.01729874970741035, 6.138126006912618, 0.42810001652835794, 4.311557894511821, 4.6672141994297975, 1.5660987648347013, 1.5575460728401676, 6.214365483049229, -0.34315774733679016, 1.0531484687689783, -0.27210196045822144, 0.9708790947015569, 0.9690607373370841, 0.8147413540075523, -0.048866823253958566, 0.11400492690171259, 0.5493400113946405, 0.9764140210558472, 0.44385765967405, 0.8783479703876942, 1.0845466701698818, -0.3043077746517205, -0.12117866702460811, 0.34859224436117114]]]}}