{"iterations": 4000, "returned_params": [[[[]], [[]], [[]], [[]], [[3.928025785377876, -0.594592889137516, 5.473597301130407, 5.691977942962301, 3.3944930821085464, 5.653545009941311, 3.53128851886461, 4.985904057163174, -0.5814030599249633, 6.138126006912618, 0.42810001652835794, 4.311557894511821, 4.7131339237479235, 1.5669089747017637, 1.4963196863085504, 6.166015709153707]], [[0.006132779128165618, -0.04449778769390818, -0.28947701965203526, 0.9708790947015569, 0.9690607373370841, 0.8147413540075523, -0.0010301255838264978, -0.025758385100430083, 1.0491465254194803, 0.9764140210558472, 0.44385765967405, 0.8783479703876942, 1.5306575039630235, -0.7154423445570836, -0.75182551993892, 0.3485922470881089]]], [[[]], [[]], [[]], [[]], [[2.4386547052200696, 0.7323258516314567, 5.781918932426015, 5.691977942962301, 3.3944930821085464, 5.653545009941311, 2.0817502036270463, 5.079093929391102, 0.0699543661429118, 6.138126006912618, 0.42810001652835794, 4.311557894511821, 4.721220724260919, 1.5770959948495988, 1.5679831397851756, 6.235722776396617]], [[0.006132779128165618, -0.04449778769390818, -0.28947701965203526, 0.9708790947015569, 0.9690607373370841, 0.8147413540075523, -0.0010301255838264978, -0.025758385100430083, 1.0491465254194803, 0.9764140210558472, 0.44385765967405, 0.8783479703876942, 1.5306575039630235, -0.7154423445570836, -0.75182551993892, 0.3485922470881089]]], [[[]], [[]], [[]], [[]], [[2.4386547052200696, 0.7323258516314567, 5.781918932426015, 5.691977942962301, 3.3944930821085464, 5.653545009941311, 2.0817502036270463, 5.079093929391102, 0.0699543661429118, 6.138126006912618, 0.42810001652835794, 4.311557894511821, 4.721220724260919, 1.5770959948495988, 1.5679831397851756, 6.235722776396617]], [[0.006132779128165618, -0.04449778769390818, -0.28947701965203526, 0.9708790947015569, 0.9690607373370841, 0.8147413540075523, -0.0010301255838264978, -0.025758385100430083, 1.0491465254194803, 0.9764140210558472, 0.44385765967405, 0.8783479703876942, 1.5306575039630235, -0.7154423445570836, -0.75182551993892, 0.3485922470881089]]]], "final_fidelity": 0.9854292395060603, "final_purity": -1, "optimized_trainable_parameters": {"initial_params": [[], [], [], [], [3.928025785377876, -0.594592889137516, 5.473597301130407, 5.691977942962301, 3.3944930821085464, 5.653545009941311, 3.53128851886461, 4.985904057163174, -0.5814030599249633, 6.138126006912618, 0.42810001652835794, 4.311557894511821, 4.7131339237479235, 1.5669089747017637, 1.4963196863085504, 6.166015709153707], [0.9896361588068807, 0.601678237573869, 0.767188097525503, 0.9708790947015569, 0.9690607373370841, 0.8147413540075523, 0.3231783462593578, 0.5958355450488748, 0.24880720810922852, 0.9764140210558472, 0.44385765967405, 0.8783479703876942, 0.8112416341793036, 0.2098910714741249, 0.017874358514248456, 0.3485922450937331]], "lookup_table": [[[2.4386547052200696, 0.7323258516314567, 5.781918932426015, 5.691977942962301, 3.3944930821085464, 5.653545009941311, 2.0817502036270463, 5.079093929391102, 0.0699543661429118, 6.138126006912618, 0.42810001652835794, 4.311557894511821, 4.721220724260919, 1.5770959948495988, 1.5679831397851756, 6.235722776396617, 0.006132779128165618, -0.04449778769390818, -0.28947701965203526, 0.9708790947015569, 0.9690607373370841, 0.8147413540075523, -0.0010301255838264978, -0.025758385100430083, 1.0491465254194803, 0.9764140210558472, 0.44385765967405, 0.8783479703876942, 1.5306575039630235, -0.7154423445570836, -0.75182551993892, 0.3485922470881089], [2.3831480586544544, 0.38615152752716764, 5.750599867412658, 5.691977942962301, 3.3944930821085464, 5.653545009941311, 2.8333462484576217, 4.982608329757146, 0.11510341527855412, 6.138126006912618, 0.42810001652835794, 4.311557894511821, 4.712469619587556, 1.5749952069132998, 1.5721810325084187, 6.124013597249709, -0.12086715906490426, 0.936324556482235, 0.08581112574127543, 0.9708790947015569, 0.9690607373370841, 0.8147413540075523, -0.09071507693519211, -0.14230163988946534, 0.6714531976943826, 0.9764140210558472, 0.44385765967405, 0.8783479703876942, 0.9364514736800009, -0.3143876542396104, -0.10897250186385765, 0.34859224524232935]]]}}