{"fidelities_each_sample": [0.47762775499741744, 0.4218573156812607, 0.4739388152411705, 0.3723227859116783, 0.5708364148598813, 0.5038749465822262, 0.4731276560395923, 0.6284178842293472, 0.4727147708533274, 0.4733518079746525], "average_fidelity": 0.4868070152370554, "training_params": {"N_samples": 10, "N_training_iterations": 4000, "learning_rate": 0.01, "convergence_threshold": 1e-06, "batch_size": 8, "eval_batch_size": 16, "evaluation_time_steps": 100}}