{"fidelities_each_sample": [0.43256808149860043, 0.40725640398385066, 0.4626630735745388, 0.37822574203989046, 0.5644572339519841, 0.506487079651161, 0.49462211860923316, 0.7805140196002911, 0.38373207007088145, 0.37720826346192327], "average_fidelity": 0.4787734086442354, "training_params": {"N_samples": 10, "N_training_iterations": 4000, "learning_rate": 0.01, "convergence_threshold": 1e-06, "batch_size": 8, "eval_batch_size": 16, "evaluation_time_steps": 100}}