{"iterations": 4000, "returned_params": [[[[]], [[]], [[]], [[]], [[5.883665841805285, 0.775776315911356, 0.7589002327024653, 6.229067048932181, 1.7751352004394012, 2.233601835029501, 2.645523516998948, 0.5690457694405127, 0.5066709290543301, 3.864856988789411, 5.998718376191112, 5.270125085447247, 4.712694732953959, 1.5764647576174635, 4.130904436153269, 3.2064621649723506]], [[0.9255117254027738, 1.1273164980199488, -2.8669176236775797, 0.5794502442667795, 0.5976030059699919, 0.7000266287193331, 1.9410433297411913, 0.07548329899534026, 1.3452280831464543, 0.8728580575304441, 0.22663938029178654, 0.6564232100473297, -1.7636479732502712, 2.1305203947466858, -2.251597245626035, 0.46198195908749323]]], [[[]], [[]], [[]], [[]], [[5.672935058198429, 0.8932025878393487, 3.6261256503895347, 6.229067048932181, 1.7751352004394012, 2.233601835029501, 1.9940388173111792, 1.5975383695763972, -0.3262639147380658, 3.864856988789411, 5.998718376191112, 5.270125085447247, 4.723443658268192, 1.5657839773004885, 2.8393915637442904, 6.195797925160107]], [[-1.1145873443653924, 0.9353158019921624, -1.3960770952891781, 0.5794502442667795, 0.5976030059699919, 0.7000266287193331, 1.7379560306883306, 0.7072718976533697, 1.5465778464942994, 0.8728580575304441, 0.22663938029178654, 0.6564232100473297, 0.39878826628706365, -0.28588485519958884, 1.7292450276777303, 0.4619819583598194]]], [[[]], [[]], [[]], [[]], [[5.9755032070727445, 0.8090738641048394, 0.8570891510326112, 6.229067048932181, 1.7751352004394012, 2.233601835029501, 2.394092595511899, 0.5311284968420139, 0.5305996738547484, 3.864856988789411, 5.998718376191112, 5.270125085447247, 4.719227313548251, 1.5706275460470764, 4.2708448267269805, 3.1826297557916674]], [[0.9255117254027738, 1.1273164980199488, -2.8669176236775797, 0.5794502442667795, 0.5976030059699919, 0.7000266287193331, 1.9410433297411913, 0.07548329899534026, 1.3452280831464543, 0.8728580575304441, 0.22663938029178654, 0.6564232100473297, -1.7636479732502712, 2.1305203947466858, -2.251597245626035, 0.46198195908749323]]]], "final_fidelity": 0.32383316309157006, "final_purity": -1, "optimized_trainable_parameters": {"initial_params": [[], [], [], [], [5.883665841805285, 0.775776315911356, 0.7589002327024653, 6.229067048932181, 1.7751352004394012, 2.233601835029501, 2.645523516998948, 0.5690457694405127, 0.5066709290543301, 3.864856988789411, 5.998718376191112, 5.270125085447247, 4.712694732953959, 1.5764647576174635, 4.130904436153269, 3.2064621649723506], [0.08062436666431605, 0.923948835561414, 0.7339523451366718, 0.5794502442667795, 0.5976030059699919, 0.7000266287193331, 0.8056200973061387, 0.8894700350923472, 0.07627888141344874, 0.8728580575304441, 0.22663938029178654, 0.6564232100473297, 0.29224536994517436, 0.6596231091705356, 0.629365131022366, 0.4619819572813424]], "lookup_table": [[[5.9755032070727445, 0.8090738641048394, 0.8570891510326112, 6.229067048932181, 1.7751352004394012, 2.233601835029501, 2.394092595511899, 0.5311284968420139, 0.5305996738547484, 3.864856988789411, 5.998718376191112, 5.270125085447247, 4.719227313548251, 1.5706275460470764, 4.2708448267269805, 3.1826297557916674, -1.1145873443653924, 0.9353158019921624, -1.3960770952891781, 0.5794502442667795, 0.5976030059699919, 0.7000266287193331, 1.7379560306883306, 0.7072718976533697, 1.5465778464942994, 0.8728580575304441, 0.22663938029178654, 0.6564232100473297, 0.39878826628706365, -0.28588485519958884, 1.7292450276777303, 0.4619819583598194], [5.672935058198429, 0.8932025878393487, 3.6261256503895347, 6.229067048932181, 1.7751352004394012, 2.233601835029501, 1.9940388173111792, 1.5975383695763972, -0.3262639147380658, 3.864856988789411, 5.998718376191112, 5.270125085447247, 4.723443658268192, 1.5657839773004885, 2.8393915637442904, 6.195797925160107, 0.9255117254027738, 1.1273164980199488, -2.8669176236775797, 0.5794502442667795, 0.5976030059699919, 0.7000266287193331, 1.9410433297411913, 0.07548329899534026, 1.3452280831464543, 0.8728580575304441, 0.22663938029178654, 0.6564232100473297, -1.7636479732502712, 2.1305203947466858, -2.251597245626035, 0.46198195908749323]]]}}