{"iterations": 4000, "returned_params": [[[[]], [[]], [[]], [[]], [[2.102217835673227, 5.6147135010842, 2.935274082170038, 5.096450003670454, 0.973157957690808, 3.254039561802974, 1.1764778165284757, 5.411292477458862, 5.026742290926974, 4.9345900722983975, 3.022773003226103, 3.8708299866232534, 3.1065411843714097, 3.019085394303868, 2.2375674058112884, 3.0238176073161016]], [[0.21043484726340742, 0.657011870381593, -1.0450658037455844, 0.29859252020153115, 0.6086447230103269, 0.8335991393249385, 0.7067903973973539, 0.7410175287937274, -0.24533401938535077, 0.22625996310493246, 0.5787023112312835, 0.46100545657623737, 0.061707927177475495, -0.7132858713486603, 0.6102741851818108, 0.6841617945954414]]], [[[]], [[]], [[]], [[]], [[1.5635548676681306, 4.87202641358002, 4.19868851055787, 5.096450003670454, 0.973157957690808, 3.254039561802974, 2.4784959835224827, 5.3927876631567475, 4.220535083861641, 4.9345900722983975, 3.022773003226103, 3.8708299866232534, 3.1590712787857496, 3.130123144112509, 1.5473931714808735, 3.141592653589687]], [[0.21043484726340742, 0.657011870381593, -1.0450658037455844, 0.29859252020153115, 0.6086447230103269, 0.8335991393249385, 0.7067903973973539, 0.7410175287937274, -0.24533401938535077, 0.22625996310493246, 0.5787023112312835, 0.46100545657623737, 0.061707927177475495, -0.7132858713486603, 0.6102741851818108, 0.6841617945954414]]], [[[]], [[]], [[]], [[]], [[1.5635548676681306, 4.87202641358002, 4.19868851055787, 5.096450003670454, 0.973157957690808, 3.254039561802974, 2.4784959835224827, 5.3927876631567475, 4.220535083861641, 4.9345900722983975, 3.022773003226103, 3.8708299866232534, 3.1590712787857496, 3.130123144112509, 1.5473931714808735, 3.141592653589687]], [[0.21043484726340742, 0.657011870381593, -1.0450658037455844, 0.29859252020153115, 0.6086447230103269, 0.8335991393249385, 0.7067903973973539, 0.7410175287937274, -0.24533401938535077, 0.22625996310493246, 0.5787023112312835, 0.46100545657623737, 0.061707927177475495, -0.7132858713486603, 0.6102741851818108, 0.6841617945954414]]]], "final_fidelity": 0.7626081597089092, "final_purity": -1, "optimized_trainable_parameters": {"initial_params": [[], [], [], [], [2.102217835673227, 5.6147135010842, 2.935274082170038, 5.096450003670454, 0.973157957690808, 3.254039561802974, 1.1764778165284757, 5.411292477458862, 5.026742290926974, 4.9345900722983975, 3.022773003226103, 3.8708299866232534, 3.1065411843714097, 3.019085394303868, 2.2375674058112884, 3.0238176073161016], [0.30178942146825305, 0.7183588503902003, 0.33872329986829075, 0.29859252020153115, 0.6086447230103269, 0.8335991393249385, 0.39094873409434694, 0.322633626258382, 0.6547995239976068, 0.22625996310493246, 0.5787023112312835, 0.46100545657623737, 0.5563897625649974, 0.9228307695702973, 0.4963785461180614, 0.6841617962814872]], "lookup_table": [[[1.6568327427116736, 4.793385896343034, 4.800400486223701, 5.096450003670454, 0.973157957690808, 3.254039561802974, 1.9854556058431223, 5.064974752812027, 4.963507988250502, 4.9345900722983975, 3.022773003226103, 3.8708299866232534, 3.3145127475331417, 3.2532632749116757, 1.563322353087966, 3.141592653514673, 0.2385070859895211, 0.4949688587495101, 1.1376289888790434, 0.29859252020153115, 0.6086447230103269, 0.8335991393249385, -0.9909836841471905, -0.33319060087612007, 0.05246432053002837, 0.22625996310493246, 0.5787023112312835, 0.46100545657623737, 0.521548815750056, 0.4611817680749258, 0.24868647236208727, 0.6841617964450142], [1.5635548676681306, 4.87202641358002, 4.19868851055787, 5.096450003670454, 0.973157957690808, 3.254039561802974, 2.4784959835224827, 5.3927876631567475, 4.220535083861641, 4.9345900722983975, 3.022773003226103, 3.8708299866232534, 3.1590712787857496, 3.130123144112509, 1.5473931714808735, 3.141592653589687, 0.21043484726340742, 0.657011870381593, -1.0450658037455844, 0.29859252020153115, 0.6086447230103269, 0.8335991393249385, 0.7067903973973539, 0.7410175287937274, -0.24533401938535077, 0.22625996310493246, 0.5787023112312835, 0.46100545657623737, 0.061707927177475495, -0.7132858713486603, 0.6102741851818108, 0.6841617945954414]]]}}