{"iterations": 4000, "returned_params": [[[[]], [[]], [[]], [[]], [[4.254103557250095, 2.0295344930704227, 1.1520836942540125, 4.590904324804432, 4.7463811126168824, 5.455197029680884, 2.5216027213465013, 2.1426815664886734, 1.955683271063107, 0.9529052943492308, 1.6068435709322662, 5.153159219590374, 1.5764574594123069, 4.837155874729563, 4.721113159825448, 6.238123077451391]], [[-0.6756140416550475, 0.7965031679753509, 1.934259030637898, 0.6159212102511915, 0.4196884700493988, 0.2935272038001471, 1.3940463586698817, 0.8135155287835696, 0.8058480340548955, 0.9259631903577195, 0.5758497306612738, 0.7282070427307223, 1.0435681172053202, -1.734331424950738, 2.399664965719787, 0.31515608641472337]]], [[[]], [[]], [[]], [[]], [[3.866222018315701, 0.9918200147872109, 1.037400795007471, 4.590904324804432, 4.7463811126168824, 5.455197029680884, 3.3003043166306876, 2.0232505417573696, 1.656811016333307, 0.9529052943492308, 1.6068435709322662, 5.153159219590374, 1.5665380323536788, 5.020441040282408, 4.636458143365745, 6.085596549152796]], [[-0.014720775684975049, -0.061241602363644475, -1.3449398640074712, 0.6159212102511915, 0.4196884700493988, 0.2935272038001471, -0.010046476274098047, 0.0643641081771526, 1.0231590816247091, 0.9259631903577195, 0.5758497306612738, 0.7282070427307223, 1.7485142856504385, 0.08523952729189477, 0.0954554721465643, 0.31515608539026296]]], [[[]], [[]], [[]], [[]], [[4.062804560490933, 1.660492089308908, 1.0011183089222107, 4.590904324804432, 4.7463811126168824, 5.455197029680884, 2.8658902389498495, 2.176473603894851, 2.152643242024059, 0.9529052943492308, 1.6068435709322662, 5.153159219590374, 1.5748541449723217, 4.94564944690476, 4.6816869554309175, 6.050434845457669]], [[-0.6756140416550475, 0.7965031679753509, 1.934259030637898, 0.6159212102511915, 0.4196884700493988, 0.2935272038001471, 1.3940463586698817, 0.8135155287835696, 0.8058480340548955, 0.9259631903577195, 0.5758497306612738, 0.7282070427307223, 1.0435681172053202, -1.734331424950738, 2.399664965719787, 0.31515608641472337]]]], "final_fidelity": 0.27985632178084746, "final_purity": -1, "optimized_trainable_parameters": {"initial_params": [[], [], [], [], [4.254103557250095, 2.0295344930704227, 1.1520836942540125, 4.590904324804432, 4.7463811126168824, 5.455197029680884, 2.5216027213465013, 2.1426815664886734, 1.955683271063107, 0.9529052943492308, 1.6068435709322662, 5.153159219590374, 1.5764574594123069, 4.837155874729563, 4.721113159825448, 6.238123077451391], [0.30129574865164055, 0.3749591623313686, 0.763942777797004, 0.6159212102511915, 0.4196884700493988, 0.2935272038001471, 0.6447665939137264, 0.11488233549248017, 0.020731504539900136, 0.9259631903577195, 0.5758497306612738, 0.7282070427307223, 0.44814957106105124, 0.2517973372113238, 0.6343383025943246, 0.3151560850784094]], "lookup_table": [[[4.062804560490933, 1.660492089308908, 1.0011183089222107, 4.590904324804432, 4.7463811126168824, 5.455197029680884, 2.8658902389498495, 2.176473603894851, 2.152643242024059, 0.9529052943492308, 1.6068435709322662, 5.153159219590374, 1.5748541449723217, 4.94564944690476, 4.6816869554309175, 6.050434845457669, -0.014720775684975049, -0.061241602363644475, -1.3449398640074712, 0.6159212102511915, 0.4196884700493988, 0.2935272038001471, -0.010046476274098047, 0.0643641081771526, 1.0231590816247091, 0.9259631903577195, 0.5758497306612738, 0.7282070427307223, 1.7485142856504385, 0.08523952729189477, 0.0954554721465643, 0.31515608539026296], [3.866222018315701, 0.9918200147872109, 1.037400795007471, 4.590904324804432, 4.7463811126168824, 5.455197029680884, 3.3003043166306876, 2.0232505417573696, 1.656811016333307, 0.9529052943492308, 1.6068435709322662, 5.153159219590374, 1.5665380323536788, 5.020441040282408, 4.636458143365745, 6.085596549152796, -0.6756140416550475, 0.7965031679753509, 1.934259030637898, 0.6159212102511915, 0.4196884700493988, 0.2935272038001471, 1.3940463586698817, 0.8135155287835696, 0.8058480340548955, 0.9259631903577195, 0.5758497306612738, 0.7282070427307223, 1.0435681172053202, -1.734331424950738, 2.399664965719787, 0.31515608641472337]]]}}