{"fidelities_each_sample": [0.47791827284798616, 0.4115928515037194, 0.48704104748938787, 0.3822986325867709, 0.62305023556215, 0.5321478336234101, 0.4386322535498252, 0.7729689103155036, 0.3873271334231949, 0.43507262813798436], "average_fidelity": 0.4948049799039933, "training_params": {"N_samples": 10, "N_training_iterations": 4000, "learning_rate": 0.01, "convergence_threshold": 1e-06, "batch_size": 8, "eval_batch_size": 16, "evaluation_time_steps": 100}}