{"iterations": 4000, "returned_params": [[[[]], [[]], [[]], [[]], [[4.3774969645346316, 2.3398902257689658, 1.3189865349170622, 4.590904324804432, 4.7463811126168824, 5.455197029680884, 2.4110936337747466, 1.6260687800186568, 1.802813481015997, 0.9529052943492308, 1.6068435709322662, 5.153159219590374, 1.5421063098421612, 4.71454147338401, 4.695580341299939, 6.238135896918048]], [[-1.146250575073283, 0.8814948385272782, 2.57334322859487, 0.6159212102511915, 0.4196884700493988, 0.2935272038001471, 0.9340695463074933, 0.5273136841074556, 1.149898145916011, 0.9259631903577195, 0.5758497306612738, 0.7282070427307223, 0.4965074719049801, -2.412771030705203, 2.9173912352236995, 0.3151560834738461]]], [[[]], [[]], [[]], [[]], [[3.694871422222995, 2.1584146136513698, 1.4490861940749986, 4.590904324804432, 4.7463811126168824, 5.455197029680884, 3.142859691748522, 1.4878346807473193, 1.9272733009026828, 0.9529052943492308, 1.6068435709322662, 5.153159219590374, 1.5745798799843953, 4.899541330256222, 4.722680755820459, 6.174619326445491]], [[-0.0027915641922731283, -0.025191088312981964, -1.7851203295391251, 0.6159212102511915, 0.4196884700493988, 0.2935272038001471, -0.004162120157178105, -0.004958926527547136, 0.4201111610273169, 0.9259631903577195, 0.5758497306612738, 0.7282070427307223, 0.48736728782430605, 0.5334449131589407, 0.4829158900237037, 0.31515608698871184]]], [[[]], [[]], [[]], [[]], [[4.946515018652391, 1.5280637712037326, 1.2552605755948194, 4.590904324804432, 4.7463811126168824, 5.455197029680884, 3.340239073803454, 1.1660946663426837, 0.863333180669343, 0.9529052943492308, 1.6068435709322662, 5.153159219590374, 1.559126133068238, 4.710095327547482, 4.705980509482327, 6.185896877478922]], [[-1.146250575073283, 0.8814948385272782, 2.57334322859487, 0.6159212102511915, 0.4196884700493988, 0.2935272038001471, 0.9340695463074933, 0.5273136841074556, 1.149898145916011, 0.9259631903577195, 0.5758497306612738, 0.7282070427307223, 0.4965074719049801, -2.412771030705203, 2.9173912352236995, 0.3151560834738461]]]], "final_fidelity": 0.3364764739916237, "final_purity": -1, "optimized_trainable_parameters": {"initial_params": [[], [], [], [], [4.3774969645346316, 2.3398902257689658, 1.3189865349170622, 4.590904324804432, 4.7463811126168824, 5.455197029680884, 2.4110936337747466, 1.6260687800186568, 1.802813481015997, 0.9529052943492308, 1.6068435709322662, 5.153159219590374, 1.5421063098421612, 4.71454147338401, 4.695580341299939, 6.238135896918048], [0.30129574865164055, 0.3749591623313686, 0.763942777797004, 0.6159212102511915, 0.4196884700493988, 0.2935272038001471, 0.6447665939137264, 0.11488233549248017, 0.020731504539900136, 0.9259631903577195, 0.5758497306612738, 0.7282070427307223, 0.44814957106105124, 0.2517973372113238, 0.6343383025943246, 0.3151560850784094]], "lookup_table": [[[4.946515018652391, 1.5280637712037326, 1.2552605755948194, 4.590904324804432, 4.7463811126168824, 5.455197029680884, 3.340239073803454, 1.1660946663426837, 0.863333180669343, 0.9529052943492308, 1.6068435709322662, 5.153159219590374, 1.559126133068238, 4.710095327547482, 4.705980509482327, 6.185896877478922, -0.0027915641922731283, -0.025191088312981964, -1.7851203295391251, 0.6159212102511915, 0.4196884700493988, 0.2935272038001471, -0.004162120157178105, -0.004958926527547136, 0.4201111610273169, 0.9259631903577195, 0.5758497306612738, 0.7282070427307223, 0.48736728782430605, 0.5334449131589407, 0.4829158900237037, 0.31515608698871184], [3.694871422222995, 2.1584146136513698, 1.4490861940749986, 4.590904324804432, 4.7463811126168824, 5.455197029680884, 3.142859691748522, 1.4878346807473193, 1.9272733009026828, 0.9529052943492308, 1.6068435709322662, 5.153159219590374, 1.5745798799843953, 4.899541330256222, 4.722680755820459, 6.174619326445491, -1.146250575073283, 0.8814948385272782, 2.57334322859487, 0.6159212102511915, 0.4196884700493988, 0.2935272038001471, 0.9340695463074933, 0.5273136841074556, 1.149898145916011, 0.9259631903577195, 0.5758497306612738, 0.7282070427307223, 0.4965074719049801, -2.412771030705203, 2.9173912352236995, 0.3151560834738461]]]}}