{"iterations": 4000, "returned_params": [[[[]], [[]], [[]], [[]], [[3.7531906928518675, 1.7859011772417879, 2.3259392529602043, 4.590904324804432, 4.7463811126168824, 5.455197029680884, 3.2073698990199837, 1.7463765528513864, 1.5128418780151298, 0.9529052943492308, 1.6068435709322662, 5.153159219590374, 1.5707963267948968, 4.712388980384694, 4.712388980384691, 4.712388980384691]], [[0.0012535418879972488, -0.010480266834527916, -0.40488604756950386, 0.6159212102511915, 0.4196884700493988, 0.2935272038001471, 0.008042581282838326, 0.0008770840848416402, 0.0004985239131770429, 0.9259631903577195, 0.5758497306612738, 0.7282070427307223, 2.633397124438297, 0.35770986388050935, 0.35869809171103617, 0.3151560844553096]]], [[[]], [[]], [[]], [[]], [[5.133595382856811, 0.38002934513102654, -0.4401591983143764, 4.590904324804432, 4.7463811126168824, 5.455197029680884, 4.150349734738743, 1.1033248504007953, 0.7054455047393271, 0.9529052943492308, 1.6068435709322662, 5.153159219590374, 1.5711981611695998, 4.711711940892089, 4.712714633163524, 6.233460661510113]], [[0.0012535418879972488, -0.010480266834527916, -0.40488604756950386, 0.6159212102511915, 0.4196884700493988, 0.2935272038001471, 0.008042581282838326, 0.0008770840848416402, 0.0004985239131770429, 0.9259631903577195, 0.5758497306612738, 0.7282070427307223, 2.633397124438297, 0.35770986388050935, 0.35869809171103617, 0.3151560844553096]]], [[[]], [[]], [[]], [[]], [[5.133595382856811, 0.38002934513102654, -0.4401591983143764, 4.590904324804432, 4.7463811126168824, 5.455197029680884, 4.150349734738743, 1.1033248504007953, 0.7054455047393271, 0.9529052943492308, 1.6068435709322662, 5.153159219590374, 1.5711981611695998, 4.711711940892089, 4.712714633163524, 6.233460661510113]], [[0.0012535418879972488, -0.010480266834527916, -0.40488604756950386, 0.6159212102511915, 0.4196884700493988, 0.2935272038001471, 0.008042581282838326, 0.0008770840848416402, 0.0004985239131770429, 0.9259631903577195, 0.5758497306612738, 0.7282070427307223, 2.633397124438297, 0.35770986388050935, 0.35869809171103617, 0.3151560844553096]]]], "final_fidelity": 0.9956659673118419, "final_purity": -1, "optimized_trainable_parameters": {"initial_params": [[], [], [], [], [3.7531906928518675, 1.7859011772417879, 2.3259392529602043, 4.590904324804432, 4.7463811126168824, 5.455197029680884, 3.2073698990199837, 1.7463765528513864, 1.5128418780151298, 0.9529052943492308, 1.6068435709322662, 5.153159219590374, 1.5707963267948968, 4.712388980384694, 4.712388980384691, 4.712388980384691], [0.30129574865164055, 0.3749591623313686, 0.763942777797004, 0.6159212102511915, 0.4196884700493988, 0.2935272038001471, 0.6447665939137264, 0.11488233549248017, 0.020731504539900136, 0.9259631903577195, 0.5758497306612738, 0.7282070427307223, 0.44814957106105124, 0.2517973372113238, 0.6343383025943246, 0.3151560850784094]], "lookup_table": [[[5.133595382856811, 0.38002934513102654, -0.4401591983143764, 4.590904324804432, 4.7463811126168824, 5.455197029680884, 4.150349734738743, 1.1033248504007953, 0.7054455047393271, 0.9529052943492308, 1.6068435709322662, 5.153159219590374, 1.5711981611695998, 4.711711940892089, 4.712714633163524, 6.233460661510113, 0.0012535418879972488, -0.010480266834527916, -0.40488604756950386, 0.6159212102511915, 0.4196884700493988, 0.2935272038001471, 0.008042581282838326, 0.0008770840848416402, 0.0004985239131770429, 0.9259631903577195, 0.5758497306612738, 0.7282070427307223, 2.633397124438297, 0.35770986388050935, 0.35869809171103617, 0.3151560844553096], [4.251228063618666, 0.930227279212153, 3.174482730570324, 4.590904324804432, 4.7463811126168824, 5.455197029680884, 4.196205891819341, 0.9644611918508057, 0.6310360833406256, 0.9529052943492308, 1.6068435709322662, 5.153159219590374, 3.055680750659474, 6.232951351012209, 3.1939284815034115, 6.239818310619542, 0.2872268075799154, 0.29922945348927493, 1.5157077740102456, 0.6159212102511915, 0.4196884700493988, 0.2935272038001471, -1.0874132317831349, -0.8632557699283538, -0.03161647171871162, 0.9259631903577195, 0.5758497306612738, 0.7282070427307223, 1.1861585812390254, -0.5317509652555045, -0.38386221913287816, 0.3151560855418176]]]}}