{"iterations": 4000, "returned_params": [[[[]], [[]], [[]], [[]], [[3.9570337063046046, 2.010527616319524, 3.3973443858174153, 4.590904324804432, 4.7463811126168824, 5.455197029680884, 2.799749375852953, 0.948341152565968, 3.942197614735473, 0.9529052943492308, 1.6068435709322662, 5.153159219590374, 1.5627841368256534, 5.29436718538486, 4.6677394754216746, 6.2831853210754955]], [[-1.7799848739225321, 0.3705230857544953, 2.698899673117297, 0.6159212102511915, 0.4196884700493988, 0.2935272038001471, 0.7943504003753135, -0.15739865282599197, 0.11095443850589798, 0.9259631903577195, 0.5758497306612738, 0.7282070427307223, 0.31594623818388606, -2.0643527020424424, 2.315632047334742, 0.31515608505325365]]], [[[]], [[]], [[]], [[]], [[3.6520041785924566, 1.4304531838213248, 3.7489574335857125, 4.590904324804432, 4.7463811126168824, 5.455197029680884, 3.2153963472841287, 0.7683259044457252, 4.98497965432265, 0.9529052943492308, 1.6068435709322662, 5.153159219590374, 1.5831834383211163, 4.888718245759668, 4.759768741827393, 6.2831853071796475]], [[-0.007360551630383989, -0.2174063326911144, -0.6800106036756542, 0.6159212102511915, 0.4196884700493988, 0.2935272038001471, -0.007339852009465012, 0.01048621901077093, 1.2922121899488739, 0.9259631903577195, 0.5758497306612738, 0.7282070427307223, -0.12507331602923363, 0.1266874664897548, 0.07548000337340627, 0.31515608567052916]]], [[[]], [[]], [[]], [[]], [[4.122095935793947, 1.562332551752891, 4.1063374602132825, 4.590904324804432, 4.7463811126168824, 5.455197029680884, 2.8703843393917565, 0.8146438052825385, 3.9192026013310293, 0.9529052943492308, 1.6068435709322662, 5.153159219590374, 1.6188293101285547, 5.154950372160081, 4.686396737478122, 6.119701389035874]], [[-1.7799848739225321, 0.3705230857544953, 2.698899673117297, 0.6159212102511915, 0.4196884700493988, 0.2935272038001471, 0.7943504003753135, -0.15739865282599197, 0.11095443850589798, 0.9259631903577195, 0.5758497306612738, 0.7282070427307223, 0.31594623818388606, -2.0643527020424424, 2.315632047334742, 0.31515608505325365]]]], "final_fidelity": 0.6427163704204069, "final_purity": -1, "optimized_trainable_parameters": {"initial_params": [[], [], [], [], [3.9570337063046046, 2.010527616319524, 3.3973443858174153, 4.590904324804432, 4.7463811126168824, 5.455197029680884, 2.799749375852953, 0.948341152565968, 3.942197614735473, 0.9529052943492308, 1.6068435709322662, 5.153159219590374, 1.5627841368256534, 5.29436718538486, 4.6677394754216746, 6.2831853210754955], [0.30129574865164055, 0.3749591623313686, 0.763942777797004, 0.6159212102511915, 0.4196884700493988, 0.2935272038001471, 0.6447665939137264, 0.11488233549248017, 0.020731504539900136, 0.9259631903577195, 0.5758497306612738, 0.7282070427307223, 0.44814957106105124, 0.2517973372113238, 0.6343383025943246, 0.3151560850784094]], "lookup_table": [[[4.122095935793947, 1.562332551752891, 4.1063374602132825, 4.590904324804432, 4.7463811126168824, 5.455197029680884, 2.8703843393917565, 0.8146438052825385, 3.9192026013310293, 0.9529052943492308, 1.6068435709322662, 5.153159219590374, 1.6188293101285547, 5.154950372160081, 4.686396737478122, 6.119701389035874, -0.007360551630383989, -0.2174063326911144, -0.6800106036756542, 0.6159212102511915, 0.4196884700493988, 0.2935272038001471, -0.007339852009465012, 0.01048621901077093, 1.2922121899488739, 0.9259631903577195, 0.5758497306612738, 0.7282070427307223, -0.12507331602923363, 0.1266874664897548, 0.07548000337340627, 0.31515608567052916], [3.6520041785924566, 1.4304531838213248, 3.7489574335857125, 4.590904324804432, 4.7463811126168824, 5.455197029680884, 3.2153963472841287, 0.7683259044457252, 4.98497965432265, 0.9529052943492308, 1.6068435709322662, 5.153159219590374, 1.5831834383211163, 4.888718245759668, 4.759768741827393, 6.2831853071796475, -1.7799848739225321, 0.3705230857544953, 2.698899673117297, 0.6159212102511915, 0.4196884700493988, 0.2935272038001471, 0.7943504003753135, -0.15739865282599197, 0.11095443850589798, 0.9259631903577195, 0.5758497306612738, 0.7282070427307223, 0.31594623818388606, -2.0643527020424424, 2.315632047334742, 0.31515608505325365]]]}}