{"iterations": 4000, "returned_params": [[[[]], [[]], [[]], [[]], [[3.8283714143810457, 0.06124056320896419, 0.5563670317114633, 4.590904324804432, 4.7463811126168824, 5.455197029680884, 3.9183614940789555, 0.2797806397494715, 0.19544583699251156, 0.9529052943492308, 1.6068435709322662, 5.153159219590374, 1.5708203702757568, 4.712579042478214, 4.712331852799263, 6.072197124253044]], [[0.0002619390968587776, -0.024859411459527993, -1.4565589425337817, 0.6159212102511915, 0.4196884700493988, 0.2935272038001471, 0.007907977394634913, 0.004325642437208446, 1.513104412118726, 0.9259631903577195, 0.5758497306612738, 0.7282070427307223, 0.9166086526948144, 0.23441258204360146, 0.22754699594829392, 0.315156086920373]]], [[[]], [[]], [[]], [[]], [[4.518507461688686, 0.004031813815661348, 0.7743349547518303, 4.590904324804432, 4.7463811126168824, 5.455197029680884, 3.7451207196895395, 0.46086333693416603, -0.045644673990585506, 0.9529052943492308, 1.6068435709322662, 5.153159219590374, 1.572179110938965, 4.709813976831222, 4.7131036903344325, 6.150246207343738]], [[0.0002619390968587776, -0.024859411459527993, -1.4565589425337817, 0.6159212102511915, 0.4196884700493988, 0.2935272038001471, 0.007907977394634913, 0.004325642437208446, 1.513104412118726, 0.9259631903577195, 0.5758497306612738, 0.7282070427307223, 0.9166086526948144, 0.23441258204360146, 0.22754699594829392, 0.315156086920373]]], [[[]], [[]], [[]], [[]], [[4.518507461688686, 0.004031813815661348, 0.7743349547518303, 4.590904324804432, 4.7463811126168824, 5.455197029680884, 3.7451207196895395, 0.46086333693416603, -0.045644673990585506, 0.9529052943492308, 1.6068435709322662, 5.153159219590374, 1.572179110938965, 4.709813976831222, 4.7131036903344325, 6.150246207343738]], [[0.0002619390968587776, -0.024859411459527993, -1.4565589425337817, 0.6159212102511915, 0.4196884700493988, 0.2935272038001471, 0.007907977394634913, 0.004325642437208446, 1.513104412118726, 0.9259631903577195, 0.5758497306612738, 0.7282070427307223, 0.9166086526948144, 0.23441258204360146, 0.22754699594829392, 0.315156086920373]]]], "final_fidelity": 0.9950735671023436, "final_purity": -1, "optimized_trainable_parameters": {"initial_params": [[], [], [], [], [3.8283714143810457, 0.06124056320896419, 0.5563670317114633, 4.590904324804432, 4.7463811126168824, 5.455197029680884, 3.9183614940789555, 0.2797806397494715, 0.19544583699251156, 0.9529052943492308, 1.6068435709322662, 5.153159219590374, 1.5708203702757568, 4.712579042478214, 4.712331852799263, 6.072197124253044], [0.30129574865164055, 0.3749591623313686, 0.763942777797004, 0.6159212102511915, 0.4196884700493988, 0.2935272038001471, 0.6447665939137264, 0.11488233549248017, 0.020731504539900136, 0.9259631903577195, 0.5758497306612738, 0.7282070427307223, 0.44814957106105124, 0.2517973372113238, 0.6343383025943246, 0.3151560850784094]], "lookup_table": [[[4.518507461688686, 0.004031813815661348, 0.7743349547518303, 4.590904324804432, 4.7463811126168824, 5.455197029680884, 3.7451207196895395, 0.46086333693416603, -0.045644673990585506, 0.9529052943492308, 1.6068435709322662, 5.153159219590374, 1.572179110938965, 4.709813976831222, 4.7131036903344325, 6.150246207343738, 0.0002619390968587776, -0.024859411459527993, -1.4565589425337817, 0.6159212102511915, 0.4196884700493988, 0.2935272038001471, 0.007907977394634913, 0.004325642437208446, 1.513104412118726, 0.9259631903577195, 0.5758497306612738, 0.7282070427307223, 0.9166086526948144, 0.23441258204360146, 0.22754699594829392, 0.315156086920373], [3.927653602656413, 0.6773278190202313, 3.29213642057615, 4.590904324804432, 4.7463811126168824, 5.455197029680884, 3.842959783834764, 1.0375071782669354, 0.4354594860185004, 0.9529052943492308, 1.6068435709322662, 5.153159219590374, 3.0846202028115832, 6.235377675223423, 3.1927585643855405, 6.257214981882943, 0.7179568728883898, -0.0367814153279925, 1.6815160682782038, 0.6159212102511915, 0.4196884700493988, 0.2935272038001471, -0.8759870550272817, -0.9552883535538047, -0.16538195806773479, 0.9259631903577195, 0.5758497306612738, 0.7282070427307223, 1.3943779626076303, -1.4844743840555463, 0.3029218305788453, 0.3151560844207688]]]}}