{"fidelities_each_sample": [0.3782918815035378, 0.4014342394156762, 0.50877301962607, 0.5183495601359892, 0.5428146943746696, 0.5470261903817158, 0.49763604467309897, 0.6371800196065291, 0.5594192910828714, 0.5402629591670888], "average_fidelity": 0.5131187899967248, "training_params": {"N_samples": 10, "N_training_iterations": 4000, "learning_rate": 0.01, "convergence_threshold": 1e-06, "batch_size": 8, "eval_batch_size": 16, "evaluation_time_steps": 100}}