{"iterations": 4000, "returned_params": [[[[]], [[]], [[]], [[]], [[4.589625627972712, 2.448591088783652, 1.7570528441907987, 4.590904324804432, 4.7463811126168824, 5.455197029680884, 2.0867006706319264, 1.230157883193673, 1.2788585527881446, 0.9529052943492308, 1.6068435709322662, 5.153159219590374, 1.5797697843128766, 4.7008743277675045, 4.719906578660553, 6.356302753613707]], [[0.7234284516415164, 0.4704103486733856, 1.0024556693855105, 0.6159212102511915, 0.4196884700493988, 0.2935272038001471, -0.059986036552480415, -0.7910342422395837, -0.13228571438734119, 0.9259631903577195, 0.5758497306612738, 0.7282070427307223, 0.15189918472106806, -0.6276861845970042, 0.03445270065239144, 0.3151560860178771]]], [[[]], [[]], [[]], [[]], [[4.041468125470139, 2.013204896734883, 1.0862891620534458, 4.590904324804432, 4.7463811126168824, 5.455197029680884, 3.111800330391528, 1.774309747620716, 1.9309608383120316, 0.9529052943492308, 1.6068435709322662, 5.153159219590374, 1.569378677294903, 4.712345410518299, 4.711496285060555, 6.222314965144326]], [[0.003364636460214209, -0.009987964205320205, -1.6361696620873714, 0.6159212102511915, 0.4196884700493988, 0.2935272038001471, 0.002152827914432823, -0.003109562652483983, 0.5707293235108002, 0.9259631903577195, 0.5758497306612738, 0.7282070427307223, 0.6363936373035395, 0.20352010167843443, 0.16349596141271242, 0.31515608256792876]]], [[[]], [[]], [[]], [[]], [[5.018217409091425, 2.1973253828811754, 1.5855721169117714, 4.590904324804432, 4.7463811126168824, 5.455197029680884, 2.231825329805974, 0.9947852649110527, 1.005111544738598, 0.9529052943492308, 1.6068435709322662, 5.153159219590374, 1.5702794393796848, 4.713958502569661, 4.714594586028229, 6.333135904556163]], [[0.7234284516415164, 0.4704103486733856, 1.0024556693855105, 0.6159212102511915, 0.4196884700493988, 0.2935272038001471, -0.059986036552480415, -0.7910342422395837, -0.13228571438734119, 0.9259631903577195, 0.5758497306612738, 0.7282070427307223, 0.15189918472106806, -0.6276861845970042, 0.03445270065239144, 0.3151560860178771]]]], "final_fidelity": 0.5041268868718815, "final_purity": -1, "optimized_trainable_parameters": {"initial_params": [[], [], [], [], [4.589625627972712, 2.448591088783652, 1.7570528441907987, 4.590904324804432, 4.7463811126168824, 5.455197029680884, 2.0867006706319264, 1.230157883193673, 1.2788585527881446, 0.9529052943492308, 1.6068435709322662, 5.153159219590374, 1.5797697843128766, 4.7008743277675045, 4.719906578660553, 6.356302753613707], [0.30129574865164055, 0.3749591623313686, 0.763942777797004, 0.6159212102511915, 0.4196884700493988, 0.2935272038001471, 0.6447665939137264, 0.11488233549248017, 0.020731504539900136, 0.9259631903577195, 0.5758497306612738, 0.7282070427307223, 0.44814957106105124, 0.2517973372113238, 0.6343383025943246, 0.3151560850784094]], "lookup_table": [[[5.018217409091425, 2.1973253828811754, 1.5855721169117714, 4.590904324804432, 4.7463811126168824, 5.455197029680884, 2.231825329805974, 0.9947852649110527, 1.005111544738598, 0.9529052943492308, 1.6068435709322662, 5.153159219590374, 1.5702794393796848, 4.713958502569661, 4.714594586028229, 6.333135904556163, 0.003364636460214209, -0.009987964205320205, -1.6361696620873714, 0.6159212102511915, 0.4196884700493988, 0.2935272038001471, 0.002152827914432823, -0.003109562652483983, 0.5707293235108002, 0.9259631903577195, 0.5758497306612738, 0.7282070427307223, 0.6363936373035395, 0.20352010167843443, 0.16349596141271242, 0.31515608256792876], [4.041468125470139, 2.013204896734883, 1.0862891620534458, 4.590904324804432, 4.7463811126168824, 5.455197029680884, 3.111800330391528, 1.774309747620716, 1.9309608383120316, 0.9529052943492308, 1.6068435709322662, 5.153159219590374, 1.569378677294903, 4.712345410518299, 4.711496285060555, 6.222314965144326, 0.7234284516415164, 0.4704103486733856, 1.0024556693855105, 0.6159212102511915, 0.4196884700493988, 0.2935272038001471, -0.059986036552480415, -0.7910342422395837, -0.13228571438734119, 0.9259631903577195, 0.5758497306612738, 0.7282070427307223, 0.15189918472106806, -0.6276861845970042, 0.03445270065239144, 0.3151560860178771]]]}}