{"fidelities_each_sample": [0.5188784948003071, 0.4081280068349612, 0.47391601572117614, 0.5088059831687132, 0.536746061712951, 0.5582295407586306, 0.4730184550445537, 0.5340402197823363, 0.5230794628012196, 0.49198172472794366], "average_fidelity": 0.5026823965352792, "training_params": {"N_samples": 10, "N_training_iterations": 4000, "learning_rate": 0.01, "convergence_threshold": 1e-06, "batch_size": 8, "eval_batch_size": 16, "evaluation_time_steps": 100}}