{"iterations": 4000, "returned_params": [[[[]], [[]], [[]], [[]], [[3.860561597999062, 0.09069598993591962, 0.022771765449695898, 4.590904324804432, 4.7463811126168824, 5.455197029680884, 3.570548446263978, -0.051406605930391834, -0.036545289764711004, 0.9529052943492308, 1.6068435709322662, 5.153159219590374, 1.5705355359579516, 4.712416218617555, 4.71226269735556, 6.2098824477455965]], [[-0.00043783781387169275, 0.0036058388232366404, -1.122294514737334, 0.6159212102511915, 0.4196884700493988, 0.2935272038001471, -0.004596119069794811, -0.0044774478187701765, 0.6771970046112983, 0.9259631903577195, 0.5758497306612738, 0.7282070427307223, 1.24338937298607, -0.034775322303924494, -0.06351619659139315, 0.315156086339935]]], [[[]], [[]], [[]], [[]], [[3.503959815758619, 0.035022690922513866, 0.1153347087156113, 4.590904324804432, 4.7463811126168824, 5.455197029680884, 3.6040542926077808, -0.030630351492403257, 0.0014790608840695371, 0.9529052943492308, 1.6068435709322662, 5.153159219590374, 1.571854390808087, 4.711480984647551, 4.712397529235363, 6.229187762256724]], [[-0.00043783781387169275, 0.0036058388232366404, -1.122294514737334, 0.6159212102511915, 0.4196884700493988, 0.2935272038001471, -0.004596119069794811, -0.0044774478187701765, 0.6771970046112983, 0.9259631903577195, 0.5758497306612738, 0.7282070427307223, 1.24338937298607, -0.034775322303924494, -0.06351619659139315, 0.315156086339935]]], [[[]], [[]], [[]], [[]], [[3.503959815758619, 0.035022690922513866, 0.1153347087156113, 4.590904324804432, 4.7463811126168824, 5.455197029680884, 3.6040542926077808, -0.030630351492403257, 0.0014790608840695371, 0.9529052943492308, 1.6068435709322662, 5.153159219590374, 1.571854390808087, 4.711480984647551, 4.712397529235363, 6.229187762256724]], [[-0.00043783781387169275, 0.0036058388232366404, -1.122294514737334, 0.6159212102511915, 0.4196884700493988, 0.2935272038001471, -0.004596119069794811, -0.0044774478187701765, 0.6771970046112983, 0.9259631903577195, 0.5758497306612738, 0.7282070427307223, 1.24338937298607, -0.034775322303924494, -0.06351619659139315, 0.315156086339935]]]], "final_fidelity": 0.9889136685452192, "final_purity": -1, "optimized_trainable_parameters": {"initial_params": [[], [], [], [], [3.860561597999062, 0.09069598993591962, 0.022771765449695898, 4.590904324804432, 4.7463811126168824, 5.455197029680884, 3.570548446263978, -0.051406605930391834, -0.036545289764711004, 0.9529052943492308, 1.6068435709322662, 5.153159219590374, 1.5705355359579516, 4.712416218617555, 4.71226269735556, 6.2098824477455965], [0.30129574865164055, 0.3749591623313686, 0.763942777797004, 0.6159212102511915, 0.4196884700493988, 0.2935272038001471, 0.6447665939137264, 0.11488233549248017, 0.020731504539900136, 0.9259631903577195, 0.5758497306612738, 0.7282070427307223, 0.44814957106105124, 0.2517973372113238, 0.6343383025943246, 0.3151560850784094]], "lookup_table": [[[3.503959815758619, 0.035022690922513866, 0.1153347087156113, 4.590904324804432, 4.7463811126168824, 5.455197029680884, 3.6040542926077808, -0.030630351492403257, 0.0014790608840695371, 0.9529052943492308, 1.6068435709322662, 5.153159219590374, 1.571854390808087, 4.711480984647551, 4.712397529235363, 6.229187762256724, -0.00043783781387169275, 0.0036058388232366404, -1.122294514737334, 0.6159212102511915, 0.4196884700493988, 0.2935272038001471, -0.004596119069794811, -0.0044774478187701765, 0.6771970046112983, 0.9259631903577195, 0.5758497306612738, 0.7282070427307223, 1.24338937298607, -0.034775322303924494, -0.06351619659139315, 0.315156086339935], [3.3940269322956884, -1.3438648245501499, 5.756248374957097, 4.590904324804432, 4.7463811126168824, 5.455197029680884, 2.9095431385934, 2.8675172910201967, -1.3656386234779836, 0.9529052943492308, 1.6068435709322662, 5.153159219590374, 1.5652390191004881, 4.939038425807386, 4.701546964268978, 6.247793186762085, 0.5715760937877314, 0.01876191332651738, 0.5910010191058025, 0.6159212102511915, 0.4196884700493988, 0.2935272038001471, -0.2848003241207912, -0.9226936677339097, -0.7867599351039919, 0.9259631903577195, 0.5758497306612738, 0.7282070427307223, 0.7799407004197417, -0.806525077533917, -0.1659909165517241, 0.3151560838754441]]]}}