{"fidelities_each_sample": [0.4900167094668512, 0.3975104201416309, 0.49476630255382636, 0.50789765878507, 0.5398748108149094, 0.5421576407769308, 0.4727855448055759, 0.5959665590219284, 0.517312379729401, 0.4968344736462666], "average_fidelity": 0.5055122499742392, "training_params": {"N_samples": 10, "N_training_iterations": 4000, "learning_rate": 0.01, "convergence_threshold": 1e-06, "batch_size": 8, "eval_batch_size": 16, "evaluation_time_steps": 100}}