{"fidelities_each_sample": [0.5522798858128882, 0.40940381605546167, 0.4382771838538138, 0.369006086955106, 0.6185686043998748, 0.5094886726841531, 0.4345528262403656, 0.4767972549252341, 0.3875787678110445, 0.4231334445319666], "average_fidelity": 0.46190865432699085, "training_params": {"N_samples": 10, "N_training_iterations": 4000, "learning_rate": 0.01, "convergence_threshold": 1e-06, "batch_size": 8, "eval_batch_size": 16, "evaluation_time_steps": 100}}