{"iterations": 4000, "returned_params": [[[[]], [[]], [[]], [[]], [[4.252576251556031, 1.8848357300723517, 0.7378052432254213, 4.590904324804432, 4.7463811126168824, 5.455197029680884, 2.5749621851396967, 2.254050025739593, 1.9791922903503651, 0.9529052943492308, 1.6068435709322662, 5.153159219590374, 1.5520011889086525, 4.779471737210456, 4.711306673570707, 6.283185309922025]], [[-0.5132327058437302, 0.897406916688114, 2.1358892143416415, 0.6159212102511915, 0.4196884700493988, 0.2935272038001471, 1.3710921623837478, 0.8477420343337582, 0.8492860237605975, 0.9259631903577195, 0.5758497306612738, 0.7282070427307223, 0.9022357017020279, -1.7440084440935053, 2.3891461390800544, 0.31515608251679006]]], [[[]], [[]], [[]], [[]], [[3.9136740302576376, 0.9883813635587553, 0.5733223824856247, 4.590904324804432, 4.7463811126168824, 5.455197029680884, 3.339971659120556, 2.1385095568193533, 1.7375300844867736, 0.9529052943492308, 1.6068435709322662, 5.153159219590374, 1.5684227742916699, 4.882156898146661, 4.687454654940848, 6.149862975552979]], [[-0.008399948198435491, -0.034408117695419765, -1.2552835156099258, 0.6159212102511915, 0.4196884700493988, 0.2935272038001471, 0.0015246938772373808, 0.046546640182251596, 0.8252653936338065, 0.9259631903577195, 0.5758497306612738, 0.7282070427307223, 2.0338392002121903, 0.054016440852411626, 0.05771468808514233, 0.31515608502215087]]], [[[]], [[]], [[]], [[]], [[4.169374051773721, 1.7599529019724651, 0.6743756186013623, 4.590904324804432, 4.7463811126168824, 5.455197029680884, 2.739913190949553, 2.243307520836468, 2.1132356212572554, 0.9529052943492308, 1.6068435709322662, 5.153159219590374, 1.5682741392797297, 4.806051998728993, 4.702033634058631, 6.147948090509949]], [[-0.5132327058437302, 0.897406916688114, 2.1358892143416415, 0.6159212102511915, 0.4196884700493988, 0.2935272038001471, 1.3710921623837478, 0.8477420343337582, 0.8492860237605975, 0.9259631903577195, 0.5758497306612738, 0.7282070427307223, 0.9022357017020279, -1.7440084440935053, 2.3891461390800544, 0.31515608251679006]]]], "final_fidelity": 0.23183643610093513, "final_purity": -1, "optimized_trainable_parameters": {"initial_params": [[], [], [], [], [4.252576251556031, 1.8848357300723517, 0.7378052432254213, 4.590904324804432, 4.7463811126168824, 5.455197029680884, 2.5749621851396967, 2.254050025739593, 1.9791922903503651, 0.9529052943492308, 1.6068435709322662, 5.153159219590374, 1.5520011889086525, 4.779471737210456, 4.711306673570707, 6.283185309922025], [0.30129574865164055, 0.3749591623313686, 0.763942777797004, 0.6159212102511915, 0.4196884700493988, 0.2935272038001471, 0.6447665939137264, 0.11488233549248017, 0.020731504539900136, 0.9259631903577195, 0.5758497306612738, 0.7282070427307223, 0.44814957106105124, 0.2517973372113238, 0.6343383025943246, 0.3151560850784094]], "lookup_table": [[[4.169374051773721, 1.7599529019724651, 0.6743756186013623, 4.590904324804432, 4.7463811126168824, 5.455197029680884, 2.739913190949553, 2.243307520836468, 2.1132356212572554, 0.9529052943492308, 1.6068435709322662, 5.153159219590374, 1.5682741392797297, 4.806051998728993, 4.702033634058631, 6.147948090509949, -0.008399948198435491, -0.034408117695419765, -1.2552835156099258, 0.6159212102511915, 0.4196884700493988, 0.2935272038001471, 0.0015246938772373808, 0.046546640182251596, 0.8252653936338065, 0.9259631903577195, 0.5758497306612738, 0.7282070427307223, 2.0338392002121903, 0.054016440852411626, 0.05771468808514233, 0.31515608502215087], [3.9136740302576376, 0.9883813635587553, 0.5733223824856247, 4.590904324804432, 4.7463811126168824, 5.455197029680884, 3.339971659120556, 2.1385095568193533, 1.7375300844867736, 0.9529052943492308, 1.6068435709322662, 5.153159219590374, 1.5684227742916699, 4.882156898146661, 4.687454654940848, 6.149862975552979, -0.5132327058437302, 0.897406916688114, 2.1358892143416415, 0.6159212102511915, 0.4196884700493988, 0.2935272038001471, 1.3710921623837478, 0.8477420343337582, 0.8492860237605975, 0.9259631903577195, 0.5758497306612738, 0.7282070427307223, 0.9022357017020279, -1.7440084440935053, 2.3891461390800544, 0.31515608251679006]]]}}