{"fidelities_each_sample": [0.43161340912907953, 0.4091061894234627, 0.4603703719313236, 0.3792559948277629, 0.5670095771160625, 0.47172301546677253, 0.45615368036647125, 0.6878641750447217, 0.367549043408742, 0.39633659974365965], "average_fidelity": 0.4626982056458059, "training_params": {"N_samples": 10, "N_training_iterations": 4000, "learning_rate": 0.01, "convergence_threshold": 1e-06, "batch_size": 8, "eval_batch_size": 16, "evaluation_time_steps": 100}}