{"fidelities_each_sample": [0.5754952211044729, 0.4130629662113785, 0.6305400115828195, 0.511116074973105, 0.46078711798878547, 0.5452987752617177, 0.5100549618887478, 0.612957210529574, 0.5178318405734741, 0.52769824608516], "average_fidelity": 0.5304842426199236, "training_params": {"N_samples": 10, "N_training_iterations": 4000, "learning_rate": 0.01, "convergence_threshold": 1e-06, "batch_size": 8, "eval_batch_size": 16, "evaluation_time_steps": 100}}