{"iterations": 4000, "returned_params": [[[[]], [[]], [[]], [[]], [[2.5487215922668294, 0.9462521484805113, 3.8706126827982263, 2.464197245320242, 1.3464879368832778, 0.2283443788832857, 2.366284856961533, 5.500765747837424, 5.858127959193719, 1.7996173951489511, 3.9268739121436997, 1.8730089684078852, 4.78463649323952, 1.574807213854286, 4.701907761114388, 3.1387650550437765]], [[0.9513515162484558, 0.8343549201218741, 0.414493093554244, 0.06579047500964585, 0.7343885662362071, 0.16589765826427527, 0.22396671082592917, -0.0017994661379136516, 1.226519494178085, 0.6082244158683054, 0.22453008519537865, 0.7945996588739412, -0.6093632641685564, -0.14606326749041001, -0.0939317498715809, 0.7434108310224189]]], [[[]], [[]], [[]], [[]], [[1.5026180021732183, 1.4520660775951004, 3.0970590945220655, 2.464197245320242, 1.3464879368832778, 0.2283443788832857, 2.1753633498492526, 5.8128325916083945, 4.807852238664926, 1.7996173951489511, 3.9268739121436997, 1.8730089684078852, 5.555976991289103, 1.5759020396945929, 4.731914510266374, 3.1408773138091752]], [[-0.00998583774250126, 0.009499216488801669, 2.1098303531301243, 0.06579047500964585, 0.7343885662362071, 0.16589765826427527, 0.008790121449609039, 0.016471118753898333, 2.4743119724734473, 0.6082244158683054, 0.22453008519537865, 0.7945996588739412, 0.28091644336722793, 0.5916400141479786, 0.572424427049126, 0.7434108299920188]]], [[[]], [[]], [[]], [[]], [[2.767046192471785, 0.8790113291069607, 3.7483502344690005, 2.464197245320242, 1.3464879368832778, 0.2283443788832857, 2.2717749856735305, 5.286912390565604, 6.372119324515927, 1.7996173951489511, 3.9268739121436997, 1.8730089684078852, 4.715542048827846, 1.572339204452588, 4.71245232648454, 3.080373910685969]], [[0.9513515162484558, 0.8343549201218741, 0.414493093554244, 0.06579047500964585, 0.7343885662362071, 0.16589765826427527, 0.22396671082592917, -0.0017994661379136516, 1.226519494178085, 0.6082244158683054, 0.22453008519537865, 0.7945996588739412, -0.6093632641685564, -0.14606326749041001, -0.0939317498715809, 0.7434108310224189]]]], "final_fidelity": 0.31680904907126567, "final_purity": -1, "optimized_trainable_parameters": {"initial_params": [[], [], [], [], [2.5487215922668294, 0.9462521484805113, 3.8706126827982263, 2.464197245320242, 1.3464879368832778, 0.2283443788832857, 2.366284856961533, 5.500765747837424, 5.858127959193719, 1.7996173951489511, 3.9268739121436997, 1.8730089684078852, 4.78463649323952, 1.574807213854286, 4.701907761114388, 3.1387650550437765], [0.27267760687984977, 0.8281374944493647, 0.9315195864454022, 0.06579047500964585, 0.7343885662362071, 0.16589765826427527, 0.2974348358082304, 0.21847992517051118, 0.6977989160488334, 0.6082244158683054, 0.22453008519537865, 0.7945996588739412, 0.8069153509706508, 0.6420307657860682, 0.6157779230836555, 0.7434108295666451]], "lookup_table": [[[2.767046192471785, 0.8790113291069607, 3.7483502344690005, 2.464197245320242, 1.3464879368832778, 0.2283443788832857, 2.2717749856735305, 5.286912390565604, 6.372119324515927, 1.7996173951489511, 3.9268739121436997, 1.8730089684078852, 4.715542048827846, 1.572339204452588, 4.71245232648454, 3.080373910685969, -0.00998583774250126, 0.009499216488801669, 2.1098303531301243, 0.06579047500964585, 0.7343885662362071, 0.16589765826427527, 0.008790121449609039, 0.016471118753898333, 2.4743119724734473, 0.6082244158683054, 0.22453008519537865, 0.7945996588739412, 0.28091644336722793, 0.5916400141479786, 0.572424427049126, 0.7434108299920188], [1.5026180021732183, 1.4520660775951004, 3.0970590945220655, 2.464197245320242, 1.3464879368832778, 0.2283443788832857, 2.1753633498492526, 5.8128325916083945, 4.807852238664926, 1.7996173951489511, 3.9268739121436997, 1.8730089684078852, 5.555976991289103, 1.5759020396945929, 4.731914510266374, 3.1408773138091752, 0.9513515162484558, 0.8343549201218741, 0.414493093554244, 0.06579047500964585, 0.7343885662362071, 0.16589765826427527, 0.22396671082592917, -0.0017994661379136516, 1.226519494178085, 0.6082244158683054, 0.22453008519537865, 0.7945996588739412, -0.6093632641685564, -0.14606326749041001, -0.0939317498715809, 0.7434108310224189]]]}}