{"fidelities_each_sample": [0.41901961976184615, 0.4118137189496013, 0.4371016307785074, 0.38717403935443173, 0.6430052110614486, 0.4421655075398221, 0.46594983265339746, 0.49873664205435975, 0.3877264935724088, 0.3715841174794337], "average_fidelity": 0.4464276813205257, "training_params": {"N_samples": 10, "N_training_iterations": 4000, "learning_rate": 0.01, "convergence_threshold": 1e-06, "batch_size": 8, "eval_batch_size": 16, "evaluation_time_steps": 100}}