{"fidelities_each_sample": [0.4989697538397174, 0.41896852843635646, 0.5448584806731194, 0.46227635278856005, 0.4967394652218697, 0.4932707783044974, 0.46315533781164137, 0.6188483020021288, 0.47142133664452374, 0.48041395911511464], "average_fidelity": 0.4948922294837529, "training_params": {"N_samples": 10, "N_training_iterations": 4000, "learning_rate": 0.01, "convergence_threshold": 1e-06, "batch_size": 8, "eval_batch_size": 16, "evaluation_time_steps": 100}}