{"iterations": 4000, "returned_params": [[[[]], [[]], [[]], [[]], [[4.328705119554782, 2.1153941513973886, 1.0042630278249567, 4.590904324804432, 4.7463811126168824, 5.455197029680884, 2.486896431278361, 1.9660250294478268, 1.9591891971442807, 0.9529052943492308, 1.6068435709322662, 5.153159219590374, 1.5485784473145772, 4.744056195642038, 4.706942260832289, 6.257277064378516]], [[-0.9805782830056938, 0.7949495957693384, 2.1951887645419665, 0.6159212102511915, 0.4196884700493988, 0.2935272038001471, 1.0954343271404303, 0.6879294971523215, 1.088300756670594, 0.9259631903577195, 0.5758497306612738, 0.7282070427307223, 0.867675619558303, -2.0691318977097533, 2.700591835107692, 0.3151560871959947]]], [[[]], [[]], [[]], [[]], [[3.979984179145355, 1.2939540428283085, 1.2001711384397338, 4.590904324804432, 4.7463811126168824, 5.455197029680884, 3.1876230142066566, 1.748942061466579, 1.5369077734439445, 0.9529052943492308, 1.6068435709322662, 5.153159219590374, 1.5665669838143539, 4.845606236008923, 4.696245197455856, 6.132335493406644]], [[-0.007984745116096223, -0.019787630363295103, -1.4322640342405477, 0.6159212102511915, 0.4196884700493988, 0.2935272038001471, -0.011505183180351297, 0.0034081329951646403, 0.7577527929616673, 0.9259631903577195, 0.5758497306612738, 0.7282070427307223, 0.7190678853347716, 0.37102795566083796, 0.36098634022683657, 0.3151560832592039]]], [[[]], [[]], [[]], [[]], [[3.9900288421267818, 0.8766924509400299, 1.4380729400625645, 4.590904324804432, 4.7463811126168824, 5.455197029680884, 3.9036810949920593, 0.8546639667766835, 0.3762519399286634, 0.9529052943492308, 1.6068435709322662, 5.153159219590374, 1.5690215073829594, 4.717497170306859, 4.71339658093491, 6.103876910458466]], [[-0.9805782830056938, 0.7949495957693384, 2.1951887645419665, 0.6159212102511915, 0.4196884700493988, 0.2935272038001471, 1.0954343271404303, 0.6879294971523215, 1.088300756670594, 0.9259631903577195, 0.5758497306612738, 0.7282070427307223, 0.867675619558303, -2.0691318977097533, 2.700591835107692, 0.3151560871959947]]]], "final_fidelity": 0.21557668865015256, "final_purity": -1, "optimized_trainable_parameters": {"initial_params": [[], [], [], [], [4.328705119554782, 2.1153941513973886, 1.0042630278249567, 4.590904324804432, 4.7463811126168824, 5.455197029680884, 2.486896431278361, 1.9660250294478268, 1.9591891971442807, 0.9529052943492308, 1.6068435709322662, 5.153159219590374, 1.5485784473145772, 4.744056195642038, 4.706942260832289, 6.257277064378516], [0.30129574865164055, 0.3749591623313686, 0.763942777797004, 0.6159212102511915, 0.4196884700493988, 0.2935272038001471, 0.6447665939137264, 0.11488233549248017, 0.020731504539900136, 0.9259631903577195, 0.5758497306612738, 0.7282070427307223, 0.44814957106105124, 0.2517973372113238, 0.6343383025943246, 0.3151560850784094]], "lookup_table": [[[3.9900288421267818, 0.8766924509400299, 1.4380729400625645, 4.590904324804432, 4.7463811126168824, 5.455197029680884, 3.9036810949920593, 0.8546639667766835, 0.3762519399286634, 0.9529052943492308, 1.6068435709322662, 5.153159219590374, 1.5690215073829594, 4.717497170306859, 4.71339658093491, 6.103876910458466, -0.007984745116096223, -0.019787630363295103, -1.4322640342405477, 0.6159212102511915, 0.4196884700493988, 0.2935272038001471, -0.011505183180351297, 0.0034081329951646403, 0.7577527929616673, 0.9259631903577195, 0.5758497306612738, 0.7282070427307223, 0.7190678853347716, 0.37102795566083796, 0.36098634022683657, 0.3151560832592039], [3.979984179145355, 1.2939540428283085, 1.2001711384397338, 4.590904324804432, 4.7463811126168824, 5.455197029680884, 3.1876230142066566, 1.748942061466579, 1.5369077734439445, 0.9529052943492308, 1.6068435709322662, 5.153159219590374, 1.5665669838143539, 4.845606236008923, 4.696245197455856, 6.132335493406644, -0.9805782830056938, 0.7949495957693384, 2.1951887645419665, 0.6159212102511915, 0.4196884700493988, 0.2935272038001471, 1.0954343271404303, 0.6879294971523215, 1.088300756670594, 0.9259631903577195, 0.5758497306612738, 0.7282070427307223, 0.867675619558303, -2.0691318977097533, 2.700591835107692, 0.3151560871959947]]]}}