{"iterations": 4000, "returned_params": [[[[]], [[]], [[]], [[]], [[4.658192803191495, 2.4298038694334765, 1.7032618386133518, 4.590904324804432, 4.7463811126168824, 5.455197029680884, 2.0878875701360253, 1.157285092216387, 1.1744387666753036, 0.9529052943492308, 1.6068435709322662, 5.153159219590374, 1.5766992824708173, 4.714689323032994, 4.719542283855699, 6.198845939266368]], [[0.00450316557766659, -0.012374024259609437, -1.658186142580612, 0.6159212102511915, 0.4196884700493988, 0.2935272038001471, -0.003021486366498739, -0.0049881820307627785, 0.5633156192690504, 0.9259631903577195, 0.5758497306612738, 0.7282070427307223, 0.995063268498345, 0.19569892248403353, 0.15715289490248407, 0.31515608546030904]]], [[[]], [[]], [[]], [[]], [[5.174073635583235, 1.7216458591245805, 1.2879425707229084, 4.590904324804432, 4.7463811126168824, 5.455197029680884, 2.664778957825859, 1.1725938111341176, 1.0928994182432434, 0.9529052943492308, 1.6068435709322662, 5.153159219590374, 1.5704954190980125, 4.710704593899299, 4.711248561337599, 6.347772065575654]], [[0.00450316557766659, -0.012374024259609437, -1.658186142580612, 0.6159212102511915, 0.4196884700493988, 0.2935272038001471, -0.003021486366498739, -0.0049881820307627785, 0.5633156192690504, 0.9259631903577195, 0.5758497306612738, 0.7282070427307223, 0.995063268498345, 0.19569892248403353, 0.15715289490248407, 0.31515608546030904]]], [[[]], [[]], [[]], [[]], [[5.174073635583235, 1.7216458591245805, 1.2879425707229084, 4.590904324804432, 4.7463811126168824, 5.455197029680884, 2.664778957825859, 1.1725938111341176, 1.0928994182432434, 0.9529052943492308, 1.6068435709322662, 5.153159219590374, 1.5704954190980125, 4.710704593899299, 4.711248561337599, 6.347772065575654]], [[0.00450316557766659, -0.012374024259609437, -1.658186142580612, 0.6159212102511915, 0.4196884700493988, 0.2935272038001471, -0.003021486366498739, -0.0049881820307627785, 0.5633156192690504, 0.9259631903577195, 0.5758497306612738, 0.7282070427307223, 0.995063268498345, 0.19569892248403353, 0.15715289490248407, 0.31515608546030904]]]], "final_fidelity": 0.989699743378758, "final_purity": -1, "optimized_trainable_parameters": {"initial_params": [[], [], [], [], [4.658192803191495, 2.4298038694334765, 1.7032618386133518, 4.590904324804432, 4.7463811126168824, 5.455197029680884, 2.0878875701360253, 1.157285092216387, 1.1744387666753036, 0.9529052943492308, 1.6068435709322662, 5.153159219590374, 1.5766992824708173, 4.714689323032994, 4.719542283855699, 6.198845939266368], [0.30129574865164055, 0.3749591623313686, 0.763942777797004, 0.6159212102511915, 0.4196884700493988, 0.2935272038001471, 0.6447665939137264, 0.11488233549248017, 0.020731504539900136, 0.9259631903577195, 0.5758497306612738, 0.7282070427307223, 0.44814957106105124, 0.2517973372113238, 0.6343383025943246, 0.3151560850784094]], "lookup_table": [[[5.174073635583235, 1.7216458591245805, 1.2879425707229084, 4.590904324804432, 4.7463811126168824, 5.455197029680884, 2.664778957825859, 1.1725938111341176, 1.0928994182432434, 0.9529052943492308, 1.6068435709322662, 5.153159219590374, 1.5704954190980125, 4.710704593899299, 4.711248561337599, 6.347772065575654, 0.00450316557766659, -0.012374024259609437, -1.658186142580612, 0.6159212102511915, 0.4196884700493988, 0.2935272038001471, -0.003021486366498739, -0.0049881820307627785, 0.5633156192690504, 0.9259631903577195, 0.5758497306612738, 0.7282070427307223, 0.995063268498345, 0.19569892248403353, 0.15715289490248407, 0.31515608546030904], [3.6821126618899402, 2.5965461322368317, 1.5486506709632037, 4.590904324804432, 4.7463811126168824, 5.455197029680884, 3.085090261189247, 1.4192288687737653, 2.10908587059719, 0.9529052943492308, 1.6068435709322662, 5.153159219590374, 1.5702649599495762, 4.71478724653858, 4.707544555309585, 6.2184116401583225, 0.874981834197627, 0.47837264159467047, 1.119520982688405, 0.6159212102511915, 0.4196884700493988, 0.2935272038001471, -0.1874693930251383, -0.7250446994669478, -0.13570111788421407, 0.9259631903577195, 0.5758497306612738, 0.7282070427307223, 0.1460717609802157, -0.6781664775825847, -0.009787780777800075, 0.31515608463277917]]]}}