{"iterations": 4000, "returned_params": [[[[]], [[]], [[]], [[]], [[4.256323100194228, 2.0112719587353194, 1.0266704392561263, 4.590904324804432, 4.7463811126168824, 5.455197029680884, 2.5416135664379427, 2.160160686529061, 1.970225484100911, 0.9529052943492308, 1.6068435709322662, 5.153159219590374, 1.5688398178538907, 4.807625175113455, 4.717201888637912, 6.278155401657894]], [[-0.6338239393791039, 0.8021796600436011, 1.9628299844174846, 0.6159212102511915, 0.4196884700493988, 0.2935272038001471, 1.420549716567001, 0.8314118242176242, 0.8470183611786138, 0.9259631903577195, 0.5758497306612738, 0.7282070427307223, 1.0315450652083547, -1.680411791467682, 2.366488725671848, 0.3151560850217187]]], [[[]], [[]], [[]], [[]], [[3.8171156690439814, 0.8723997726360746, 0.7841855184693484, 4.590904324804432, 4.7463811126168824, 5.455197029680884, 3.3829751786833997, 2.1295992254801543, 1.6878184918149353, 0.9529052943492308, 1.6068435709322662, 5.153159219590374, 1.5668473857874146, 4.9859266346630005, 4.644359778882607, 6.098062936818274]], [[-0.008219676184547919, -0.05553137607412434, -1.328309001378646, 0.6159212102511915, 0.4196884700493988, 0.2935272038001471, -0.0007817201895716434, 0.06302214002648462, 0.9639552710580634, 0.9259631903577195, 0.5758497306612738, 0.7282070427307223, 1.9127753946508226, 0.0609991869232556, 0.06997989179586461, 0.31515608503830317]]], [[[]], [[]], [[]], [[]], [[4.06276376626954, 1.6848405164959337, 0.8302300863435212, 4.590904324804432, 4.7463811126168824, 5.455197029680884, 2.8585082794698295, 2.2130571770375145, 2.191431109822393, 0.9529052943492308, 1.6068435709322662, 5.153159219590374, 1.566698085960583, 4.885549272639269, 4.686396136830671, 6.071076823476449]], [[-0.6338239393791039, 0.8021796600436011, 1.9628299844174846, 0.6159212102511915, 0.4196884700493988, 0.2935272038001471, 1.420549716567001, 0.8314118242176242, 0.8470183611786138, 0.9259631903577195, 0.5758497306612738, 0.7282070427307223, 1.0315450652083547, -1.680411791467682, 2.366488725671848, 0.3151560850217187]]]], "final_fidelity": 0.25563996715449266, "final_purity": -1, "optimized_trainable_parameters": {"initial_params": [[], [], [], [], [4.256323100194228, 2.0112719587353194, 1.0266704392561263, 4.590904324804432, 4.7463811126168824, 5.455197029680884, 2.5416135664379427, 2.160160686529061, 1.970225484100911, 0.9529052943492308, 1.6068435709322662, 5.153159219590374, 1.5688398178538907, 4.807625175113455, 4.717201888637912, 6.278155401657894], [0.30129574865164055, 0.3749591623313686, 0.763942777797004, 0.6159212102511915, 0.4196884700493988, 0.2935272038001471, 0.6447665939137264, 0.11488233549248017, 0.020731504539900136, 0.9259631903577195, 0.5758497306612738, 0.7282070427307223, 0.44814957106105124, 0.2517973372113238, 0.6343383025943246, 0.3151560850784094]], "lookup_table": [[[4.06276376626954, 1.6848405164959337, 0.8302300863435212, 4.590904324804432, 4.7463811126168824, 5.455197029680884, 2.8585082794698295, 2.2130571770375145, 2.191431109822393, 0.9529052943492308, 1.6068435709322662, 5.153159219590374, 1.566698085960583, 4.885549272639269, 4.686396136830671, 6.071076823476449, -0.008219676184547919, -0.05553137607412434, -1.328309001378646, 0.6159212102511915, 0.4196884700493988, 0.2935272038001471, -0.0007817201895716434, 0.06302214002648462, 0.9639552710580634, 0.9259631903577195, 0.5758497306612738, 0.7282070427307223, 1.9127753946508226, 0.0609991869232556, 0.06997989179586461, 0.31515608503830317], [3.8171156690439814, 0.8723997726360746, 0.7841855184693484, 4.590904324804432, 4.7463811126168824, 5.455197029680884, 3.3829751786833997, 2.1295992254801543, 1.6878184918149353, 0.9529052943492308, 1.6068435709322662, 5.153159219590374, 1.5668473857874146, 4.9859266346630005, 4.644359778882607, 6.098062936818274, -0.6338239393791039, 0.8021796600436011, 1.9628299844174846, 0.6159212102511915, 0.4196884700493988, 0.2935272038001471, 1.420549716567001, 0.8314118242176242, 0.8470183611786138, 0.9259631903577195, 0.5758497306612738, 0.7282070427307223, 1.0315450652083547, -1.680411791467682, 2.366488725671848, 0.3151560850217187]]]}}