{"fidelities_each_sample": [0.513370144135644, 0.4140315559024794, 0.46532044916628207, 0.37921194184198137, 0.5958538246929526, 0.47351391658661535, 0.4608896750256477, 0.7251138308070472, 0.38614476205846204, 0.4151579837605131], "average_fidelity": 0.48286080839776246, "training_params": {"N_samples": 10, "N_training_iterations": 4000, "learning_rate": 0.01, "convergence_threshold": 1e-06, "batch_size": 8, "eval_batch_size": 16, "evaluation_time_steps": 100}}