{"iterations": 4000, "returned_params": [[[[]], [[]], [[]], [[]], [[4.284833977049832, 1.7123863763538807, 0.5455737266428263, 4.590904324804432, 4.7463811126168824, 5.455197029680884, 2.5983522771133494, 2.27372682149676, 1.985295043325577, 0.9529052943492308, 1.6068435709322662, 5.153159219590374, 1.5350055255254822, 4.73952842536341, 4.698800795550202, 6.2795778275455065]], [[-0.3378089297487849, 1.0019986079577627, 2.376633819253327, 0.6159212102511915, 0.4196884700493988, 0.2935272038001471, 1.2017111290412552, 0.8244427209342364, 0.6684317474345594, 0.9259631903577195, 0.5758497306612738, 0.7282070427307223, 0.8384215954448446, -2.0469850137379257, 2.5239868543971684, 0.31515608565159]]], [[[]], [[]], [[]], [[]], [[3.986131665028818, 1.041313526281648, 0.2612282326314174, 4.590904324804432, 4.7463811126168824, 5.455197029680884, 3.2966245186069103, 2.198819657111818, 1.7831837354879392, 0.9529052943492308, 1.6068435709322662, 5.153159219590374, 1.567799341338595, 4.853786351983155, 4.706503437506975, 6.188510616382598]], [[-0.011618883819913318, -0.008398517135482744, -1.086983862539061, 0.6159212102511915, 0.4196884700493988, 0.2935272038001471, 0.0010951152096037183, 0.028044672938287628, 1.1529647813748822, 0.9259631903577195, 0.5758497306612738, 0.7282070427307223, 1.9732516582306743, 0.13491948197658793, 0.12832057051326567, 0.31515608461419947]]], [[[]], [[]], [[]], [[]], [[4.221942906512289, 1.5147833979008392, 0.3355259861103528, 4.590904324804432, 4.7463811126168824, 5.455197029680884, 2.7664065344687945, 2.4457368145965157, 2.0647695154282686, 0.9529052943492308, 1.6068435709322662, 5.153159219590374, 1.564732680972822, 4.666195830786259, 4.711618012482893, 6.20622500012766]], [[-0.3378089297487849, 1.0019986079577627, 2.376633819253327, 0.6159212102511915, 0.4196884700493988, 0.2935272038001471, 1.2017111290412552, 0.8244427209342364, 0.6684317474345594, 0.9259631903577195, 0.5758497306612738, 0.7282070427307223, 0.8384215954448446, -2.0469850137379257, 2.5239868543971684, 0.31515608565159]]]], "final_fidelity": 0.21268363289069292, "final_purity": -1, "optimized_trainable_parameters": {"initial_params": [[], [], [], [], [4.284833977049832, 1.7123863763538807, 0.5455737266428263, 4.590904324804432, 4.7463811126168824, 5.455197029680884, 2.5983522771133494, 2.27372682149676, 1.985295043325577, 0.9529052943492308, 1.6068435709322662, 5.153159219590374, 1.5350055255254822, 4.73952842536341, 4.698800795550202, 6.2795778275455065], [0.30129574865164055, 0.3749591623313686, 0.763942777797004, 0.6159212102511915, 0.4196884700493988, 0.2935272038001471, 0.6447665939137264, 0.11488233549248017, 0.020731504539900136, 0.9259631903577195, 0.5758497306612738, 0.7282070427307223, 0.44814957106105124, 0.2517973372113238, 0.6343383025943246, 0.3151560850784094]], "lookup_table": [[[4.221942906512289, 1.5147833979008392, 0.3355259861103528, 4.590904324804432, 4.7463811126168824, 5.455197029680884, 2.7664065344687945, 2.4457368145965157, 2.0647695154282686, 0.9529052943492308, 1.6068435709322662, 5.153159219590374, 1.564732680972822, 4.666195830786259, 4.711618012482893, 6.20622500012766, -0.011618883819913318, -0.008398517135482744, -1.086983862539061, 0.6159212102511915, 0.4196884700493988, 0.2935272038001471, 0.0010951152096037183, 0.028044672938287628, 1.1529647813748822, 0.9259631903577195, 0.5758497306612738, 0.7282070427307223, 1.9732516582306743, 0.13491948197658793, 0.12832057051326567, 0.31515608461419947], [3.986131665028818, 1.041313526281648, 0.2612282326314174, 4.590904324804432, 4.7463811126168824, 5.455197029680884, 3.2966245186069103, 2.198819657111818, 1.7831837354879392, 0.9529052943492308, 1.6068435709322662, 5.153159219590374, 1.567799341338595, 4.853786351983155, 4.706503437506975, 6.188510616382598, -0.3378089297487849, 1.0019986079577627, 2.376633819253327, 0.6159212102511915, 0.4196884700493988, 0.2935272038001471, 1.2017111290412552, 0.8244427209342364, 0.6684317474345594, 0.9259631903577195, 0.5758497306612738, 0.7282070427307223, 0.8384215954448446, -2.0469850137379257, 2.5239868543971684, 0.31515608565159]]]}}