{"iterations": 4000, "returned_params": [[[[]], [[]], [[]], [[]], [[2.5890628879699413, 0.95430125835333, 3.802122321745494, 2.464197245320242, 1.3464879368832778, 0.2283443788832857, 2.2638516919589646, 5.418404703619355, 6.091506575481073, 1.7996173951489511, 3.9268739121436997, 1.8730089684078852, 4.740402128553085, 1.5443817903304966, 4.703649518021936, 3.1336269606039875]], [[0.4568045277706376, 0.9060936365146104, 0.34642705743003877, 0.06579047500964585, 0.7343885662362071, 0.16589765826427527, 0.12361279534787444, -0.2519103867290243, 0.914137164746932, 0.6082244158683054, 0.22453008519537865, 0.7945996588739412, 0.18726503276652054, -0.3280928816052939, -0.13791221272828375, 0.7434108291006128]]], [[[]], [[]], [[]], [[]], [[1.4611990809170297, 1.4039539839645512, 3.0624536385291066, 2.464197245320242, 1.3464879368832778, 0.2283443788832857, 2.0366874748197605, 5.638422882017596, 5.601254496505739, 1.7996173951489511, 3.9268739121436997, 1.8730089684078852, 5.53238494152729, 1.558174360256795, 4.710878948983905, 3.1368255002631638]], [[-0.008169236603223277, -0.01149665579817045, 2.664739648585978, 0.06579047500964585, 0.7343885662362071, 0.16589765826427527, 0.020595844392288776, 0.006777219863248303, 2.615190092468206, 0.6082244158683054, 0.22453008519537865, 0.7945996588739412, 1.6079860789565066, 0.7617998689806071, 0.7387931391213411, 0.743410826122485]]], [[[]], [[]], [[]], [[]], [[2.6105411921019512, 0.9283722769686434, 3.611908301067564, 2.464197245320242, 1.3464879368832778, 0.2283443788832857, 2.217635673841488, 5.259356262966743, 6.616103154662334, 1.7996173951489511, 3.9268739121436997, 1.8730089684078852, 4.725532266134367, 1.5808610831076781, 4.718614527149029, 3.093421626389314]], [[0.4568045277706376, 0.9060936365146104, 0.34642705743003877, 0.06579047500964585, 0.7343885662362071, 0.16589765826427527, 0.12361279534787444, -0.2519103867290243, 0.914137164746932, 0.6082244158683054, 0.22453008519537865, 0.7945996588739412, 0.18726503276652054, -0.3280928816052939, -0.13791221272828375, 0.7434108291006128]]]], "final_fidelity": 0.4148069832209278, "final_purity": -1, "optimized_trainable_parameters": {"initial_params": [[], [], [], [], [2.5890628879699413, 0.95430125835333, 3.802122321745494, 2.464197245320242, 1.3464879368832778, 0.2283443788832857, 2.2638516919589646, 5.418404703619355, 6.091506575481073, 1.7996173951489511, 3.9268739121436997, 1.8730089684078852, 4.740402128553085, 1.5443817903304966, 4.703649518021936, 3.1336269606039875], [0.27267760687984977, 0.8281374944493647, 0.9315195864454022, 0.06579047500964585, 0.7343885662362071, 0.16589765826427527, 0.2974348358082304, 0.21847992517051118, 0.6977989160488334, 0.6082244158683054, 0.22453008519537865, 0.7945996588739412, 0.8069153509706508, 0.6420307657860682, 0.6157779230836555, 0.7434108295666451]], "lookup_table": [[[2.6105411921019512, 0.9283722769686434, 3.611908301067564, 2.464197245320242, 1.3464879368832778, 0.2283443788832857, 2.217635673841488, 5.259356262966743, 6.616103154662334, 1.7996173951489511, 3.9268739121436997, 1.8730089684078852, 4.725532266134367, 1.5808610831076781, 4.718614527149029, 3.093421626389314, -0.008169236603223277, -0.01149665579817045, 2.664739648585978, 0.06579047500964585, 0.7343885662362071, 0.16589765826427527, 0.020595844392288776, 0.006777219863248303, 2.615190092468206, 0.6082244158683054, 0.22453008519537865, 0.7945996588739412, 1.6079860789565066, 0.7617998689806071, 0.7387931391213411, 0.743410826122485], [1.4611990809170297, 1.4039539839645512, 3.0624536385291066, 2.464197245320242, 1.3464879368832778, 0.2283443788832857, 2.0366874748197605, 5.638422882017596, 5.601254496505739, 1.7996173951489511, 3.9268739121436997, 1.8730089684078852, 5.53238494152729, 1.558174360256795, 4.710878948983905, 3.1368255002631638, 0.4568045277706376, 0.9060936365146104, 0.34642705743003877, 0.06579047500964585, 0.7343885662362071, 0.16589765826427527, 0.12361279534787444, -0.2519103867290243, 0.914137164746932, 0.6082244158683054, 0.22453008519537865, 0.7945996588739412, 0.18726503276652054, -0.3280928816052939, -0.13791221272828375, 0.7434108291006128]]]}}