{"iterations": 4000, "returned_params": [[[[]], [[]], [[]], [[]], [[4.48600413936615, 1.2295482260862924, 0.2894771778106564, 4.590904324804432, 4.7463811126168824, 5.455197029680884, 2.8857110111803523, 2.1632878617446076, 1.7834191484532866, 0.9529052943492308, 1.6068435709322662, 5.153159219590374, 1.5802233066686728, 4.727345726942897, 4.712667289412961, 6.2829915621219055]], [[-0.22054421760587017, -0.19330613190412885, 0.6420202079370214, 0.6159212102511915, 0.4196884700493988, 0.2935272038001471, 0.6285906187827478, 0.9707169744307764, -0.9236351527476742, 0.9259631903577195, 0.5758497306612738, 0.7282070427307223, 0.4433709833402962, -0.8789398307462332, 0.611883827657211, 0.3151560850749246]]], [[[]], [[]], [[]], [[]], [[3.6579157596873406, 0.12563900603206818, 0.8788180791308922, 4.590904324804432, 4.7463811126168824, 5.455197029680884, 2.956400602270547, 1.1651350895482948, -0.41425389517488426, 0.9529052943492308, 1.6068435709322662, 5.153159219590374, 1.5630276155820892, 5.838979535604549, 2.699640376738898, 6.1189414651457055]], [[-0.22054421760587017, -0.19330613190412885, 0.6420202079370214, 0.6159212102511915, 0.4196884700493988, 0.2935272038001471, 0.6285906187827478, 0.9707169744307764, -0.9236351527476742, 0.9259631903577195, 0.5758497306612738, 0.7282070427307223, 0.4433709833402962, -0.8789398307462332, 0.611883827657211, 0.3151560850749246]]], [[[]], [[]], [[]], [[]], [[3.6579157596873406, 0.12563900603206818, 0.8788180791308922, 4.590904324804432, 4.7463811126168824, 5.455197029680884, 2.956400602270547, 1.1651350895482948, -0.41425389517488426, 0.9529052943492308, 1.6068435709322662, 5.153159219590374, 1.5630276155820892, 5.838979535604549, 2.699640376738898, 6.1189414651457055]], [[-0.22054421760587017, -0.19330613190412885, 0.6420202079370214, 0.6159212102511915, 0.4196884700493988, 0.2935272038001471, 0.6285906187827478, 0.9707169744307764, -0.9236351527476742, 0.9259631903577195, 0.5758497306612738, 0.7282070427307223, 0.4433709833402962, -0.8789398307462332, 0.611883827657211, 0.3151560850749246]]]], "final_fidelity": 0.6456760056073189, "final_purity": -1, "optimized_trainable_parameters": {"initial_params": [[], [], [], [], [4.48600413936615, 1.2295482260862924, 0.2894771778106564, 4.590904324804432, 4.7463811126168824, 5.455197029680884, 2.8857110111803523, 2.1632878617446076, 1.7834191484532866, 0.9529052943492308, 1.6068435709322662, 5.153159219590374, 1.5802233066686728, 4.727345726942897, 4.712667289412961, 6.2829915621219055], [0.30129574865164055, 0.3749591623313686, 0.763942777797004, 0.6159212102511915, 0.4196884700493988, 0.2935272038001471, 0.6447665939137264, 0.11488233549248017, 0.020731504539900136, 0.9259631903577195, 0.5758497306612738, 0.7282070427307223, 0.44814957106105124, 0.2517973372113238, 0.6343383025943246, 0.3151560850784094]], "lookup_table": [[[4.307091464028525, 0.6041333599428441, -0.12654278794921392, 4.590904324804432, 4.7463811126168824, 5.455197029680884, 3.093495951311372, 2.4480042766794656, 1.706887605509129, 0.9529052943492308, 1.6068435709322662, 5.153159219590374, 1.567065664201293, 4.702554964253154, 4.70548439963918, 6.21804343284966, 0.008660390239856004, -0.007216628231993205, -1.7223676934033514, 0.6159212102511915, 0.4196884700493988, 0.2935272038001471, 0.005511927479470857, -7.12743298774694e-05, 1.9382193640208947, 0.9259631903577195, 0.5758497306612738, 0.7282070427307223, -0.34363400548680667, 0.9214858332216773, 0.939584860539117, 0.3151560858121652], [3.6579157596873406, 0.12563900603206818, 0.8788180791308922, 4.590904324804432, 4.7463811126168824, 5.455197029680884, 2.956400602270547, 1.1651350895482948, -0.41425389517488426, 0.9529052943492308, 1.6068435709322662, 5.153159219590374, 1.5630276155820892, 5.838979535604549, 2.699640376738898, 6.1189414651457055, -0.22054421760587017, -0.19330613190412885, 0.6420202079370214, 0.6159212102511915, 0.4196884700493988, 0.2935272038001471, 0.6285906187827478, 0.9707169744307764, -0.9236351527476742, 0.9259631903577195, 0.5758497306612738, 0.7282070427307223, 0.4433709833402962, -0.8789398307462332, 0.611883827657211, 0.3151560850749246]]]}}