{"iterations": 4000, "returned_params": [[[[]], [[]], [[]], [[]], [[4.211085830259986, 1.9007139516725187, 0.9053258983501732, 4.590904324804432, 4.7463811126168824, 5.455197029680884, 2.6824938900503756, 2.2874264648569294, 2.004709705843099, 0.9529052943492308, 1.6068435709322662, 5.153159219590374, 1.558464126492694, 4.848864955824298, 4.682859132831499, 6.283185307177468]], [[-0.6684050835976356, 0.7682674875986628, 1.8584558808713567, 0.6159212102511915, 0.4196884700493988, 0.2935272038001471, 1.4415287668209962, 0.8346574493140828, 0.7856224000153419, 0.9259631903577195, 0.5758497306612738, 0.7282070427307223, 1.1339227526423448, -1.6005307091122432, 2.289140125352744, 0.3151560835122993]]], [[[]], [[]], [[]], [[]], [[3.871542360828935, 0.9920153290912278, 0.9314028113575947, 4.590904324804432, 4.7463811126168824, 5.455197029680884, 3.2849107150976695, 2.1017596981813513, 1.6828921737957234, 0.9529052943492308, 1.6068435709322662, 5.153159219590374, 1.5707460955490333, 5.019654058402821, 4.624028233397449, 6.077012812573689]], [[-0.0019293871980566755, -0.059353431037121554, -1.2549551100180447, 0.6159212102511915, 0.4196884700493988, 0.2935272038001471, -0.003978812081901736, 0.07329557767778692, 1.0614317596851455, 0.9259631903577195, 0.5758497306612738, 0.7282070427307223, 1.9660588849352132, 0.07467296046681005, 0.12265742863773421, 0.31515608674144424]]], [[[]], [[]], [[]], [[]], [[4.005808180152379, 1.6487052138850122, 0.7491390503400459, 4.590904324804432, 4.7463811126168824, 5.455197029680884, 2.96594506717476, 2.282386620068662, 2.239132608888661, 0.9529052943492308, 1.6068435709322662, 5.153159219590374, 1.5762425940800338, 4.887822077651756, 4.674135046557787, 6.056961014927837]], [[-0.6684050835976356, 0.7682674875986628, 1.8584558808713567, 0.6159212102511915, 0.4196884700493988, 0.2935272038001471, 1.4415287668209962, 0.8346574493140828, 0.7856224000153419, 0.9259631903577195, 0.5758497306612738, 0.7282070427307223, 1.1339227526423448, -1.6005307091122432, 2.289140125352744, 0.3151560835122993]]]], "final_fidelity": 0.2831315163627203, "final_purity": -1, "optimized_trainable_parameters": {"initial_params": [[], [], [], [], [4.211085830259986, 1.9007139516725187, 0.9053258983501732, 4.590904324804432, 4.7463811126168824, 5.455197029680884, 2.6824938900503756, 2.2874264648569294, 2.004709705843099, 0.9529052943492308, 1.6068435709322662, 5.153159219590374, 1.558464126492694, 4.848864955824298, 4.682859132831499, 6.283185307177468], [0.30129574865164055, 0.3749591623313686, 0.763942777797004, 0.6159212102511915, 0.4196884700493988, 0.2935272038001471, 0.6447665939137264, 0.11488233549248017, 0.020731504539900136, 0.9259631903577195, 0.5758497306612738, 0.7282070427307223, 0.44814957106105124, 0.2517973372113238, 0.6343383025943246, 0.3151560850784094]], "lookup_table": [[[4.005808180152379, 1.6487052138850122, 0.7491390503400459, 4.590904324804432, 4.7463811126168824, 5.455197029680884, 2.96594506717476, 2.282386620068662, 2.239132608888661, 0.9529052943492308, 1.6068435709322662, 5.153159219590374, 1.5762425940800338, 4.887822077651756, 4.674135046557787, 6.056961014927837, -0.0019293871980566755, -0.059353431037121554, -1.2549551100180447, 0.6159212102511915, 0.4196884700493988, 0.2935272038001471, -0.003978812081901736, 0.07329557767778692, 1.0614317596851455, 0.9259631903577195, 0.5758497306612738, 0.7282070427307223, 1.9660588849352132, 0.07467296046681005, 0.12265742863773421, 0.31515608674144424], [3.871542360828935, 0.9920153290912278, 0.9314028113575947, 4.590904324804432, 4.7463811126168824, 5.455197029680884, 3.2849107150976695, 2.1017596981813513, 1.6828921737957234, 0.9529052943492308, 1.6068435709322662, 5.153159219590374, 1.5707460955490333, 5.019654058402821, 4.624028233397449, 6.077012812573689, -0.6684050835976356, 0.7682674875986628, 1.8584558808713567, 0.6159212102511915, 0.4196884700493988, 0.2935272038001471, 1.4415287668209962, 0.8346574493140828, 0.7856224000153419, 0.9259631903577195, 0.5758497306612738, 0.7282070427307223, 1.1339227526423448, -1.6005307091122432, 2.289140125352744, 0.3151560835122993]]]}}