{"fidelities_each_sample": [0.9426484570691507, 0.9427774248755527, 0.9391782593204546], "average_fidelity": 0.9415347137550527, "training_params": {"N_samples": 3, "N_training_iterations": 1000, "learning_rate": 0.02, "convergence_threshold": 1e-06, "batch_size": 16, "eval_batch_size": 16, "evaluation_time_steps": 200}}