{"fidelities_each_sample": [0.9423589980228335, 0.9428667948873368, 0.9429360267442648], "average_fidelity": 0.9427206065514784, "training_params": {"N_samples": 3, "N_training_iterations": 1000, "learning_rate": 0.02, "convergence_threshold": 1e-06, "batch_size": 16, "eval_batch_size": 16, "evaluation_time_steps": 200}}