{"fidelities_each_sample": [0.8923662062899314, 0.8923916055704951, 0.892390418443119], "average_fidelity": 0.8923827434345151, "training_params": {"N_samples": 3, "N_training_iterations": 1000, "learning_rate": 0.02, "convergence_threshold": 1e-06, "batch_size": 16, "eval_batch_size": 16, "evaluation_time_steps": 200}}