{"fidelities_each_sample": [0.847617550941473, 0.8476082786830911, 0.8476098624827426], "average_fidelity": 0.8476118973691023, "training_params": {"N_samples": 3, "N_training_iterations": 1000, "learning_rate": 0.02, "convergence_threshold": 1e-06, "batch_size": 16, "eval_batch_size": 16, "evaluation_time_steps": 200}}