{"fidelities_each_sample": [0.9430921743802577, 0.9287039535071498, 0.9250410552033816], "average_fidelity": 0.932279061030263, "training_params": {"N_samples": 3, "N_training_iterations": 1000, "learning_rate": 0.02, "convergence_threshold": 1e-06, "batch_size": 16, "eval_batch_size": 16, "evaluation_time_steps": 200}}