{"fidelities_each_sample": [0.9931220767339103, 0.9184536229943256, 0.8945608101353077], "average_fidelity": 0.9353788366211813, "training_params": {"N_samples": 3, "N_training_iterations": 1000, "learning_rate": 0.02, "convergence_threshold": 1e-06, "batch_size": 16, "eval_batch_size": 16, "evaluation_time_steps": 200}}