{"fidelities_each_sample": [0.9898226740419483, 0.9719442094435203, 0.9749573077161511], "average_fidelity": 0.9789080637338732, "training_params": {"N_samples": 3, "N_training_iterations": 1000, "learning_rate": 0.02, "convergence_threshold": 1e-06, "batch_size": 16, "eval_batch_size": 16, "evaluation_time_steps": 200}}