{"fidelities_each_sample": [0.9939714746624577, 0.9973676417473866, 0.9674411983077955], "average_fidelity": 0.9862601049058799, "training_params": {"N_samples": 3, "N_training_iterations": 1000, "learning_rate": 0.02, "convergence_threshold": 1e-06, "batch_size": 16, "eval_batch_size": 16, "evaluation_time_steps": 200}}