{"fidelities_each_sample": [0.9812030757684314, 0.9656087127646428, 0.9843748252509571], "average_fidelity": 0.9770622045946771, "training_params": {"N_samples": 3, "N_training_iterations": 1000, "learning_rate": 0.02, "convergence_threshold": 1e-06, "batch_size": 16, "eval_batch_size": 16, "evaluation_time_steps": 200}}