{"fidelities_each_sample": [0.9707231900648374, 0.9814986931442098, 0.9497097902991439], "average_fidelity": 0.9673105578360637, "training_params": {"N_samples": 3, "N_training_iterations": 1000, "learning_rate": 0.02, "convergence_threshold": 1e-06, "batch_size": 16, "eval_batch_size": 16, "evaluation_time_steps": 200}}