{"fidelities_each_sample": [0.9951431504255559, 0.9671538135349382, 0.9786457943027993], "average_fidelity": 0.9803142527544312, "training_params": {"N_samples": 3, "N_training_iterations": 1000, "learning_rate": 0.02, "convergence_threshold": 1e-06, "batch_size": 16, "eval_batch_size": 16, "evaluation_time_steps": 200}}