{"fidelities_each_sample": [0.9886198422540525, 0.9754949782843655, 0.9589990318820732], "average_fidelity": 0.9743712841401637, "training_params": {"N_samples": 3, "N_training_iterations": 1000, "learning_rate": 0.02, "convergence_threshold": 1e-06, "batch_size": 16, "eval_batch_size": 16, "evaluation_time_steps": 200}}