{"fidelities_each_sample": [0.9434139173908999, 0.9839210831172397, 0.990996747141335], "average_fidelity": 0.9727772492164914, "training_params": {"N_samples": 3, "N_training_iterations": 1000, "learning_rate": 0.02, "convergence_threshold": 1e-06, "batch_size": 16, "eval_batch_size": 16, "evaluation_time_steps": 200}}