{"fidelities_each_sample": [0.9777232495281424, 0.9809101654857667, 0.9897113621599687], "average_fidelity": 0.9827815923912926, "training_params": {"N_samples": 3, "N_training_iterations": 1000, "learning_rate": 0.02, "convergence_threshold": 1e-06, "batch_size": 16, "eval_batch_size": 16, "evaluation_time_steps": 200}}