{"fidelities_each_sample": [0.9661879656696599, 0.9590256188386493, 0.9840420155193988], "average_fidelity": 0.9697518666759026, "training_params": {"N_samples": 3, "N_training_iterations": 1000, "learning_rate": 0.02, "convergence_threshold": 1e-06, "batch_size": 16, "eval_batch_size": 16, "evaluation_time_steps": 200}}