{"fidelities_each_sample": [0.9343168350145478, 0.9843410329325877, 0.927871303386474], "average_fidelity": 0.9488430571112031, "training_params": {"N_samples": 3, "N_training_iterations": 1000, "learning_rate": 0.02, "convergence_threshold": 1e-06, "batch_size": 16, "eval_batch_size": 16, "evaluation_time_steps": 200}}