{"fidelities_each_sample": [0.9946494088351148, 0.987624078923509, 0.9802921678304924], "average_fidelity": 0.9875218851963721, "training_params": {"N_samples": 3, "N_training_iterations": 1000, "learning_rate": 0.02, "convergence_threshold": 1e-06, "batch_size": 16, "eval_batch_size": 16, "evaluation_time_steps": 200}}