{"fidelities_each_sample": [0.6003973364739358, 0.592567713354664, 0.6162781371597585], "average_fidelity": 0.6030810623294528, "training_params": {"N_samples": 3, "N_training_iterations": 10000, "learning_rate": 0.01, "convergence_threshold": 1e-06, "batch_size": 16, "eval_batch_size": 16, "evaluation_time_steps": 50}}