{"fidelities_each_sample": [0.4470830722730545, 0.6107142199235452, 0.5534329400697483], "average_fidelity": 0.5370767440887826, "training_params": {"N_samples": 3, "N_training_iterations": 10000, "learning_rate": 0.01, "convergence_threshold": 1e-06, "batch_size": 16, "eval_batch_size": 16, "evaluation_time_steps": 50}}