{"fidelities_each_sample": [0.6335616445504962, 0.5260930150631415, 0.4503664718472312], "average_fidelity": 0.5366737104869563, "training_params": {"N_samples": 3, "N_training_iterations": 10000, "learning_rate": 0.01, "convergence_threshold": 1e-06, "batch_size": 16, "eval_batch_size": 16, "evaluation_time_steps": 50}}