{"fidelities_each_sample": [0.6143938714535919, 0.6582958763609122, 0.6792775234001143], "average_fidelity": 0.6506557570715396, "training_params": {"N_samples": 3, "N_training_iterations": 10000, "learning_rate": 0.01, "convergence_threshold": 1e-06, "batch_size": 16, "eval_batch_size": 16, "evaluation_time_steps": 50}}