{"fidelities_each_sample": [0.7127181357697616, 0.5919438420363351, 0.3587812236890042], "average_fidelity": 0.5544810671650336, "training_params": {"N_samples": 3, "N_training_iterations": 10000, "learning_rate": 0.01, "convergence_threshold": 1e-06, "batch_size": 16, "eval_batch_size": 16, "evaluation_time_steps": 50}}