{"fidelities_each_sample": [0.6312471839515806, 0.5958105554846493, 0.6534346410799985], "average_fidelity": 0.6268307935054095, "training_params": {"N_samples": 3, "N_training_iterations": 10000, "learning_rate": 0.01, "convergence_threshold": 1e-06, "batch_size": 16, "eval_batch_size": 16, "evaluation_time_steps": 50}}