{"fidelities_each_sample": [0.6309641043255687, 0.6276233796416456, 0.5770363295624498], "average_fidelity": 0.6118746045098881, "training_params": {"N_samples": 3, "N_training_iterations": 10000, "learning_rate": 0.01, "convergence_threshold": 1e-06, "batch_size": 16, "eval_batch_size": 16, "evaluation_time_steps": 50}}