{"fidelities_each_sample": [0.7328649141790797, 0.649789329777162, 0.6675468315928741], "average_fidelity": 0.6834003585163719, "training_params": {"N_samples": 3, "N_training_iterations": 10000, "learning_rate": 0.01, "convergence_threshold": 1e-06, "batch_size": 16, "eval_batch_size": 16, "evaluation_time_steps": 50}}