{"iterations": 641, "returned_params": [[[[-0.01114250998454377, -0.7153231858785273], [-0.01114250998454377, -0.7153231858785273], [-0.01114250998454377, -0.7153231858785273], [-0.01114250998454377, -0.7153231858785273], [-0.01114250998454377, -0.7153231858785273], [-0.01114250998454377, -0.7153231858785273], [-0.01114250998454377, -0.7153231858785273], [-0.01114250998454377, -0.7153231858785273], [-0.01114250998454377, -0.7153231858785273], [-0.01114250998454377, -0.7153231858785273]], [[-3.141592653589875, -0.9615327265696648], [-3.141592653589875, -0.9615327265696648], [-3.141592653589875, -0.9615327265696648], [-3.141592653589875, -0.9615327265696648], [-3.141592653589875, -0.9615327265696648], [-3.141592653589875, -0.9615327265696648], [-3.141592653589875, -0.9615327265696648], [-3.141592653589875, -0.9615327265696648], [-3.141592653589875, -0.9615327265696648], [-3.141592653589875, -0.9615327265696648]], [[0.6596751764862011, -3.0721280623204326], [0.6596751764862011, -3.0721280623204326], [0.6596751764862011, -3.0721280623204326], [0.6596751764862011, -3.0721280623204326], [0.6596751764862011, -3.0721280623204326], [0.6596751764862011, -3.0721280623204326], [0.6596751764862011, -3.0721280623204326], [0.6596751764862011, -3.0721280623204326], [0.6596751764862011, -3.0721280623204326], [0.6596751764862011, -3.0721280623204326]], [[4.7114742446387875e-12, 5.393980860528379e-16, 1.218101434059314, 0.9917812241694123], [4.7114742446387875e-12, 5.393980860528379e-16, 1.218101434059314, 0.9917812241694123], [4.7114742446387875e-12, 5.393980860528379e-16, 1.218101434059314, 0.9917812241694123], [4.7114742446387875e-12, 5.393980860528379e-16, 1.218101434059314, 0.9917812241694123], [4.7114742446387875e-12, 5.393980860528379e-16, 1.218101434059314, 0.9917812241694123], [4.7114742446387875e-12, 5.393980860528379e-16, 1.218101434059314, 0.9917812241694123], [4.7114742446387875e-12, 5.393980860528379e-16, 1.218101434059314, 0.9917812241694123], [4.7114742446387875e-12, 5.393980860528379e-16, 1.218101434059314, 0.9917812241694123], [4.7114742446387875e-12, 5.393980860528379e-16, 1.218101434059314, 0.9917812241694123], [4.7114742446387875e-12, 5.393980860528379e-16, 1.218101434059314, 0.9917812241694123]]], [[[-0.01193343322287779, -0.6499243267385806], [-0.01193343322287779, -0.6499243267385806], [-0.01193343322287779, -0.6499243267385806], [-0.01193343322287779, -0.6499243267385806], [-0.01193343322287779, -0.6499243267385806], [-0.01193343322287779, -0.6499243267385806], [-0.01193343322287779, -0.6499243267385806], [-0.01193343322287779, -0.6499243267385806], [-0.01193343322287779, -0.6499243267385806], [-0.01193343322287779, -0.6499243267385806]], [[-3.1415926535897865, -0.8449372926934928], [-3.1415926535897865, -0.8449372926934928], [-3.1415926535897865, -0.8449372926934928], [-3.1415926535897865, -0.8449372926934928], [-3.1415926535897865, -0.8449372926934928], [-3.1415926535897865, -0.8449372926934928], [-3.1415926535897865, -0.8449372926934928], [-3.1415926535897865, -0.8449372926934928], [-3.1415926535897865, -0.8449372926934928], [-3.1415926535897865, -0.8449372926934928]], [[-1.9233932883914735, -2.4764207561836433], [-1.9233932883914735, -2.4764207561836433], [-1.9233932883914735, -2.4764207561836433], [-1.9233932883914735, -2.4764207561836433], [-1.9233932883914735, -2.4764207561836433], [-1.9233932883914735, -2.4764207561836433], [-1.9233932883914735, -2.4764207561836433], [-1.9233932883914735, -2.4764207561836433], [-1.9233932883914735, -2.4764207561836433], [-1.9233932883914735, -2.4764207561836433]], [[0.7379094095322327, 2.5214861006266486e-16, 1.2181014340593153, 0.9917812241694134], [0.7379094095322327, 2.5214861006266486e-16, 1.2181014340593153, 0.9917812241694134], [0.7379094095322327, 2.5214861006266486e-16, 1.2181014340593153, 0.9917812241694134], [0.7379094095322327, 2.5214861006266486e-16, 1.2181014340593153, 0.9917812241694134], [0.7379094095322327, 2.5214861006266486e-16, 1.2181014340593153, 0.9917812241694134], [0.7379094095322327, 2.5214861006266486e-16, 1.2181014340593153, 0.9917812241694134], [0.7379094095322327, 2.5214861006266486e-16, 1.2181014340593153, 0.9917812241694134], [0.7379094095322327, 2.5214861006266486e-16, 1.2181014340593153, 0.9917812241694134], [0.7379094095322327, 2.5214861006266486e-16, 1.2181014340593153, 0.9917812241694134], [0.7379094095322327, 2.5214861006266486e-16, 1.2181014340593153, 0.9917812241694134]]]], "final_fidelity": 0.9704455297609033, "final_purity": -1, "optimized_trainable_parameters": {"initial_params": [[-0.01114250998454377, -0.7153231858785273], [-2.122771843539829, -0.970628744746702], [-0.4773858984301407, -2.2092239778609124], [0.42402167450247763, 0.14839108352629582, 0.6658618777442711, 0.43837705034960184]],