{"iterations": 171, "returned_params": [[[[-0.0007089896130095888, -0.4903146740873247], [-0.0007089896130095888, -0.4903146740873247], [-0.0007089896130095888, -0.4903146740873247], [-0.0007089896130095888, -0.4903146740873247], [-0.0007089896130095888, -0.4903146740873247], [-0.0007089896130095888, -0.4903146740873247], [-0.0007089896130095888, -0.4903146740873247], [-0.0007089896130095888, -0.4903146740873247], [-0.0007089896130095888, -0.4903146740873247], [-0.0007089896130095888, -0.4903146740873247]], [[-0.0006674367088287078, -1.223564208729774], [-0.0006674367088287078, -1.223564208729774], [-0.0006674367088287078, -1.223564208729774], [-0.0006674367088287078, -1.223564208729774], [-0.0006674367088287078, -1.223564208729774], [-0.0006674367088287078, -1.223564208729774], [-0.0006674367088287078, -1.223564208729774], [-0.0006674367088287078, -1.223564208729774], [-0.0006674367088287078, -1.223564208729774], [-0.0006674367088287078, -1.223564208729774]], [[-1.5020083665905253, -2.7588818304581064], [-1.5020083665905253, -2.7588818304581064], [-1.5020083665905253, -2.7588818304581064], [-1.5020083665905253, -2.7588818304581064], [-1.5020083665905253, -2.7588818304581064], [-1.5020083665905253, -2.7588818304581064], [-1.5020083665905253, -2.7588818304581064], [-1.5020083665905253, -2.7588818304581064], [-1.5020083665905253, -2.7588818304581064], [-1.5020083665905253, -2.7588818304581064]], [[0.8950074806740965, 4.021852951991485e-06, 6.37473107741776e-05, -1.6031246782572868e-05], [0.8950074806740965, 4.021852951991485e-06, 6.37473107741776e-05, -1.6031246782572868e-05], [0.8950074806740965, 4.021852951991485e-06, 6.37473107741776e-05, -1.6031246782572868e-05], [0.8950074806740965, 4.021852951991485e-06, 6.37473107741776e-05, -1.6031246782572868e-05], [0.8950074806740965, 4.021852951991485e-06, 6.37473107741776e-05, -1.6031246782572868e-05], [0.8950074806740965, 4.021852951991485e-06, 6.37473107741776e-05, -1.6031246782572868e-05], [0.8950074806740965, 4.021852951991485e-06, 6.37473107741776e-05, -1.6031246782572868e-05], [0.8950074806740965, 4.021852951991485e-06, 6.37473107741776e-05, -1.6031246782572868e-05], [0.8950074806740965, 4.021852951991485e-06, 6.37473107741776e-05, -1.6031246782572868e-05], [0.8950074806740965, 4.021852951991485e-06, 6.37473107741776e-05, -1.6031246782572868e-05]]]], "final_fidelity": 0.980198560811285, "final_purity": -1, "optimized_trainable_parameters": {"initial_params": [[-0.0007089896130095888, -0.4903146740873247], [-2.122771843539829, -0.970628744746702], [-0.4773858984301407, -2.2092239778609124], [0.42402167450247763, 0.14839108352629582, 0.6658618777442711, 0.43837705034960184]], "lookup_table": [[[-2.122771843539829, -0.970628744746702, -0.0006674367088287078, -1.223564208729774, -0.4773858984301407, -2.2092239778609124, 0.42402167450247763, 0.14839108352629582, 0.6658618777442711, 0.43837705034960184], [-2.122771843539829, -0.970628744746702, -2.0026620979799308, -0.8567785530951123, -0.4773858984301407, -2.2092239778609124, 0.42402167450247763, 0.14839108352629582, 0.6658618777442711, 0.43837705034960184], [0.0, 0.0, 0.0, 0.0, 0.0, 0.0, 0.0, 0.0, 0.0, 0.0], [0.0, 0.0, 0.0, 0.0, 0.0, 0.0, 0.0, 0.0, 0.0, 0.0]], [[-2.122771843539829, -0.970628744746702, -2.122771843539829, -0.970628744746702, -1.5020083665905253, -2.7588818304581064, 0.8950074806740965, 4.021852951991485e-06, 6.37473107741776e-05, -1.6031246782572868e-05], [-2.122771843539829, -0.970628744746702, -2.122771843539829, -0.970628744746702, -0.4773858984301407, -2.2092239778609124, 0.42402167450247763, 0.14839108352629582, 0.6658618777442711, 0.43837705034960184], [-2.122771843539829, -0.970628744746702, -2.122771843539829, -0.970628744746702, -0.3572811733913354, -2.3293336022574627, 0.5435519026952919, 0.028284986474807906, 0.545752590143346, 0.3182682219285365], [-2.122771843539829, -0.970628744746702, -2.122771843539829, -0.970628744746702, -0.4773858984301407, -2.2092239778609124, 0.42402167450247763, 0.14839108352629582, 0.6658618777442711, 0.43837705034960184]]]}}