{"iterations": 1000, "returned_params": [[[[]], [[]], [[]], [[]], [[4.743701770957511, 3.5561717541680733, 1.2741639583456328, 0.5282731776255372, 4.188329780587534, 5.943598571023818, 3.3621751381676024, 0.9300358728249999, 5.6967290361029415, 1.4568735348880524, 0.14305404372782343, 1.553603425195241, 5.997158578707136, 6.151564788910809, 6.148759979380793, 1.5707963267948761]], [[1.4833728639761738, 0.13888572917247838, 1.27660065962201, 0.3442831087060272, 0.1798085856277949, 0.5937222710409478, 1.423226186464018, -0.5101609937404517, 1.7588377238804478, 0.38095476215895285, 0.8719235294154941, 0.037596389410944786, -0.2268164774211461, 0.19686868724776288, 0.028134947360614834, 0.06977553514028366]]], [[[]], [[]], [[]], [[]], [[4.783905231987225, 3.6167703456512657, 0.8634378339273535, 0.5282731776255372, 4.188329780587534, 5.943598571023818, 3.397007707757725, 0.9207437673354334, 5.594628977008732, 1.4568735348880524, 0.14305404372782343, 1.553603425195241, 5.9994193031226315, 6.267536934470861, 6.208997142182781, 1.5707834944012422]], [[0.03693924043228205, -0.007693431927676976, 1.0101731417321376, 0.3442831087060272, 0.1798085856277949, 0.5937222710409478, -0.0006915042721499983, -0.0029179866767245813, 1.7472465901423342, 0.38095476215895285, 0.8719235294154941, 0.037596389410944786, 1.6633634377795126, -0.871132174150576, 1.3525227324467328, 0.06977553510934226]]], [[[]], [[]], [[]], [[]], [[4.995901952278476, 3.3732416532403953, 0.8655230989817005, 0.5282731776255372, 4.188329780587534, 5.943598571023818, 3.2108610844418872, 0.6323899845895989, 5.774666610819729, 1.4568735348880524, 0.14305404372782343, 1.553603425195241, 6.055834361159104, 6.252759310845184, 6.250195414568107, 1.5709124265735168]], [[0.03693924043228205, -0.007693431927676976, 1.0101731417321376, 0.3442831087060272, 0.1798085856277949, 0.5937222710409478, -0.0006915042721499983, -0.0029179866767245813, 1.7472465901423342, 0.38095476215895285, 0.8719235294154941, 0.037596389410944786, 1.6633634377795126, -0.871132174150576, 1.3525227324467328, 0.06977553510934226]]]], "final_fidelity": 0.5965317252240888, "final_purity": -1, "optimized_trainable_parameters": {"initial_params": [[], [], [], [], [4.743701770957511, 3.5561717541680733, 1.2741639583456328, 0.5282731776255372, 4.188329780587534, 5.943598571023818, 3.3621751381676024, 0.9300358728249999, 5.6967290361029415, 1.4568735348880524, 0.14305404372782343, 1.553603425195241, 5.997158578707136, 6.151564788910809, 6.148759979380793, 1.5707963267948761], [0.7629686968030167, 0.5157779310907755, 0.7615436436554233, 0.3442831087060272, 0.1798085856277949, 0.5937222710409478, 0.8030427624105341, 0.2090485622535314, 0.9636188991405543, 0.38095476215895285, 0.8719235294154941, 0.037596389410944786, 0.5967162494642011, 0.520225493689553, 0.1669604703213785, 0.0697755349439706]], "lookup_table": [[[4.783905231987225, 3.6167703456512657, 0.8634378339273535, 0.5282731776255372, 4.188329780587534, 5.943598571023818, 3.397007707757725, 0.9207437673354334, 5.594628977008732, 1.4568735348880524, 0.14305404372782343, 1.553603425195241, 5.9994193031226315, 6.267536934470861, 6.208997142182781, 1.5707834944012422, 1.4833728639761738, 0.13888572917247838, 1.27660065962201, 0.3442831087060272, 0.1798085856277949, 0.5937222710409478, 1.423226186464018, -0.5101609937404517, 1.7588377238804478, 0.38095476215895285, 0.8719235294154941, 0.037596389410944786, -0.2268164774211461, 0.19686868724776288, 0.028134947360614834, 0.06977553514028366], [4.995901952278476, 3.3732416532403953, 0.8655230989817005, 0.5282731776255372, 4.188329780587534, 5.943598571023818, 3.2108610844418872, 0.6323899845895989, 5.774666610819729, 1.4568735348880524, 0.14305404372782343, 1.553603425195241, 6.055834361159104, 6.252759310845184, 6.250195414568107, 1.5709124265735168, 0.03693924043228205, -0.007693431927676976, 1.0101731417321376, 0.3442831087060272, 0.1798085856277949, 0.5937222710409478, -0.0006915042721499983, -0.0029179866767245813, 1.7472465901423342, 0.38095476215895285, 0.8719235294154941, 0.037596389410944786, 1.6633634377795126, -0.871132174150576, 1.3525227324467328, 0.06977553510934226]]]}}