{"fidelities_each_sample": [0.4116816062205954, 0.4309421351672506, 0.40066650344992893], "average_fidelity": 0.41443008161259165, "training_params": {"N_samples": 3, "N_training_iterations": 1000, "learning_rate": 0.01, "convergence_threshold": 1e-06, "batch_size": 8, "eval_batch_size": 16, "evaluation_time_steps": 100}}