{"iterations": 1000, "returned_params": [[[[]], [[]], [[]], [[]], [[5.362744946900068, 2.4839398737783487, 4.719361104343745, 6.229067048932181, 1.7751352004394012, 2.233601835029501, 1.8927393818448883, 1.8093824487175183, 1.3390404789396828, 3.864856988789411, 5.998718376191112, 5.270125085447247, 4.844016011594654, 0.4019049812788425, 3.1339842302543555, 4.710710028180098]], [[-0.4961741546296712, 0.006099004543841655, -0.026863824979055113, 0.5794502442667795, 0.5976030059699919, 0.7000266287193331, 0.40710185804977095, 0.9348260215114367, -0.925514180775659, 0.8728580575304441, 0.22663938029178654, 0.6564232100473297, -1.0756252926422105, 2.494769827488232, -0.6802121172507274, 0.46198195789441565]]], [[[]], [[]], [[]], [[]], [[5.5312891269870255, 2.196374355068837, 2.832220723250541, 6.229067048932181, 1.7751352004394012, 2.233601835029501, 2.311378796275777, 2.066461393487805, 1.1508448405640468, 3.864856988789411, 5.998718376191112, 5.270125085447247, 4.83910288584877, 1.6545132147207209, 3.380776679108869, 4.710398450139309]], [[-0.4961741546296712, 0.006099004543841655, -0.026863824979055113, 0.5794502442667795, 0.5976030059699919, 0.7000266287193331, 0.40710185804977095, 0.9348260215114367, -0.925514180775659, 0.8728580575304441, 0.22663938029178654, 0.6564232100473297, -1.0756252926422105, 2.494769827488232, -0.6802121172507274, 0.46198195789441565]]], [[[]], [[]], [[]], [[]], [[5.5312891269870255, 2.196374355068837, 2.832220723250541, 6.229067048932181, 1.7751352004394012, 2.233601835029501, 2.311378796275777, 2.066461393487805, 1.1508448405640468, 3.864856988789411, 5.998718376191112, 5.270125085447247, 4.83910288584877, 1.6545132147207209, 3.380776679108869, 4.710398450139309]], [[-0.0518437217169901, 0.24542131040452445, 0.42304618652785675, 0.5794502442667795, 0.5976030059699919, 0.7000266287193331, 0.0032400401448490664, 0.38008647210332674, -1.7406742313249233, 0.8728580575304441, 0.22663938029178654, 0.6564232100473297, -2.2460455123585112, 1.4224925580860788, 2.6658439321060508, 0.46198195807913295]]]], "final_fidelity": 0.9688511595607913, "final_purity": -1, "optimized_trainable_parameters": {"initial_params": [[], [], [], [], [5.362744946900068, 2.4839398737783487, 4.719361104343745, 6.229067048932181, 1.7751352004394012, 2.233601835029501, 1.8927393818448883, 1.8093824487175183, 1.3390404789396828, 3.864856988789411, 5.998718376191112, 5.270125085447247, 4.844016011594654, 0.4019049812788425, 3.1339842302543555, 4.710710028180098], [0.08062436666431605, 0.923948835561414, 0.7339523451366718, 0.5794502442667795, 0.5976030059699919, 0.7000266287193331, 0.8056200973061387, 0.8894700350923472, 0.07627888141344874, 0.8728580575304441, 0.22663938029178654, 0.6564232100473297, 0.29224536994517436, 0.6596231091705356, 0.629365131022366, 0.4619819572813424]], "lookup_table": [[[5.5312891269870255, 2.196374355068837, 2.832220723250541, 6.229067048932181, 1.7751352004394012, 2.233601835029501, 2.311378796275777, 2.066461393487805, 1.1508448405640468, 3.864856988789411, 5.998718376191112, 5.270125085447247, 4.83910288584877, 1.6545132147207209, 3.380776679108869, 4.710398450139309, -0.4961741546296712, 0.006099004543841655, -0.026863824979055113, 0.5794502442667795, 0.5976030059699919, 0.7000266287193331, 0.40710185804977095, 0.9348260215114367, -0.925514180775659, 0.8728580575304441, 0.22663938029178654, 0.6564232100473297, -1.0756252926422105, 2.494769827488232, -0.6802121172507274, 0.46198195789441565], [5.6504977959224805, 2.0640751979077114, 3.2218878302985465, 6.229067048932181, 1.7751352004394012, 2.233601835029501, 2.1753153284485793, 1.9452058210045813, 1.0801010203797101, 3.864856988789411, 5.998718376191112, 5.270125085447247, 4.703716932774506, 1.55037375417692, 3.1119713651306724, 4.696248031449092, -0.0518437217169901, 0.24542131040452445, 0.42304618652785675, 0.5794502442667795, 0.5976030059699919, 0.7000266287193331, 0.0032400401448490664, 0.38008647210332674, -1.7406742313249233, 0.8728580575304441, 0.22663938029178654, 0.6564232100473297, -2.2460455123585112, 1.4224925580860788, 2.6658439321060508, 0.46198195807913295]]]}}