{"iterations": 1000, "returned_params": [[[[]], [[]], [[]], [[]], [[3.132719479797464, 1.2464552026773152, 5.594069124072227, 5.691977942962301, 3.3944930821085464, 5.653545009941311, 3.1395009104505913, 4.8594789943355226, 1.9236650103817947, 6.138126006912618, 0.42810001652835794, 4.311557894511821, 4.649405306892664, 2.1059334178480005, 0.5656068858251675, 6.259981663140443]], [[0.08931952017432945, 0.35259101381073743, -0.5079589081018661, 0.9708790947015569, 0.9690607373370841, 0.8147413540075523, 0.0007745979420527638, 0.33612198112816766, 0.12252188622900151, 0.9764140210558472, 0.44385765967405, 0.8783479703876942, 1.5510551511648416, -0.4894046882338885, -1.791888005288167, 0.34859224396242183]]], [[[]], [[]], [[]], [[]], [[2.7760930113848006, 1.6112698824235219, 5.703177721832063, 5.691977942962301, 3.3944930821085464, 5.653545009941311, 3.567893947741071, 4.6131035902284605, 1.6758595193520556, 6.138126006912618, 0.42810001652835794, 4.311557894511821, 4.674267679224495, 2.040325149628816, 0.6069891282533261, 6.147273970930254]], [[0.7586294541007368, 0.5914761432103071, 0.899347443089162, 0.9708790947015569, 0.9690607373370841, 0.8147413540075523, -0.19666421951660903, -0.968246505644976, -0.5857300122535652, 0.9764140210558472, 0.44385765967405, 0.8783479703876942, 0.8284392447127782, -0.7204827256729093, -1.3784921868938826, 0.3485922442014192]]], [[[]], [[]], [[]], [[]], [[2.9917153967504255, 1.436364753145633, 5.56890384545526, 5.691977942962301, 3.3944930821085464, 5.653545009941311, 3.3257396039463507, 4.801204458011329, 1.2833327236673329, 6.138126006912618, 0.42810001652835794, 4.311557894511821, 4.633768226456957, 2.0960231202081006, 0.6302623832490937, 6.2182549347512825]], [[0.08931952017432945, 0.35259101381073743, -0.5079589081018661, 0.9708790947015569, 0.9690607373370841, 0.8147413540075523, 0.0007745979420527638, 0.33612198112816766, 0.12252188622900151, 0.9764140210558472, 0.44385765967405, 0.8783479703876942, 1.5510551511648416, -0.4894046882338885, -1.791888005288167, 0.34859224396242183]]]], "final_fidelity": 0.7803791713469305, "final_purity": -1, "optimized_trainable_parameters": {"initial_params": [[], [], [], [], [3.132719479797464, 1.2464552026773152, 5.594069124072227, 5.691977942962301, 3.3944930821085464, 5.653545009941311, 3.1395009104505913, 4.8594789943355226, 1.9236650103817947, 6.138126006912618, 0.42810001652835794, 4.311557894511821, 4.649405306892664, 2.1059334178480005, 0.5656068858251675, 6.259981663140443], [0.9896361588068807, 0.601678237573869, 0.767188097525503, 0.9708790947015569, 0.9690607373370841, 0.8147413540075523, 0.3231783462593578, 0.5958355450488748, 0.24880720810922852, 0.9764140210558472, 0.44385765967405, 0.8783479703876942, 0.8112416341793036, 0.2098910714741249, 0.017874358514248456, 0.3485922450937331]], "lookup_table": [[[2.9917153967504255, 1.436364753145633, 5.56890384545526, 5.691977942962301, 3.3944930821085464, 5.653545009941311, 3.3257396039463507, 4.801204458011329, 1.2833327236673329, 6.138126006912618, 0.42810001652835794, 4.311557894511821, 4.633768226456957, 2.0960231202081006, 0.6302623832490937, 6.2182549347512825, 0.7586294541007368, 0.5914761432103071, 0.899347443089162, 0.9708790947015569, 0.9690607373370841, 0.8147413540075523, -0.19666421951660903, -0.968246505644976, -0.5857300122535652, 0.9764140210558472, 0.44385765967405, 0.8783479703876942, 0.8284392447127782, -0.7204827256729093, -1.3784921868938826, 0.3485922442014192], [2.7760930113848006, 1.6112698824235219, 5.703177721832063, 5.691977942962301, 3.3944930821085464, 5.653545009941311, 3.567893947741071, 4.6131035902284605, 1.6758595193520556, 6.138126006912618, 0.42810001652835794, 4.311557894511821, 4.674267679224495, 2.040325149628816, 0.6069891282533261, 6.147273970930254, 0.08931952017432945, 0.35259101381073743, -0.5079589081018661, 0.9708790947015569, 0.9690607373370841, 0.8147413540075523, 0.0007745979420527638, 0.33612198112816766, 0.12252188622900151, 0.9764140210558472, 0.44385765967405, 0.8783479703876942, 1.5510551511648416, -0.4894046882338885, -1.791888005288167, 0.34859224396242183]]]}}