{"fidelities_each_sample": [0.388708708906531, 0.42035146765848397, 0.4710439830192727], "average_fidelity": 0.4267013865280959, "training_params": {"N_samples": 3, "N_training_iterations": 1000, "learning_rate": 0.01, "convergence_threshold": 1e-06, "batch_size": 8, "eval_batch_size": 16, "evaluation_time_steps": 100}}