{"iterations": 1000, "returned_params": [[[[]], [[]], [[]], [[]], [[3.1449305007670296, 1.2013009706879503, 5.286445311366253, 5.691977942962301, 3.3944930821085464, 5.653545009941311, 3.183087467398465, 4.7639623681125505, 1.8569410195701201, 6.138126006912618, 0.42810001652835794, 4.311557894511821, 4.84263717974025, 2.1958206972644705, 0.6583532903886823, 6.206838670895888]], [[0.0761016209566322, 0.3281007010550629, -0.23895428933901072, 0.9708790947015569, 0.9690607373370841, 0.8147413540075523, -0.0007503466217916887, 0.21178154176023312, 0.01487029403194216, 0.9764140210558472, 0.44385765967405, 0.8783479703876942, 2.0228966927084637, -0.4815684267670387, -1.808054928144965, 0.34859224464417826]]], [[[]], [[]], [[]], [[]], [[2.81748892461028, 1.5495414554786653, 5.369839954774926, 5.691977942962301, 3.3944930821085464, 5.653545009941311, 3.4785853978160697, 4.655204171428738, 1.7266971745466073, 6.138126006912618, 0.42810001652835794, 4.311557894511821, 4.81260049166459, 2.1502914308388945, 0.6654088201169897, 6.076502397234604]], [[0.9578549999907509, 0.8835826280901312, 1.0726859966686584, 0.9708790947015569, 0.9690607373370841, 0.8147413540075523, -0.14854693019462095, -0.8221712611498171, -0.12634808488784396, 0.9764140210558472, 0.44385765967405, 0.8783479703876942, 0.9545857695068846, -0.8166838255573255, -1.179295539795083, 0.3485922445523242]]], [[[]], [[]], [[]], [[]], [[3.0351425381233414, 1.3523396682031386, 5.339165119517305, 5.691977942962301, 3.3944930821085464, 5.653545009941311, 3.319879310758785, 4.679311591187534, 1.4824053114565712, 6.138126006912618, 0.42810001652835794, 4.311557894511821, 4.8236450043613415, 2.2161479331132723, 0.6845392342159721, 6.152378957636513]], [[0.0761016209566322, 0.3281007010550629, -0.23895428933901072, 0.9708790947015569, 0.9690607373370841, 0.8147413540075523, -0.0007503466217916887, 0.21178154176023312, 0.01487029403194216, 0.9764140210558472, 0.44385765967405, 0.8783479703876942, 2.0228966927084637, -0.4815684267670387, -1.808054928144965, 0.34859224464417826]]]], "final_fidelity": 0.8842460960183933, "final_purity": -1, "optimized_trainable_parameters": {"initial_params": [[], [], [], [], [3.1449305007670296, 1.2013009706879503, 5.286445311366253, 5.691977942962301, 3.3944930821085464, 5.653545009941311, 3.183087467398465, 4.7639623681125505, 1.8569410195701201, 6.138126006912618, 0.42810001652835794, 4.311557894511821, 4.84263717974025, 2.1958206972644705, 0.6583532903886823, 6.206838670895888], [0.9896361588068807, 0.601678237573869, 0.767188097525503, 0.9708790947015569, 0.9690607373370841, 0.8147413540075523, 0.3231783462593578, 0.5958355450488748, 0.24880720810922852, 0.9764140210558472, 0.44385765967405, 0.8783479703876942, 0.8112416341793036, 0.2098910714741249, 0.017874358514248456, 0.3485922450937331]], "lookup_table": [[[3.0351425381233414, 1.3523396682031386, 5.339165119517305, 5.691977942962301, 3.3944930821085464, 5.653545009941311, 3.319879310758785, 4.679311591187534, 1.4824053114565712, 6.138126006912618, 0.42810001652835794, 4.311557894511821, 4.8236450043613415, 2.2161479331132723, 0.6845392342159721, 6.152378957636513, 0.9578549999907509, 0.8835826280901312, 1.0726859966686584, 0.9708790947015569, 0.9690607373370841, 0.8147413540075523, -0.14854693019462095, -0.8221712611498171, -0.12634808488784396, 0.9764140210558472, 0.44385765967405, 0.8783479703876942, 0.9545857695068846, -0.8166838255573255, -1.179295539795083, 0.3485922445523242], [2.81748892461028, 1.5495414554786653, 5.369839954774926, 5.691977942962301, 3.3944930821085464, 5.653545009941311, 3.4785853978160697, 4.655204171428738, 1.7266971745466073, 6.138126006912618, 0.42810001652835794, 4.311557894511821, 4.81260049166459, 2.1502914308388945, 0.6654088201169897, 6.076502397234604, 0.0761016209566322, 0.3281007010550629, -0.23895428933901072, 0.9708790947015569, 0.9690607373370841, 0.8147413540075523, -0.0007503466217916887, 0.21178154176023312, 0.01487029403194216, 0.9764140210558472, 0.44385765967405, 0.8783479703876942, 2.0228966927084637, -0.4815684267670387, -1.808054928144965, 0.34859224464417826]]]}}