{"iterations": 1000, "returned_params": [[[[]], [[]], [[]], [[]], [[4.6750360085038905, 3.5531887906039596, 1.177080937848595, 0.5282731776255372, 4.188329780587534, 5.943598571023818, 3.352142221580173, 0.9094698259566432, 5.6615976240650925, 1.4568735348880524, 0.14305404372782343, 1.553603425195241, 6.070848287355424, 6.183376292175453, 6.183969944371771, 1.5707963267948963]], [[1.6833280463335971, -0.08968646605762218, 1.4511199482464947, 0.3442831087060272, 0.1798085856277949, 0.5937222710409478, 1.6683322976850374, -0.5450477202440663, 1.8872407569612748, 0.38095476215895285, 0.8719235294154941, 0.037596389410944786, -0.24430930152708072, 0.3238910007060448, -0.16819412489087826, 0.06977553507974855]]], [[[]], [[]], [[]], [[]], [[4.595976646595605, 3.7986921642113955, 0.9634250200116855, 0.5282731776255372, 4.188329780587534, 5.943598571023818, 3.354087601580592, 0.9341607537244521, 5.893347171557023, 1.4568735348880524, 0.14305404372782343, 1.553603425195241, 6.003433648213781, 6.22879349719328, 6.21962085651227, 1.5707963267646645]], [[0.06894122105501199, -0.009399601156907625, 0.9794838017423729, 0.3442831087060272, 0.1798085856277949, 0.5937222710409478, 0.016673437732748108, -0.00314767091877453, 1.6471949718595524, 0.38095476215895285, 0.8719235294154941, 0.037596389410944786, 1.5049080780384416, -0.8623191534631854, 1.4245708792387952, 0.0697755349158862]]], [[[]], [[]], [[]], [[]], [[5.216249992652582, 3.060660358204614, 0.8261459414641517, 0.5282731776255372, 4.188329780587534, 5.943598571023818, 3.205929769745166, 0.8435054759175676, 4.461065950255316, 1.4568735348880524, 0.14305404372782343, 1.553603425195241, 6.424240833331974, 6.293189620871811, 6.298009322798712, 1.571367673313289]], [[0.06894122105501199, -0.009399601156907625, 0.9794838017423729, 0.3442831087060272, 0.1798085856277949, 0.5937222710409478, 0.016673437732748108, -0.00314767091877453, 1.6471949718595524, 0.38095476215895285, 0.8719235294154941, 0.037596389410944786, 1.5049080780384416, -0.8623191534631854, 1.4245708792387952, 0.0697755349158862]]]], "final_fidelity": 0.9159333902737822, "final_purity": -1, "optimized_trainable_parameters": {"initial_params": [[], [], [], [], [4.6750360085038905, 3.5531887906039596, 1.177080937848595, 0.5282731776255372, 4.188329780587534, 5.943598571023818, 3.352142221580173, 0.9094698259566432, 5.6615976240650925, 1.4568735348880524, 0.14305404372782343, 1.553603425195241, 6.070848287355424, 6.183376292175453, 6.183969944371771, 1.5707963267948963], [0.7629686968030167, 0.5157779310907755, 0.7615436436554233, 0.3442831087060272, 0.1798085856277949, 0.5937222710409478, 0.8030427624105341, 0.2090485622535314, 0.9636188991405543, 0.38095476215895285, 0.8719235294154941, 0.037596389410944786, 0.5967162494642011, 0.520225493689553, 0.1669604703213785, 0.0697755349439706]], "lookup_table": [[[4.595976646595605, 3.7986921642113955, 0.9634250200116855, 0.5282731776255372, 4.188329780587534, 5.943598571023818, 3.354087601580592, 0.9341607537244521, 5.893347171557023, 1.4568735348880524, 0.14305404372782343, 1.553603425195241, 6.003433648213781, 6.22879349719328, 6.21962085651227, 1.5707963267646645, 1.6833280463335971, -0.08968646605762218, 1.4511199482464947, 0.3442831087060272, 0.1798085856277949, 0.5937222710409478, 1.6683322976850374, -0.5450477202440663, 1.8872407569612748, 0.38095476215895285, 0.8719235294154941, 0.037596389410944786, -0.24430930152708072, 0.3238910007060448, -0.16819412489087826, 0.06977553507974855], [5.216249992652582, 3.060660358204614, 0.8261459414641517, 0.5282731776255372, 4.188329780587534, 5.943598571023818, 3.205929769745166, 0.8435054759175676, 4.461065950255316, 1.4568735348880524, 0.14305404372782343, 1.553603425195241, 6.424240833331974, 6.293189620871811, 6.298009322798712, 1.571367673313289, 0.06894122105501199, -0.009399601156907625, 0.9794838017423729, 0.3442831087060272, 0.1798085856277949, 0.5937222710409478, 0.016673437732748108, -0.00314767091877453, 1.6471949718595524, 0.38095476215895285, 0.8719235294154941, 0.037596389410944786, 1.5049080780384416, -0.8623191534631854, 1.4245708792387952, 0.0697755349158862]]]}}