{"iterations": 1000, "returned_params": [[[[]], [[]], [[]], [[]], [[5.386220892331071, 2.456329554768502, 4.746263293273266, 6.229067048932181, 1.7751352004394012, 2.233601835029501, 1.9547958075020173, 1.9523793403575074, 1.2522389539706922, 3.864856988789411, 5.998718376191112, 5.270125085447247, 4.797588066017875, 0.3510422848512584, 3.1137337120940787, 4.707164119308753]], [[-0.5329214769441625, 0.10967075499336133, -0.1354655481987648, 0.5794502442667795, 0.5976030059699919, 0.7000266287193331, 0.4046647485167982, 0.9819338942744329, -0.9890151479074438, 0.8728580575304441, 0.22663938029178654, 0.6564232100473297, -1.0134463191119107, 2.4895670619491637, -0.681157946477933, 0.4619819572804433]]], [[[]], [[]], [[]], [[]], [[5.548489486970354, 2.1412921019593587, 2.9468452389588227, 6.229067048932181, 1.7751352004394012, 2.233601835029501, 2.414928878095946, 2.118824419312156, 1.0054497072816806, 3.864856988789411, 5.998718376191112, 5.270125085447247, 4.81119258862505, 1.6117442015655101, 3.2668980449835563, 4.707039185061189]], [[-0.5329214769441625, 0.10967075499336133, -0.1354655481987648, 0.5794502442667795, 0.5976030059699919, 0.7000266287193331, 0.4046647485167982, 0.9819338942744329, -0.9890151479074438, 0.8728580575304441, 0.22663938029178654, 0.6564232100473297, -1.0134463191119107, 2.4895670619491637, -0.681157946477933, 0.4619819572804433]]], [[[]], [[]], [[]], [[]], [[5.548489486970354, 2.1412921019593587, 2.9468452389588227, 6.229067048932181, 1.7751352004394012, 2.233601835029501, 2.414928878095946, 2.118824419312156, 1.0054497072816806, 3.864856988789411, 5.998718376191112, 5.270125085447247, 4.81119258862505, 1.6117442015655101, 3.2668980449835563, 4.707039185061189]], [[-0.06312757235370424, 0.2919946751052163, 0.34550552462138145, 0.5794502442667795, 0.5976030059699919, 0.7000266287193331, 0.02089795629380476, 0.43926759295546425, -1.5231491341441008, 0.8728580575304441, 0.22663938029178654, 0.6564232100473297, -2.2814952967264603, 1.58058067296296, 2.6962357061759095, 0.4619819577520919]]]], "final_fidelity": 0.985697362705895, "final_purity": -1, "optimized_trainable_parameters": {"initial_params": [[], [], [], [], [5.386220892331071, 2.456329554768502, 4.746263293273266, 6.229067048932181, 1.7751352004394012, 2.233601835029501, 1.9547958075020173, 1.9523793403575074, 1.2522389539706922, 3.864856988789411, 5.998718376191112, 5.270125085447247, 4.797588066017875, 0.3510422848512584, 3.1137337120940787, 4.707164119308753], [0.08062436666431605, 0.923948835561414, 0.7339523451366718, 0.5794502442667795, 0.5976030059699919, 0.7000266287193331, 0.8056200973061387, 0.8894700350923472, 0.07627888141344874, 0.8728580575304441, 0.22663938029178654, 0.6564232100473297, 0.29224536994517436, 0.6596231091705356, 0.629365131022366, 0.4619819572813424]], "lookup_table": [[[5.548489486970354, 2.1412921019593587, 2.9468452389588227, 6.229067048932181, 1.7751352004394012, 2.233601835029501, 2.414928878095946, 2.118824419312156, 1.0054497072816806, 3.864856988789411, 5.998718376191112, 5.270125085447247, 4.81119258862505, 1.6117442015655101, 3.2668980449835563, 4.707039185061189, -0.5329214769441625, 0.10967075499336133, -0.1354655481987648, 0.5794502442667795, 0.5976030059699919, 0.7000266287193331, 0.4046647485167982, 0.9819338942744329, -0.9890151479074438, 0.8728580575304441, 0.22663938029178654, 0.6564232100473297, -1.0134463191119107, 2.4895670619491637, -0.681157946477933, 0.4619819572804433], [5.607692384466637, 2.0640580466263367, 3.223985276717517, 6.229067048932181, 1.7751352004394012, 2.233601835029501, 2.2477712497902775, 1.9988802579445342, 1.142778046894471, 3.864856988789411, 5.998718376191112, 5.270125085447247, 4.7112653192628375, 1.557689969400634, 3.1335605599380596, 4.70340741731446, -0.06312757235370424, 0.2919946751052163, 0.34550552462138145, 0.5794502442667795, 0.5976030059699919, 0.7000266287193331, 0.02089795629380476, 0.43926759295546425, -1.5231491341441008, 0.8728580575304441, 0.22663938029178654, 0.6564232100473297, -2.2814952967264603, 1.58058067296296, 2.6962357061759095, 0.4619819577520919]]]}}