{"iterations": 1000, "returned_params": [[[[]], [[]], [[]], [[]], [[3.10270450236795, 1.227730858491011, 5.508367522919351, 5.691977942962301, 3.3944930821085464, 5.653545009941311, 3.0886841099470894, 4.804859927692415, 1.936526786464404, 6.138126006912618, 0.42810001652835794, 4.311557894511821, 4.810276269593991, 2.1594131761609217, 0.5959978132542799, 6.265393523193047]], [[0.09383917198905442, 0.36006282474380535, -0.34202507176371383, 0.9708790947015569, 0.9690607373370841, 0.8147413540075523, 0.0016443722562422384, 0.26332890008052673, 0.16519556115167344, 0.9764140210558472, 0.44385765967405, 0.8783479703876942, 1.9737636365234827, -0.5673022780208322, -1.7541438533308489, 0.3485922458021721]]], [[[]], [[]], [[]], [[]], [[2.7734656623758824, 1.5517670376675048, 5.600195308667041, 5.691977942962301, 3.3944930821085464, 5.653545009941311, 3.4888161107667197, 4.581254445565641, 1.8127835796976728, 6.138126006912618, 0.42810001652835794, 4.311557894511821, 4.7647927825027665, 2.1327290855798586, 0.6186274634720664, 6.117354021328304]], [[0.9119060192819861, 0.8150786577802055, 0.9805638185106799, 0.9708790947015569, 0.9690607373370841, 0.8147413540075523, -0.18616796071409486, -0.8778602983392705, -0.24585083505702574, 0.9764140210558472, 0.44385765967405, 0.8783479703876942, 0.9220856701880733, -0.7466901878681507, -1.293987362476409, 0.3485922456581521]]], [[[]], [[]], [[]], [[]], [[2.946440660803384, 1.4245044670812816, 5.412690310444513, 5.691977942962301, 3.3944930821085464, 5.653545009941311, 3.3492909052173068, 4.799544200949971, 1.2755487806147352, 6.138126006912618, 0.42810001652835794, 4.311557894511821, 4.63028269033339, 2.1956789187126122, 0.6004990215380798, 6.21701724492383]], [[0.09383917198905442, 0.36006282474380535, -0.34202507176371383, 0.9708790947015569, 0.9690607373370841, 0.8147413540075523, 0.0016443722562422384, 0.26332890008052673, 0.16519556115167344, 0.9764140210558472, 0.44385765967405, 0.8783479703876942, 1.9737636365234827, -0.5673022780208322, -1.7541438533308489, 0.3485922458021721]]]], "final_fidelity": 0.8068016172365008, "final_purity": -1, "optimized_trainable_parameters": {"initial_params": [[], [], [], [], [3.10270450236795, 1.227730858491011, 5.508367522919351, 5.691977942962301, 3.3944930821085464, 5.653545009941311, 3.0886841099470894, 4.804859927692415, 1.936526786464404, 6.138126006912618, 0.42810001652835794, 4.311557894511821, 4.810276269593991, 2.1594131761609217, 0.5959978132542799, 6.265393523193047], [0.9896361588068807, 0.601678237573869, 0.767188097525503, 0.9708790947015569, 0.9690607373370841, 0.8147413540075523, 0.3231783462593578, 0.5958355450488748, 0.24880720810922852, 0.9764140210558472, 0.44385765967405, 0.8783479703876942, 0.8112416341793036, 0.2098910714741249, 0.017874358514248456, 0.3485922450937331]], "lookup_table": [[[2.946440660803384, 1.4245044670812816, 5.412690310444513, 5.691977942962301, 3.3944930821085464, 5.653545009941311, 3.3492909052173068, 4.799544200949971, 1.2755487806147352, 6.138126006912618, 0.42810001652835794, 4.311557894511821, 4.63028269033339, 2.1956789187126122, 0.6004990215380798, 6.21701724492383, 0.9119060192819861, 0.8150786577802055, 0.9805638185106799, 0.9708790947015569, 0.9690607373370841, 0.8147413540075523, -0.18616796071409486, -0.8778602983392705, -0.24585083505702574, 0.9764140210558472, 0.44385765967405, 0.8783479703876942, 0.9220856701880733, -0.7466901878681507, -1.293987362476409, 0.3485922456581521], [2.7734656623758824, 1.5517670376675048, 5.600195308667041, 5.691977942962301, 3.3944930821085464, 5.653545009941311, 3.4888161107667197, 4.581254445565641, 1.8127835796976728, 6.138126006912618, 0.42810001652835794, 4.311557894511821, 4.7647927825027665, 2.1327290855798586, 0.6186274634720664, 6.117354021328304, 0.09383917198905442, 0.36006282474380535, -0.34202507176371383, 0.9708790947015569, 0.9690607373370841, 0.8147413540075523, 0.0016443722562422384, 0.26332890008052673, 0.16519556115167344, 0.9764140210558472, 0.44385765967405, 0.8783479703876942, 1.9737636365234827, -0.5673022780208322, -1.7541438533308489, 0.3485922458021721]]]}}