{"iterations": 1000, "returned_params": [[[[]], [[]], [[]], [[]], [[2.8252348352695615, 1.0002342433042815, 5.216409066816954, 5.691977942962301, 3.3944930821085464, 5.653545009941311, 3.819996494547, 5.178432164702058, 0.7618243449019718, 6.138126006912618, 0.42810001652835794, 4.311557894511821, 4.691154537443862, 2.1067216518333445, 1.3506535595370737, 6.1088090872315925]], [[0.23816758453336476, 0.591160153783384, 0.29922756716577065, 0.9708790947015569, 0.9690607373370841, 0.8147413540075523, -0.019800268170873877, -0.09559829279889216, 0.6334970380089504, 0.9764140210558472, 0.44385765967405, 0.8783479703876942, 0.34815699660444716, 0.25035083335003944, -1.1189000347661495, 0.3485922452265757]]], [[[]], [[]], [[]], [[]], [[2.5197970220452546, 1.2314587448817689, 4.965511834787136, 5.691977942962301, 3.3944930821085464, 5.653545009941311, 3.7165543491407034, 5.125763069610945, 0.5308315250989076, 6.138126006912618, 0.42810001652835794, 4.311557894511821, 4.728158647553542, 2.3579186799908998, 1.0927984986936354, 5.884277029131374]], [[-0.026113264542006888, -0.3364616931618916, 0.0021757232831680936, 0.9708790947015569, 0.9690607373370841, 0.8147413540075523, -0.031469310266738174, 0.005115701349357516, 0.6920615001503061, 0.9764140210558472, 0.44385765967405, 0.8783479703876942, 0.2413308925307144, -0.2908897439290763, -1.1963506682312108, 0.34859224557995233]]], [[[]], [[]], [[]], [[]], [[2.60097635802246, 1.2992551362971863, 5.1232164873892305, 5.691977942962301, 3.3944930821085464, 5.653545009941311, 3.685248415936852, 5.104229705509956, 0.6015664038766799, 6.138126006912618, 0.42810001652835794, 4.311557894511821, 4.6974307317081445, 2.264655924439643, 1.175305611343281, 5.870737207281553]], [[0.23816758453336476, 0.591160153783384, 0.29922756716577065, 0.9708790947015569, 0.9690607373370841, 0.8147413540075523, -0.019800268170873877, -0.09559829279889216, 0.6334970380089504, 0.9764140210558472, 0.44385765967405, 0.8783479703876942, 0.34815699660444716, 0.25035083335003944, -1.1189000347661495, 0.3485922452265757]]]], "final_fidelity": 0.6043079286897313, "final_purity": -1, "optimized_trainable_parameters": {"initial_params": [[], [], [], [], [2.8252348352695615, 1.0002342433042815, 5.216409066816954, 5.691977942962301, 3.3944930821085464, 5.653545009941311, 3.819996494547, 5.178432164702058, 0.7618243449019718, 6.138126006912618, 0.42810001652835794, 4.311557894511821, 4.691154537443862, 2.1067216518333445, 1.3506535595370737, 6.1088090872315925], [0.9896361588068807, 0.601678237573869, 0.767188097525503, 0.9708790947015569, 0.9690607373370841, 0.8147413540075523, 0.3231783462593578, 0.5958355450488748, 0.24880720810922852, 0.9764140210558472, 0.44385765967405, 0.8783479703876942, 0.8112416341793036, 0.2098910714741249, 0.017874358514248456, 0.3485922450937331]], "lookup_table": [[[2.60097635802246, 1.2992551362971863, 5.1232164873892305, 5.691977942962301, 3.3944930821085464, 5.653545009941311, 3.685248415936852, 5.104229705509956, 0.6015664038766799, 6.138126006912618, 0.42810001652835794, 4.311557894511821, 4.6974307317081445, 2.264655924439643, 1.175305611343281, 5.870737207281553, -0.026113264542006888, -0.3364616931618916, 0.0021757232831680936, 0.9708790947015569, 0.9690607373370841, 0.8147413540075523, -0.031469310266738174, 0.005115701349357516, 0.6920615001503061, 0.9764140210558472, 0.44385765967405, 0.8783479703876942, 0.2413308925307144, -0.2908897439290763, -1.1963506682312108, 0.34859224557995233], [2.5197970220452546, 1.2314587448817689, 4.965511834787136, 5.691977942962301, 3.3944930821085464, 5.653545009941311, 3.7165543491407034, 5.125763069610945, 0.5308315250989076, 6.138126006912618, 0.42810001652835794, 4.311557894511821, 4.728158647553542, 2.3579186799908998, 1.0927984986936354, 5.884277029131374, 0.23816758453336476, 0.591160153783384, 0.29922756716577065, 0.9708790947015569, 0.9690607373370841, 0.8147413540075523, -0.019800268170873877, -0.09559829279889216, 0.6334970380089504, 0.9764140210558472, 0.44385765967405, 0.8783479703876942, 0.34815699660444716, 0.25035083335003944, -1.1189000347661495, 0.3485922452265757]]]}}