{"iterations": 1000, "returned_params": [[[[]], [[]], [[]], [[]], [[5.56458118796123, 2.4317586989569855, 4.266924006671557, 6.229067048932181, 1.7751352004394012, 2.233601835029501, 2.2901871898494712, 1.9568741069989528, 1.0533610716722817, 3.864856988789411, 5.998718376191112, 5.270125085447247, 4.657380338246414, 0.33599304995675183, 2.969211506031704, 4.724336811269376]], [[-0.6030522093215722, -0.031499423070661635, -0.04230942711580353, 0.5794502442667795, 0.5976030059699919, 0.7000266287193331, 0.5443160081721058, 0.9657290418820555, -0.9856728881701975, 0.8728580575304441, 0.22663938029178654, 0.6564232100473297, -1.0959615614788352, 2.149911965525519, -0.2992819967560602, 0.4619819565226409]]], [[[]], [[]], [[]], [[]], [[5.559706964343332, 2.115322962513673, 2.8976720455119196, 6.229067048932181, 1.7751352004394012, 2.233601835029501, 2.4736458125549503, 2.0527962020859656, 1.1623477105062938, 3.864856988789411, 5.998718376191112, 5.270125085447247, 4.7973795055789905, 1.6326732846230514, 3.291827310568723, 4.723191089079589]], [[-0.6030522093215722, -0.031499423070661635, -0.04230942711580353, 0.5794502442667795, 0.5976030059699919, 0.7000266287193331, 0.5443160081721058, 0.9657290418820555, -0.9856728881701975, 0.8728580575304441, 0.22663938029178654, 0.6564232100473297, -1.0959615614788352, 2.149911965525519, -0.2992819967560602, 0.4619819565226409]]], [[[]], [[]], [[]], [[]], [[5.559706964343332, 2.115322962513673, 2.8976720455119196, 6.229067048932181, 1.7751352004394012, 2.233601835029501, 2.4736458125549503, 2.0527962020859656, 1.1623477105062938, 3.864856988789411, 5.998718376191112, 5.270125085447247, 4.7973795055789905, 1.6326732846230514, 3.291827310568723, 4.723191089079589]], [[-0.13940216710561776, 0.5230311493432149, 0.33659887993905147, 0.5794502442667795, 0.5976030059699919, 0.7000266287193331, 0.04099548200524461, 0.6949382982813813, -1.4438042553970871, 0.8728580575304441, 0.22663938029178654, 0.6564232100473297, -2.0944316573111674, 1.8145356604998857, 2.4294676260999775, 0.46198195641753836]]]], "final_fidelity": 0.9781820670315036, "final_purity": -1, "optimized_trainable_parameters": {"initial_params": [[], [], [], [], [5.56458118796123, 2.4317586989569855, 4.266924006671557, 6.229067048932181, 1.7751352004394012, 2.233601835029501, 2.2901871898494712, 1.9568741069989528, 1.0533610716722817, 3.864856988789411, 5.998718376191112, 5.270125085447247, 4.657380338246414, 0.33599304995675183, 2.969211506031704, 4.724336811269376], [0.08062436666431605, 0.923948835561414, 0.7339523451366718, 0.5794502442667795, 0.5976030059699919, 0.7000266287193331, 0.8056200973061387, 0.8894700350923472, 0.07627888141344874, 0.8728580575304441, 0.22663938029178654, 0.6564232100473297, 0.29224536994517436, 0.6596231091705356, 0.629365131022366, 0.4619819572813424]], "lookup_table": [[[5.559706964343332, 2.115322962513673, 2.8976720455119196, 6.229067048932181, 1.7751352004394012, 2.233601835029501, 2.4736458125549503, 2.0527962020859656, 1.1623477105062938, 3.864856988789411, 5.998718376191112, 5.270125085447247, 4.7973795055789905, 1.6326732846230514, 3.291827310568723, 4.723191089079589, -0.6030522093215722, -0.031499423070661635, -0.04230942711580353, 0.5794502442667795, 0.5976030059699919, 0.7000266287193331, 0.5443160081721058, 0.9657290418820555, -0.9856728881701975, 0.8728580575304441, 0.22663938029178654, 0.6564232100473297, -1.0959615614788352, 2.149911965525519, -0.2992819967560602, 0.4619819565226409], [5.602759328586896, 2.0900127821572276, 3.617896571463409, 6.229067048932181, 1.7751352004394012, 2.233601835029501, 2.2683044729864164, 1.8290799245291238, 1.3656966789119092, 3.864856988789411, 5.998718376191112, 5.270125085447247, 4.578587754563231, 1.5280342749083795, 3.1255818842986156, 4.723238635081836, -0.13940216710561776, 0.5230311493432149, 0.33659887993905147, 0.5794502442667795, 0.5976030059699919, 0.7000266287193331, 0.04099548200524461, 0.6949382982813813, -1.4438042553970871, 0.8728580575304441, 0.22663938029178654, 0.6564232100473297, -2.0944316573111674, 1.8145356604998857, 2.4294676260999775, 0.46198195641753836]]]}}