{"iterations": 1000, "returned_params": [[[[]], [[]], [[]], [[]], [[2.876281470438914, 1.0608511446978697, 5.145733721042814, 5.691977942962301, 3.3944930821085464, 5.653545009941311, 3.840067419498233, 5.195300777456929, 0.6815948706857935, 6.138126006912618, 0.42810001652835794, 4.311557894511821, 4.701402264697471, 2.1713264745227483, 1.3529013996858532, 6.196069976374987]], [[0.2211447367546669, 0.5927587230084134, 0.36850112684508085, 0.9708790947015569, 0.9690607373370841, 0.8147413540075523, -0.011023125243698344, -0.1580501337562111, 0.5905013805851215, 0.9764140210558472, 0.44385765967405, 0.8783479703876942, 0.4368833085748743, 0.27261927114507745, -1.1703124369448896, 0.34859224544956363]]], [[[]], [[]], [[]], [[]], [[2.6568509027337543, 1.3875409191364811, 5.28826723633153, 5.691977942962301, 3.3944930821085464, 5.653545009941311, 3.615373907531356, 5.028463563426791, 0.6967835920656962, 6.138126006912618, 0.42810001652835794, 4.311557894511821, 4.721650113909475, 2.3825927526017416, 1.107211952238394, 5.895009210184144]], [[-0.00463283154025844, -0.3590770561587633, 0.3125117993236001, 0.9708790947015569, 0.9690607373370841, 0.8147413540075523, -0.02543710153959134, 0.026189104873882256, 0.6182706653430586, 0.9764140210558472, 0.44385765967405, 0.8783479703876942, -0.19164688725844262, -0.0590987999704334, -0.9693118646515189, 0.3485922458130266]]], [[[]], [[]], [[]], [[]], [[2.7135042377556253, 1.373074785467391, 5.321924590948543, 5.691977942962301, 3.3944930821085464, 5.653545009941311, 3.6236686653648635, 5.042545256127841, 0.5984747944178384, 6.138126006912618, 0.42810001652835794, 4.311557894511821, 4.7294031752571914, 2.284138546872881, 1.2080217652414225, 5.886952193271879]], [[0.2211447367546669, 0.5927587230084134, 0.36850112684508085, 0.9708790947015569, 0.9690607373370841, 0.8147413540075523, -0.011023125243698344, -0.1580501337562111, 0.5905013805851215, 0.9764140210558472, 0.44385765967405, 0.8783479703876942, 0.4368833085748743, 0.27261927114507745, -1.1703124369448896, 0.34859224544956363]]]], "final_fidelity": 0.5802220254070494, "final_purity": -1, "optimized_trainable_parameters": {"initial_params": [[], [], [], [], [2.876281470438914, 1.0608511446978697, 5.145733721042814, 5.691977942962301, 3.3944930821085464, 5.653545009941311, 3.840067419498233, 5.195300777456929, 0.6815948706857935, 6.138126006912618, 0.42810001652835794, 4.311557894511821, 4.701402264697471, 2.1713264745227483, 1.3529013996858532, 6.196069976374987], [0.9896361588068807, 0.601678237573869, 0.767188097525503, 0.9708790947015569, 0.9690607373370841, 0.8147413540075523, 0.3231783462593578, 0.5958355450488748, 0.24880720810922852, 0.9764140210558472, 0.44385765967405, 0.8783479703876942, 0.8112416341793036, 0.2098910714741249, 0.017874358514248456, 0.3485922450937331]], "lookup_table": [[[2.7135042377556253, 1.373074785467391, 5.321924590948543, 5.691977942962301, 3.3944930821085464, 5.653545009941311, 3.6236686653648635, 5.042545256127841, 0.5984747944178384, 6.138126006912618, 0.42810001652835794, 4.311557894511821, 4.7294031752571914, 2.284138546872881, 1.2080217652414225, 5.886952193271879, -0.00463283154025844, -0.3590770561587633, 0.3125117993236001, 0.9708790947015569, 0.9690607373370841, 0.8147413540075523, -0.02543710153959134, 0.026189104873882256, 0.6182706653430586, 0.9764140210558472, 0.44385765967405, 0.8783479703876942, -0.19164688725844262, -0.0590987999704334, -0.9693118646515189, 0.3485922458130266], [2.6568509027337543, 1.3875409191364811, 5.28826723633153, 5.691977942962301, 3.3944930821085464, 5.653545009941311, 3.615373907531356, 5.028463563426791, 0.6967835920656962, 6.138126006912618, 0.42810001652835794, 4.311557894511821, 4.721650113909475, 2.3825927526017416, 1.107211952238394, 5.895009210184144, 0.2211447367546669, 0.5927587230084134, 0.36850112684508085, 0.9708790947015569, 0.9690607373370841, 0.8147413540075523, -0.011023125243698344, -0.1580501337562111, 0.5905013805851215, 0.9764140210558472, 0.44385765967405, 0.8783479703876942, 0.4368833085748743, 0.27261927114507745, -1.1703124369448896, 0.34859224544956363]]]}}