{"fidelities_each_sample": [0.42105222938109726, 0.40607078427955945, 0.4632374231224267], "average_fidelity": 0.4301201455943611, "training_params": {"N_samples": 3, "N_training_iterations": 1000, "learning_rate": 0.01, "convergence_threshold": 1e-06, "batch_size": 8, "eval_batch_size": 16, "evaluation_time_steps": 100}}