{"fidelities_each_sample": [0.40248902787890173, 0.40919944869287755, 0.4635160598064796], "average_fidelity": 0.425068178792753, "training_params": {"N_samples": 3, "N_training_iterations": 1000, "learning_rate": 0.01, "convergence_threshold": 1e-06, "batch_size": 8, "eval_batch_size": 16, "evaluation_time_steps": 100}}