{"fidelities_each_sample": [0.4354880003090753, 0.408331494685363, 0.47783871228078983], "average_fidelity": 0.44055273575840936, "training_params": {"N_samples": 3, "N_training_iterations": 1000, "learning_rate": 0.01, "convergence_threshold": 1e-06, "batch_size": 8, "eval_batch_size": 16, "evaluation_time_steps": 100}}