{"iterations": 1000, "returned_params": [[[[]], [[]], [[]], [[]], [[2.869919815074625, 1.034992361629971, 5.1973767632075365, 5.691977942962301, 3.3944930821085464, 5.653545009941311, 3.8131330118373192, 5.194649317573169, 0.6736719591100019, 6.138126006912618, 0.42810001652835794, 4.311557894511821, 4.702676180200859, 2.147971255553059, 1.3446344593414223, 6.204231702460071]], [[0.2266077676846363, 0.6012948869087685, 0.3736497846137158, 0.9708790947015569, 0.9690607373370841, 0.8147413540075523, -0.01136818043062468, -0.17214500281181697, 0.5942612850662846, 0.9764140210558472, 0.44385765967405, 0.8783479703876942, 0.4258378097607762, 0.2723899542289849, -1.1679956814779253, 0.3485922452853313]]], [[[]], [[]], [[]], [[]], [[2.6573086786956335, 1.3677975744148716, 5.328121606634453, 5.691977942962301, 3.3944930821085464, 5.653545009941311, 3.6356571710502967, 5.0220490919892455, 0.7044524689861716, 6.138126006912618, 0.42810001652835794, 4.311557894511821, 4.732165502398069, 2.3823875332891378, 1.1086467976326215, 5.896442343058741]], [[-0.007369516975438534, -0.35402066128265813, 0.33780174584417344, 0.9708790947015569, 0.9690607373370841, 0.8147413540075523, -0.02761618569101272, 0.04271433099053358, 0.6085868377945832, 0.9764140210558472, 0.44385765967405, 0.8783479703876942, -0.21541749634670124, -0.044724820611189715, -0.9867261014097768, 0.3485922453716923]]], [[[]], [[]], [[]], [[]], [[2.7516218152798566, 1.3638997220996978, 5.322127871982872, 5.691977942962301, 3.3944930821085464, 5.653545009941311, 3.612346457754963, 5.023764819863459, 0.6173106478930954, 6.138126006912618, 0.42810001652835794, 4.311557894511821, 4.700674035893139, 2.2870494777719483, 1.1997345916979643, 5.897292591655571]], [[0.2266077676846363, 0.6012948869087685, 0.3736497846137158, 0.9708790947015569, 0.9690607373370841, 0.8147413540075523, -0.01136818043062468, -0.17214500281181697, 0.5942612850662846, 0.9764140210558472, 0.44385765967405, 0.8783479703876942, 0.4258378097607762, 0.2723899542289849, -1.1679956814779253, 0.3485922452853313]]]], "final_fidelity": 0.5690613767724533, "final_purity": -1, "optimized_trainable_parameters": {"initial_params": [[], [], [], [], [2.869919815074625, 1.034992361629971, 5.1973767632075365, 5.691977942962301, 3.3944930821085464, 5.653545009941311, 3.8131330118373192, 5.194649317573169, 0.6736719591100019, 6.138126006912618, 0.42810001652835794, 4.311557894511821, 4.702676180200859, 2.147971255553059, 1.3446344593414223, 6.204231702460071], [0.9896361588068807, 0.601678237573869, 0.767188097525503, 0.9708790947015569, 0.9690607373370841, 0.8147413540075523, 0.3231783462593578, 0.5958355450488748, 0.24880720810922852, 0.9764140210558472, 0.44385765967405, 0.8783479703876942, 0.8112416341793036, 0.2098910714741249, 0.017874358514248456, 0.3485922450937331]], "lookup_table": [[[2.7516218152798566, 1.3638997220996978, 5.322127871982872, 5.691977942962301, 3.3944930821085464, 5.653545009941311, 3.612346457754963, 5.023764819863459, 0.6173106478930954, 6.138126006912618, 0.42810001652835794, 4.311557894511821, 4.700674035893139, 2.2870494777719483, 1.1997345916979643, 5.897292591655571, -0.007369516975438534, -0.35402066128265813, 0.33780174584417344, 0.9708790947015569, 0.9690607373370841, 0.8147413540075523, -0.02761618569101272, 0.04271433099053358, 0.6085868377945832, 0.9764140210558472, 0.44385765967405, 0.8783479703876942, -0.21541749634670124, -0.044724820611189715, -0.9867261014097768, 0.3485922453716923], [2.6573086786956335, 1.3677975744148716, 5.328121606634453, 5.691977942962301, 3.3944930821085464, 5.653545009941311, 3.6356571710502967, 5.0220490919892455, 0.7044524689861716, 6.138126006912618, 0.42810001652835794, 4.311557894511821, 4.732165502398069, 2.3823875332891378, 1.1086467976326215, 5.896442343058741, 0.2266077676846363, 0.6012948869087685, 0.3736497846137158, 0.9708790947015569, 0.9690607373370841, 0.8147413540075523, -0.01136818043062468, -0.17214500281181697, 0.5942612850662846, 0.9764140210558472, 0.44385765967405, 0.8783479703876942, 0.4258378097607762, 0.2723899542289849, -1.1679956814779253, 0.3485922452853313]]]}}