{"iterations": 1000, "returned_params": [[[[]], [[]], [[]], [[]], [[3.1568495178388565, 1.1153503225344017, 4.623298704076509, 5.691977942962301, 3.3944930821085464, 5.653545009941311, 3.045809675959392, 4.740230717640424, 1.9298838317715183, 6.138126006912618, 0.42810001652835794, 4.311557894511821, 5.108382884657848, 2.3201579162219144, 0.6797704022078187, 6.046593225192562]], [[0.011894747588304864, 0.2269544764270083, 0.47202003564777234, 0.9708790947015569, 0.9690607373370841, 0.8147413540075523, -0.01350265864895203, -0.008326391413718978, 0.2080110656239775, 0.9764140210558472, 0.44385765967405, 0.8783479703876942, 2.5265662566251157, -0.5396422144115537, -1.0447348409465733, 0.3485922449724702]]], [[[]], [[]], [[]], [[]], [[2.896124170506874, 1.2927646491484182, 5.186034266948417, 5.691977942962301, 3.3944930821085464, 5.653545009941311, 3.10148167883137, 4.7053396718331495, 1.8961217330825075, 6.138126006912618, 0.42810001652835794, 4.311557894511821, 4.999898303208939, 2.104658085237533, 0.8554193872279152, 5.962150597138442]], [[0.9032395399305622, 1.1586788315541885, 1.1817746705061094, 0.9708790947015569, 0.9690607373370841, 0.8147413540075523, -0.06390033527456523, -0.5499306235177572, 0.19599226431358188, 0.9764140210558472, 0.44385765967405, 0.8783479703876942, 0.7054632515669856, -0.9826679454696285, -0.946847062301258, 0.34859224508338543]]], [[[]], [[]], [[]], [[]], [[2.971662884574567, 1.2528693887419233, 5.060991613823516, 5.691977942962301, 3.3944930821085464, 5.653545009941311, 3.002631897674536, 4.531925856136992, 1.5634771458555938, 6.138126006912618, 0.42810001652835794, 4.311557894511821, 4.985343020975807, 2.263349572335807, 0.808036339344117, 6.025045819450336]], [[0.011894747588304864, 0.2269544764270083, 0.47202003564777234, 0.9708790947015569, 0.9690607373370841, 0.8147413540075523, -0.01350265864895203, -0.008326391413718978, 0.2080110656239775, 0.9764140210558472, 0.44385765967405, 0.8783479703876942, 2.5265662566251157, -0.5396422144115537, -1.0447348409465733, 0.3485922449724702]]]], "final_fidelity": 0.90479976245248, "final_purity": -1, "optimized_trainable_parameters": {"initial_params": [[], [], [], [], [3.1568495178388565, 1.1153503225344017, 4.623298704076509, 5.691977942962301, 3.3944930821085464, 5.653545009941311, 3.045809675959392, 4.740230717640424, 1.9298838317715183, 6.138126006912618, 0.42810001652835794, 4.311557894511821, 5.108382884657848, 2.3201579162219144, 0.6797704022078187, 6.046593225192562], [0.9896361588068807, 0.601678237573869, 0.767188097525503, 0.9708790947015569, 0.9690607373370841, 0.8147413540075523, 0.3231783462593578, 0.5958355450488748, 0.24880720810922852, 0.9764140210558472, 0.44385765967405, 0.8783479703876942, 0.8112416341793036, 0.2098910714741249, 0.017874358514248456, 0.3485922450937331]], "lookup_table": [[[2.971662884574567, 1.2528693887419233, 5.060991613823516, 5.691977942962301, 3.3944930821085464, 5.653545009941311, 3.002631897674536, 4.531925856136992, 1.5634771458555938, 6.138126006912618, 0.42810001652835794, 4.311557894511821, 4.985343020975807, 2.263349572335807, 0.808036339344117, 6.025045819450336, 0.9032395399305622, 1.1586788315541885, 1.1817746705061094, 0.9708790947015569, 0.9690607373370841, 0.8147413540075523, -0.06390033527456523, -0.5499306235177572, 0.19599226431358188, 0.9764140210558472, 0.44385765967405, 0.8783479703876942, 0.7054632515669856, -0.9826679454696285, -0.946847062301258, 0.34859224508338543], [2.896124170506874, 1.2927646491484182, 5.186034266948417, 5.691977942962301, 3.3944930821085464, 5.653545009941311, 3.10148167883137, 4.7053396718331495, 1.8961217330825075, 6.138126006912618, 0.42810001652835794, 4.311557894511821, 4.999898303208939, 2.104658085237533, 0.8554193872279152, 5.962150597138442, 0.011894747588304864, 0.2269544764270083, 0.47202003564777234, 0.9708790947015569, 0.9690607373370841, 0.8147413540075523, -0.01350265864895203, -0.008326391413718978, 0.2080110656239775, 0.9764140210558472, 0.44385765967405, 0.8783479703876942, 2.5265662566251157, -0.5396422144115537, -1.0447348409465733, 0.3485922449724702]]]}}