{"fidelities_each_sample": [0.44585824816260544, 0.40787723871052795, 0.47458121689395205], "average_fidelity": 0.44277223458902853, "training_params": {"N_samples": 3, "N_training_iterations": 1000, "learning_rate": 0.01, "convergence_threshold": 1e-06, "batch_size": 8, "eval_batch_size": 16, "evaluation_time_steps": 100}}