{"fidelities_each_sample": [0.45677981208139745, 0.4098434377197616, 0.3969187862602568], "average_fidelity": 0.4211806786871386, "training_params": {"N_samples": 3, "N_training_iterations": 1000, "learning_rate": 0.01, "convergence_threshold": 1e-06, "batch_size": 8, "eval_batch_size": 16, "evaluation_time_steps": 100}}