{"iterations": 1000, "returned_params": [[[[]], [[]], [[]], [[]], [[3.1438461141934333, 1.2019511226596384, 5.134065021138335, 5.691977942962301, 3.3944930821085464, 5.653545009941311, 3.174188752076907, 4.754593126063876, 1.8386377769567572, 6.138126006912618, 0.42810001652835794, 4.311557894511821, 4.877283173884698, 2.228994361240012, 0.6663201773921885, 6.168549690495506]], [[0.0686892706209197, 0.2949905734728252, -0.1909596668416056, 0.9708790947015569, 0.9690607373370841, 0.8147413540075523, -0.007878338341388815, 0.19335701941530026, -0.02450534773172635, 0.9764140210558472, 0.44385765967405, 0.8783479703876942, 2.0962206349308774, -0.5047355515927694, -1.7828565927239428, 0.3485922453037189]]], [[[]], [[]], [[]], [[]], [[2.872705966152268, 1.4762745279964467, 5.296538090465311, 5.691977942962301, 3.3944930821085464, 5.653545009941311, 3.4473662317896556, 4.659340987701815, 1.7785449246778153, 6.138126006912618, 0.42810001652835794, 4.311557894511821, 4.868709354637077, 2.1697914991939142, 0.687741787867034, 6.0656598241941255]], [[0.9579550565621767, 0.9434845915113859, 1.109928114291991, 0.9708790947015569, 0.9690607373370841, 0.8147413540075523, -0.12546408646635074, -0.7807105351751622, -0.06259282418923562, 0.9764140210558472, 0.44385765967405, 0.8783479703876942, 0.939444006059828, -0.8408107441153843, -1.1380595350164227, 0.3485922449586559]]], [[[]], [[]], [[]], [[]], [[3.0355741726518692, 1.3494584561794245, 5.348313960286703, 5.691977942962301, 3.3944930821085464, 5.653545009941311, 3.289669712030934, 4.6430650647290665, 1.5373022854210128, 6.138126006912618, 0.42810001652835794, 4.311557894511821, 4.840871039292332, 2.2331207316065975, 0.7078306501729543, 6.117496598857232]], [[0.0686892706209197, 0.2949905734728252, -0.1909596668416056, 0.9708790947015569, 0.9690607373370841, 0.8147413540075523, -0.007878338341388815, 0.19335701941530026, -0.02450534773172635, 0.9764140210558472, 0.44385765967405, 0.8783479703876942, 2.0962206349308774, -0.5047355515927694, -1.7828565927239428, 0.3485922453037189]]]], "final_fidelity": 0.8902872384434336, "final_purity": -1, "optimized_trainable_parameters": {"initial_params": [[], [], [], [], [3.1438461141934333, 1.2019511226596384, 5.134065021138335, 5.691977942962301, 3.3944930821085464, 5.653545009941311, 3.174188752076907, 4.754593126063876, 1.8386377769567572, 6.138126006912618, 0.42810001652835794, 4.311557894511821, 4.877283173884698, 2.228994361240012, 0.6663201773921885, 6.168549690495506], [0.9896361588068807, 0.601678237573869, 0.767188097525503, 0.9708790947015569, 0.9690607373370841, 0.8147413540075523, 0.3231783462593578, 0.5958355450488748, 0.24880720810922852, 0.9764140210558472, 0.44385765967405, 0.8783479703876942, 0.8112416341793036, 0.2098910714741249, 0.017874358514248456, 0.3485922450937331]], "lookup_table": [[[3.0355741726518692, 1.3494584561794245, 5.348313960286703, 5.691977942962301, 3.3944930821085464, 5.653545009941311, 3.289669712030934, 4.6430650647290665, 1.5373022854210128, 6.138126006912618, 0.42810001652835794, 4.311557894511821, 4.840871039292332, 2.2331207316065975, 0.7078306501729543, 6.117496598857232, 0.9579550565621767, 0.9434845915113859, 1.109928114291991, 0.9708790947015569, 0.9690607373370841, 0.8147413540075523, -0.12546408646635074, -0.7807105351751622, -0.06259282418923562, 0.9764140210558472, 0.44385765967405, 0.8783479703876942, 0.939444006059828, -0.8408107441153843, -1.1380595350164227, 0.3485922449586559], [2.872705966152268, 1.4762745279964467, 5.296538090465311, 5.691977942962301, 3.3944930821085464, 5.653545009941311, 3.4473662317896556, 4.659340987701815, 1.7785449246778153, 6.138126006912618, 0.42810001652835794, 4.311557894511821, 4.868709354637077, 2.1697914991939142, 0.687741787867034, 6.0656598241941255, 0.0686892706209197, 0.2949905734728252, -0.1909596668416056, 0.9708790947015569, 0.9690607373370841, 0.8147413540075523, -0.007878338341388815, 0.19335701941530026, -0.02450534773172635, 0.9764140210558472, 0.44385765967405, 0.8783479703876942, 2.0962206349308774, -0.5047355515927694, -1.7828565927239428, 0.3485922453037189]]]}}