{"iterations": 1000, "returned_params": [[[[]], [[]], [[]], [[]], [[5.445923799588504, 2.460241010997033, 4.147519760406127, 6.229067048932181, 1.7751352004394012, 2.233601835029501, 2.3340070106377975, 1.9288258979580284, 1.006500275558813, 3.864856988789411, 5.998718376191112, 5.270125085447247, 4.7337459240585975, 0.37000966607626595, 2.997184177547473, 4.723586909576418]], [[-0.5671134813356702, 0.20901696334712494, -0.3983552437899908, 0.5794502442667795, 0.5976030059699919, 0.7000266287193331, 0.5864360323711107, 0.9449258731023513, -0.9597778616141203, 0.8728580575304441, 0.22663938029178654, 0.6564232100473297, -0.9787632088083706, 1.9104607226582242, -0.13979905727915048, 0.4619819570424653]]], [[[]], [[]], [[]], [[]], [[5.755201620452544, 2.0188341346656293, 3.0413808677974887, 6.229067048932181, 1.7751352004394012, 2.233601835029501, 2.5766113557536183, 2.020515420336706, 1.1928608344909037, 3.864856988789411, 5.998718376191112, 5.270125085447247, 4.757500800795526, 1.6628368518378716, 3.2410223202577173, 4.712210556806812]], [[-0.5671134813356702, 0.20901696334712494, -0.3983552437899908, 0.5794502442667795, 0.5976030059699919, 0.7000266287193331, 0.5864360323711107, 0.9449258731023513, -0.9597778616141203, 0.8728580575304441, 0.22663938029178654, 0.6564232100473297, -0.9787632088083706, 1.9104607226582242, -0.13979905727915048, 0.4619819570424653]]], [[[]], [[]], [[]], [[]], [[5.755201620452544, 2.0188341346656293, 3.0413808677974887, 6.229067048932181, 1.7751352004394012, 2.233601835029501, 2.5766113557536183, 2.020515420336706, 1.1928608344909037, 3.864856988789411, 5.998718376191112, 5.270125085447247, 4.757500800795526, 1.6628368518378716, 3.2410223202577173, 4.712210556806812]], [[-0.10569742984080259, 0.46811852642525165, 0.1754773811811664, 0.5794502442667795, 0.5976030059699919, 0.7000266287193331, 0.034358137934166116, 0.6329036273452163, -1.1060592615464369, 0.8728580575304441, 0.22663938029178654, 0.6564232100473297, -1.9778782766148975, 1.1874892983813492, 2.865955256012693, 0.46198195778645035]]]], "final_fidelity": 0.9351881213594336, "final_purity": -1, "optimized_trainable_parameters": {"initial_params": [[], [], [], [], [5.445923799588504, 2.460241010997033, 4.147519760406127, 6.229067048932181, 1.7751352004394012, 2.233601835029501, 2.3340070106377975, 1.9288258979580284, 1.006500275558813, 3.864856988789411, 5.998718376191112, 5.270125085447247, 4.7337459240585975, 0.37000966607626595, 2.997184177547473, 4.723586909576418], [0.08062436666431605, 0.923948835561414, 0.7339523451366718, 0.5794502442667795, 0.5976030059699919, 0.7000266287193331, 0.8056200973061387, 0.8894700350923472, 0.07627888141344874, 0.8728580575304441, 0.22663938029178654, 0.6564232100473297, 0.29224536994517436, 0.6596231091705356, 0.629365131022366, 0.4619819572813424]], "lookup_table": [[[5.755201620452544, 2.0188341346656293, 3.0413808677974887, 6.229067048932181, 1.7751352004394012, 2.233601835029501, 2.5766113557536183, 2.020515420336706, 1.1928608344909037, 3.864856988789411, 5.998718376191112, 5.270125085447247, 4.757500800795526, 1.6628368518378716, 3.2410223202577173, 4.712210556806812, -0.5671134813356702, 0.20901696334712494, -0.3983552437899908, 0.5794502442667795, 0.5976030059699919, 0.7000266287193331, 0.5864360323711107, 0.9449258731023513, -0.9597778616141203, 0.8728580575304441, 0.22663938029178654, 0.6564232100473297, -0.9787632088083706, 1.9104607226582242, -0.13979905727915048, 0.4619819570424653], [5.634548402778657, 2.02769468855131, 3.443989251470125, 6.229067048932181, 1.7751352004394012, 2.233601835029501, 2.240535567416237, 1.9062309273630273, 1.3265388683649448, 3.864856988789411, 5.998718376191112, 5.270125085447247, 4.687609113434362, 1.5623764029128442, 3.096242856213547, 4.714573584708076, -0.10569742984080259, 0.46811852642525165, 0.1754773811811664, 0.5794502442667795, 0.5976030059699919, 0.7000266287193331, 0.034358137934166116, 0.6329036273452163, -1.1060592615464369, 0.8728580575304441, 0.22663938029178654, 0.6564232100473297, -1.9778782766148975, 1.1874892983813492, 2.865955256012693, 0.46198195778645035]]]}}