{"iterations": 1000, "returned_params": [[[[]], [[]], [[]], [[]], [[2.8478634108445253, 0.9862682427572014, 5.207194186934234, 5.691977942962301, 3.3944930821085464, 5.653545009941311, 3.9451822600789783, 5.144417367388287, 0.5987686568065632, 6.138126006912618, 0.42810001652835794, 4.311557894511821, 4.696301128486283, 2.110866614233557, 1.3683851801222549, 6.146724651201984]], [[0.24256797800113467, 0.6046365083414358, 0.35067662924700993, 0.9708790947015569, 0.9690607373370841, 0.8147413540075523, -0.030552841607123186, -0.1219496538823502, 0.6122755535917602, 0.9764140210558472, 0.44385765967405, 0.8783479703876942, 0.2616540090869313, 0.2761227126231805, -1.0730717947045878, 0.3485922449090035]]], [[[]], [[]], [[]], [[]], [[2.6335043191209304, 1.2675847268566538, 5.181052365098313, 5.691977942962301, 3.3944930821085464, 5.653545009941311, 3.6480067923213433, 5.095286057332019, 0.6109731563031267, 6.138126006912618, 0.42810001652835794, 4.311557894511821, 4.703855431330863, 2.3689245479387724, 1.1006545212609669, 5.892685692940005]], [[-0.019164813323832013, -0.3241516979897659, 0.18986414234619556, 0.9708790947015569, 0.9690607373370841, 0.8147413540075523, -0.030101273094506744, 0.022391451894405945, 0.6685222592815411, 0.9764140210558472, 0.44385765967405, 0.8783479703876942, -0.049286095586913166, -0.1240634222328278, -1.047398360840436, 0.34859224494294555]]], [[[]], [[]], [[]], [[]], [[2.6859472804303737, 1.3089544609724213, 5.275945532768338, 5.691977942962301, 3.3944930821085464, 5.653545009941311, 3.7065676457689345, 5.049981712447994, 0.5560020671679975, 6.138126006912618, 0.42810001652835794, 4.311557894511821, 4.700862428506262, 2.247463962346871, 1.207533182596465, 5.86997039004777]], [[0.24256797800113467, 0.6046365083414358, 0.35067662924700993, 0.9708790947015569, 0.9690607373370841, 0.8147413540075523, -0.030552841607123186, -0.1219496538823502, 0.6122755535917602, 0.9764140210558472, 0.44385765967405, 0.8783479703876942, 0.2616540090869313, 0.2761227126231805, -1.0730717947045878, 0.3485922449090035]]]], "final_fidelity": 0.6009258860449641, "final_purity": -1, "optimized_trainable_parameters": {"initial_params": [[], [], [], [], [2.8478634108445253, 0.9862682427572014, 5.207194186934234, 5.691977942962301, 3.3944930821085464, 5.653545009941311, 3.9451822600789783, 5.144417367388287, 0.5987686568065632, 6.138126006912618, 0.42810001652835794, 4.311557894511821, 4.696301128486283, 2.110866614233557, 1.3683851801222549, 6.146724651201984], [0.9896361588068807, 0.601678237573869, 0.767188097525503, 0.9708790947015569, 0.9690607373370841, 0.8147413540075523, 0.3231783462593578, 0.5958355450488748, 0.24880720810922852, 0.9764140210558472, 0.44385765967405, 0.8783479703876942, 0.8112416341793036, 0.2098910714741249, 0.017874358514248456, 0.3485922450937331]], "lookup_table": [[[2.6859472804303737, 1.3089544609724213, 5.275945532768338, 5.691977942962301, 3.3944930821085464, 5.653545009941311, 3.7065676457689345, 5.049981712447994, 0.5560020671679975, 6.138126006912618, 0.42810001652835794, 4.311557894511821, 4.700862428506262, 2.247463962346871, 1.207533182596465, 5.86997039004777, -0.019164813323832013, -0.3241516979897659, 0.18986414234619556, 0.9708790947015569, 0.9690607373370841, 0.8147413540075523, -0.030101273094506744, 0.022391451894405945, 0.6685222592815411, 0.9764140210558472, 0.44385765967405, 0.8783479703876942, -0.049286095586913166, -0.1240634222328278, -1.047398360840436, 0.34859224494294555], [2.6335043191209304, 1.2675847268566538, 5.181052365098313, 5.691977942962301, 3.3944930821085464, 5.653545009941311, 3.6480067923213433, 5.095286057332019, 0.6109731563031267, 6.138126006912618, 0.42810001652835794, 4.311557894511821, 4.703855431330863, 2.3689245479387724, 1.1006545212609669, 5.892685692940005, 0.24256797800113467, 0.6046365083414358, 0.35067662924700993, 0.9708790947015569, 0.9690607373370841, 0.8147413540075523, -0.030552841607123186, -0.1219496538823502, 0.6122755535917602, 0.9764140210558472, 0.44385765967405, 0.8783479703876942, 0.2616540090869313, 0.2761227126231805, -1.0730717947045878, 0.3485922449090035]]]}}