{"iterations": 1000, "returned_params": [[[[]], [[]], [[]], [[]], [[3.117799505592155, 1.2475084318702112, 5.420541698674338, 5.691977942962301, 3.3944930821085464, 5.653545009941311, 3.197712375747044, 4.781451018044937, 1.8836864888854212, 6.138126006912618, 0.42810001652835794, 4.311557894511821, 4.8310980474192675, 2.1712254149936525, 0.6280972399115012, 6.262327490779801]], [[0.08208458585513947, 0.3538614884879036, -0.2638694985827043, 0.9708790947015569, 0.9690607373370841, 0.8147413540075523, -0.005201925987244188, 0.22029615275665396, 0.13313580463535, 0.9764140210558472, 0.44385765967405, 0.8783479703876942, 2.019451526703831, -0.5634158525483762, -1.7619910004802968, 0.34859224431289565]]], [[[]], [[]], [[]], [[]], [[2.789285679425851, 1.5760428820733314, 5.468885654829057, 5.691977942962301, 3.3944930821085464, 5.653545009941311, 3.5319835917075344, 4.623896579610511, 1.7665957222640831, 6.138126006912618, 0.42810001652835794, 4.311557894511821, 4.764768135707702, 2.127434046732552, 0.6452822683214718, 6.101034143199317]], [[0.9623843688019778, 0.8245989351500683, 0.9949417338239315, 0.9708790947015569, 0.9690607373370841, 0.8147413540075523, -0.1789754055155726, -0.8720008834205737, -0.19187319385853263, 0.9764140210558472, 0.44385765967405, 0.8783479703876942, 0.9864679629773724, -0.7630770328537828, -1.2670691971158672, 0.3485922454130356]]], [[[]], [[]], [[]], [[]], [[3.0357991819647223, 1.3677829387240925, 5.360034114957231, 5.691977942962301, 3.3944930821085464, 5.653545009941311, 3.3373134822281925, 4.808733744523998, 1.3391130827720217, 6.138126006912618, 0.42810001652835794, 4.311557894511821, 4.6085297676256385, 2.250248939766985, 0.6166320763826177, 6.1911200971841875]], [[0.08208458585513947, 0.3538614884879036, -0.2638694985827043, 0.9708790947015569, 0.9690607373370841, 0.8147413540075523, -0.005201925987244188, 0.22029615275665396, 0.13313580463535, 0.9764140210558472, 0.44385765967405, 0.8783479703876942, 2.019451526703831, -0.5634158525483762, -1.7619910004802968, 0.34859224431289565]]]], "final_fidelity": 0.8569417990009864, "final_purity": -1, "optimized_trainable_parameters": {"initial_params": [[], [], [], [], [3.117799505592155, 1.2475084318702112, 5.420541698674338, 5.691977942962301, 3.3944930821085464, 5.653545009941311, 3.197712375747044, 4.781451018044937, 1.8836864888854212, 6.138126006912618, 0.42810001652835794, 4.311557894511821, 4.8310980474192675, 2.1712254149936525, 0.6280972399115012, 6.262327490779801], [0.9896361588068807, 0.601678237573869, 0.767188097525503, 0.9708790947015569, 0.9690607373370841, 0.8147413540075523, 0.3231783462593578, 0.5958355450488748, 0.24880720810922852, 0.9764140210558472, 0.44385765967405, 0.8783479703876942, 0.8112416341793036, 0.2098910714741249, 0.017874358514248456, 0.3485922450937331]], "lookup_table": [[[3.0357991819647223, 1.3677829387240925, 5.360034114957231, 5.691977942962301, 3.3944930821085464, 5.653545009941311, 3.3373134822281925, 4.808733744523998, 1.3391130827720217, 6.138126006912618, 0.42810001652835794, 4.311557894511821, 4.6085297676256385, 2.250248939766985, 0.6166320763826177, 6.1911200971841875, 0.9623843688019778, 0.8245989351500683, 0.9949417338239315, 0.9708790947015569, 0.9690607373370841, 0.8147413540075523, -0.1789754055155726, -0.8720008834205737, -0.19187319385853263, 0.9764140210558472, 0.44385765967405, 0.8783479703876942, 0.9864679629773724, -0.7630770328537828, -1.2670691971158672, 0.3485922454130356], [2.789285679425851, 1.5760428820733314, 5.468885654829057, 5.691977942962301, 3.3944930821085464, 5.653545009941311, 3.5319835917075344, 4.623896579610511, 1.7665957222640831, 6.138126006912618, 0.42810001652835794, 4.311557894511821, 4.764768135707702, 2.127434046732552, 0.6452822683214718, 6.101034143199317, 0.08208458585513947, 0.3538614884879036, -0.2638694985827043, 0.9708790947015569, 0.9690607373370841, 0.8147413540075523, -0.005201925987244188, 0.22029615275665396, 0.13313580463535, 0.9764140210558472, 0.44385765967405, 0.8783479703876942, 2.019451526703831, -0.5634158525483762, -1.7619910004802968, 0.34859224431289565]]]}}