{"iterations": 1000, "returned_params": [[[[]], [[]], [[]], [[]], [[2.763971153470068, 0.9127140625482401, 5.277609244491429, 5.691977942962301, 3.3944930821085464, 5.653545009941311, 3.7750042008905815, 5.172847294678518, 1.1579981854975006, 6.138126006912618, 0.42810001652835794, 4.311557894511821, 4.7326531730376615, 2.0970805519115507, 1.3354661923151547, 6.08526481001414]], [[0.2114528794934327, 0.5806025758357193, 0.2655813752419687, 0.9708790947015569, 0.9690607373370841, 0.8147413540075523, -0.01582877916605149, -0.10392582288314144, 0.6468282306245924, 0.9764140210558472, 0.44385765967405, 0.8783479703876942, 0.3471331806428495, 0.2775067499434411, -1.150385396614438, 0.3485922449401063]]], [[[]], [[]], [[]], [[]], [[2.3863451630269124, 1.438703030097641, 5.071731389038504, 5.691977942962301, 3.3944930821085464, 5.653545009941311, 3.663074074241909, 5.0922559963619305, 0.7019838786305926, 6.138126006912618, 0.42810001652835794, 4.311557894511821, 4.734518672215216, 2.3306553948108206, 1.1305898091933144, 5.851580538278497]], [[-0.03037997140961764, -0.35935971381181164, -0.11010067048944126, 0.9708790947015569, 0.9690607373370841, 0.8147413540075523, -0.020623981578461282, 0.002950484594000188, 0.7114962681394871, 0.9764140210558472, 0.44385765967405, 0.8783479703876942, 0.5932672864306459, -0.389485762859883, -1.3569953443702951, 0.34859224473677775]]], [[[]], [[]], [[]], [[]], [[2.534648871522587, 1.3590375957227918, 5.186539526714907, 5.691977942962301, 3.3944930821085464, 5.653545009941311, 3.6163158952774723, 5.0868761712555886, 0.7769268440387642, 6.138126006912618, 0.42810001652835794, 4.311557894511821, 4.683300606471472, 2.261776448921415, 1.1614522601757897, 5.869092024955295]], [[0.2114528794934327, 0.5806025758357193, 0.2655813752419687, 0.9708790947015569, 0.9690607373370841, 0.8147413540075523, -0.01582877916605149, -0.10392582288314144, 0.6468282306245924, 0.9764140210558472, 0.44385765967405, 0.8783479703876942, 0.3471331806428495, 0.2775067499434411, -1.150385396614438, 0.3485922449401063]]]], "final_fidelity": 0.6257169822900657, "final_purity": -1, "optimized_trainable_parameters": {"initial_params": [[], [], [], [], [2.763971153470068, 0.9127140625482401, 5.277609244491429, 5.691977942962301, 3.3944930821085464, 5.653545009941311, 3.7750042008905815, 5.172847294678518, 1.1579981854975006, 6.138126006912618, 0.42810001652835794, 4.311557894511821, 4.7326531730376615, 2.0970805519115507, 1.3354661923151547, 6.08526481001414], [0.9896361588068807, 0.601678237573869, 0.767188097525503, 0.9708790947015569, 0.9690607373370841, 0.8147413540075523, 0.3231783462593578, 0.5958355450488748, 0.24880720810922852, 0.9764140210558472, 0.44385765967405, 0.8783479703876942, 0.8112416341793036, 0.2098910714741249, 0.017874358514248456, 0.3485922450937331]], "lookup_table": [[[2.534648871522587, 1.3590375957227918, 5.186539526714907, 5.691977942962301, 3.3944930821085464, 5.653545009941311, 3.6163158952774723, 5.0868761712555886, 0.7769268440387642, 6.138126006912618, 0.42810001652835794, 4.311557894511821, 4.683300606471472, 2.261776448921415, 1.1614522601757897, 5.869092024955295, -0.03037997140961764, -0.35935971381181164, -0.11010067048944126, 0.9708790947015569, 0.9690607373370841, 0.8147413540075523, -0.020623981578461282, 0.002950484594000188, 0.7114962681394871, 0.9764140210558472, 0.44385765967405, 0.8783479703876942, 0.5932672864306459, -0.389485762859883, -1.3569953443702951, 0.34859224473677775], [2.3863451630269124, 1.438703030097641, 5.071731389038504, 5.691977942962301, 3.3944930821085464, 5.653545009941311, 3.663074074241909, 5.0922559963619305, 0.7019838786305926, 6.138126006912618, 0.42810001652835794, 4.311557894511821, 4.734518672215216, 2.3306553948108206, 1.1305898091933144, 5.851580538278497, 0.2114528794934327, 0.5806025758357193, 0.2655813752419687, 0.9708790947015569, 0.9690607373370841, 0.8147413540075523, -0.01582877916605149, -0.10392582288314144, 0.6468282306245924, 0.9764140210558472, 0.44385765967405, 0.8783479703876942, 0.3471331806428495, 0.2775067499434411, -1.150385396614438, 0.3485922449401063]]]}}