{"fidelities_each_sample": [0.4638761191323127, 0.40845629215503515, 0.47937516061365887], "average_fidelity": 0.4505691906336689, "training_params": {"N_samples": 3, "N_training_iterations": 1000, "learning_rate": 0.01, "convergence_threshold": 1e-06, "batch_size": 8, "eval_batch_size": 16, "evaluation_time_steps": 100}}