{"fidelities_each_sample": [0.42143721117749705, 0.43034355355721277, 0.4085825596060031], "average_fidelity": 0.42012110811357095, "training_params": {"N_samples": 3, "N_training_iterations": 1000, "learning_rate": 0.01, "convergence_threshold": 1e-06, "batch_size": 8, "eval_batch_size": 16, "evaluation_time_steps": 100}}