{"fidelities_each_sample": [0.4242116924132256, 0.4084430007965958, 0.4063571380278342], "average_fidelity": 0.41300394374588517, "training_params": {"N_samples": 3, "N_training_iterations": 1000, "learning_rate": 0.01, "convergence_threshold": 1e-06, "batch_size": 8, "eval_batch_size": 16, "evaluation_time_steps": 100}}