{"fidelities_each_sample": [0.4452284955611979, 0.40695536564785767, 0.4301520455311731], "average_fidelity": 0.4274453022467429, "training_params": {"N_samples": 3, "N_training_iterations": 1000, "learning_rate": 0.01, "convergence_threshold": 1e-06, "batch_size": 8, "eval_batch_size": 16, "evaluation_time_steps": 100}}