{"iterations": 1000, "returned_params": [[[[]], [[]], [[]], [[]], [[2.9956250878662756, 1.009513598790266, 4.398622251865731, 5.691977942962301, 3.3944930821085464, 5.653545009941311, 3.040048996613518, 4.672764867827925, 1.6846349887735654, 6.138126006912618, 0.42810001652835794, 4.311557894511821, 5.314491901124024, 2.3948845611487943, 0.6810470717262191, 6.016527521603845]], [[0.00944002827070427, 0.15060170572937578, 1.1806329114896634, 0.9708790947015569, 0.9690607373370841, 0.8147413540075523, -0.017283112841819343, -0.01304587276262957, 1.1657689792119355, 0.9764140210558472, 0.44385765967405, 0.8783479703876942, 2.312310250494885, -0.41143883800088993, -0.4476634781100269, 0.348592245997349]]], [[[]], [[]], [[]], [[]], [[2.825202465573561, 1.1465392122931393, 4.9119681502503605, 5.691977942962301, 3.3944930821085464, 5.653545009941311, 2.8225855072472528, 4.602832101787957, 1.69608525416779, 6.138126006912618, 0.42810001652835794, 4.311557894511821, 5.139354694102461, 2.173570701597416, 0.9064068078004356, 5.942343951463486]], [[1.0296624048438023, 1.3238355600725031, 1.1744950304308823, 0.9708790947015569, 0.9690607373370841, 0.8147413540075523, -0.028005312689802803, -0.3727456132592035, 0.4086037367100341, 0.9764140210558472, 0.44385765967405, 0.8783479703876942, 0.6392495306966928, -0.9429617567294766, -0.8221171316783807, 0.3485922455125141]]], [[[]], [[]], [[]], [[]], [[3.019676818820564, 1.1372712329475994, 4.755630948602816, 5.691977942962301, 3.3944930821085464, 5.653545009941311, 2.8846089215611563, 4.482640425640929, 1.3511099048853286, 6.138126006912618, 0.42810001652835794, 4.311557894511821, 5.172118191265591, 2.3102875154741875, 0.8105845932126509, 5.987423761251911]], [[0.00944002827070427, 0.15060170572937578, 1.1806329114896634, 0.9708790947015569, 0.9690607373370841, 0.8147413540075523, -0.017283112841819343, -0.01304587276262957, 1.1657689792119355, 0.9764140210558472, 0.44385765967405, 0.8783479703876942, 2.312310250494885, -0.41143883800088993, -0.4476634781100269, 0.348592245997349]]]], "final_fidelity": 0.8845526315394846, "final_purity": -1, "optimized_trainable_parameters": {"initial_params": [[], [], [], [], [2.9956250878662756, 1.009513598790266, 4.398622251865731, 5.691977942962301, 3.3944930821085464, 5.653545009941311, 3.040048996613518, 4.672764867827925, 1.6846349887735654, 6.138126006912618, 0.42810001652835794, 4.311557894511821, 5.314491901124024, 2.3948845611487943, 0.6810470717262191, 6.016527521603845], [0.9896361588068807, 0.601678237573869, 0.767188097525503, 0.9708790947015569, 0.9690607373370841, 0.8147413540075523, 0.3231783462593578, 0.5958355450488748, 0.24880720810922852, 0.9764140210558472, 0.44385765967405, 0.8783479703876942, 0.8112416341793036, 0.2098910714741249, 0.017874358514248456, 0.3485922450937331]], "lookup_table": [[[3.019676818820564, 1.1372712329475994, 4.755630948602816, 5.691977942962301, 3.3944930821085464, 5.653545009941311, 2.8846089215611563, 4.482640425640929, 1.3511099048853286, 6.138126006912618, 0.42810001652835794, 4.311557894511821, 5.172118191265591, 2.3102875154741875, 0.8105845932126509, 5.987423761251911, 1.0296624048438023, 1.3238355600725031, 1.1744950304308823, 0.9708790947015569, 0.9690607373370841, 0.8147413540075523, -0.028005312689802803, -0.3727456132592035, 0.4086037367100341, 0.9764140210558472, 0.44385765967405, 0.8783479703876942, 0.6392495306966928, -0.9429617567294766, -0.8221171316783807, 0.3485922455125141], [2.825202465573561, 1.1465392122931393, 4.9119681502503605, 5.691977942962301, 3.3944930821085464, 5.653545009941311, 2.8225855072472528, 4.602832101787957, 1.69608525416779, 6.138126006912618, 0.42810001652835794, 4.311557894511821, 5.139354694102461, 2.173570701597416, 0.9064068078004356, 5.942343951463486, 0.00944002827070427, 0.15060170572937578, 1.1806329114896634, 0.9708790947015569, 0.9690607373370841, 0.8147413540075523, -0.017283112841819343, -0.01304587276262957, 1.1657689792119355, 0.9764140210558472, 0.44385765967405, 0.8783479703876942, 2.312310250494885, -0.41143883800088993, -0.4476634781100269, 0.348592245997349]]]}}