{"iterations": 1000, "returned_params": [[[[]], [[]], [[]], [[]], [[4.671460908919024, 3.5582469324874677, 1.1819178925904401, 0.5282731776255372, 4.188329780587534, 5.943598571023818, 3.3820017210699334, 0.8734479637434402, 5.686430392402381, 1.4568735348880524, 0.14305404372782343, 1.553603425195241, 6.055069056866828, 6.192649011044305, 6.190268682811704, 1.5707963267948961]], [[1.6777478288657, -0.10958349474135229, 1.4189932805536372, 0.3442831087060272, 0.1798085856277949, 0.5937222710409478, 1.65864774246753, -0.5764742133509658, 1.893906925126115, 0.38095476215895285, 0.8719235294154941, 0.037596389410944786, -0.26176777038855664, 0.3035051368499921, -0.12996471827628586, 0.06977553414504252]]], [[[]], [[]], [[]], [[]], [[4.696490553262778, 3.74998701706443, 0.9319148632003806, 0.5282731776255372, 4.188329780587534, 5.943598571023818, 3.365821283453242, 0.8814935863167568, 5.823275401799523, 1.4568735348880524, 0.14305404372782343, 1.553603425195241, 5.970663133626503, 6.25536914932213, 6.212812483663023, 1.5707963267805845]], [[0.06577438987200344, -0.00766033253247016, 0.9934600657764627, 0.3442831087060272, 0.1798085856277949, 0.5937222710409478, 0.01712582730033519, -0.004155247671591493, 1.7094980439699452, 0.38095476215895285, 0.8719235294154941, 0.037596389410944786, 1.578898440429456, -0.8916408233404729, 1.4257656310308078, 0.06977553477558497]]], [[[]], [[]], [[]], [[]], [[5.100117042577163, 3.3531850874806994, 0.6967499240410462, 0.5282731776255372, 4.188329780587534, 5.943598571023818, 3.193627039392845, 0.6002230155955386, 5.500016627092491, 1.4568735348880524, 0.14305404372782343, 1.553603425195241, 6.135023363449318, 6.241124001882796, 6.247712459797418, 1.571245658739964]], [[0.06577438987200344, -0.00766033253247016, 0.9934600657764627, 0.3442831087060272, 0.1798085856277949, 0.5937222710409478, 0.01712582730033519, -0.004155247671591493, 1.7094980439699452, 0.38095476215895285, 0.8719235294154941, 0.037596389410944786, 1.578898440429456, -0.8916408233404729, 1.4257656310308078, 0.06977553477558497]]]], "final_fidelity": 0.9275684777643104, "final_purity": -1, "optimized_trainable_parameters": {"initial_params": [[], [], [], [], [4.671460908919024, 3.5582469324874677, 1.1819178925904401, 0.5282731776255372, 4.188329780587534, 5.943598571023818, 3.3820017210699334, 0.8734479637434402, 5.686430392402381, 1.4568735348880524, 0.14305404372782343, 1.553603425195241, 6.055069056866828, 6.192649011044305, 6.190268682811704, 1.5707963267948961], [0.7629686968030167, 0.5157779310907755, 0.7615436436554233, 0.3442831087060272, 0.1798085856277949, 0.5937222710409478, 0.8030427624105341, 0.2090485622535314, 0.9636188991405543, 0.38095476215895285, 0.8719235294154941, 0.037596389410944786, 0.5967162494642011, 0.520225493689553, 0.1669604703213785, 0.0697755349439706]], "lookup_table": [[[4.696490553262778, 3.74998701706443, 0.9319148632003806, 0.5282731776255372, 4.188329780587534, 5.943598571023818, 3.365821283453242, 0.8814935863167568, 5.823275401799523, 1.4568735348880524, 0.14305404372782343, 1.553603425195241, 5.970663133626503, 6.25536914932213, 6.212812483663023, 1.5707963267805845, 1.6777478288657, -0.10958349474135229, 1.4189932805536372, 0.3442831087060272, 0.1798085856277949, 0.5937222710409478, 1.65864774246753, -0.5764742133509658, 1.893906925126115, 0.38095476215895285, 0.8719235294154941, 0.037596389410944786, -0.26176777038855664, 0.3035051368499921, -0.12996471827628586, 0.06977553414504252], [5.100117042577163, 3.3531850874806994, 0.6967499240410462, 0.5282731776255372, 4.188329780587534, 5.943598571023818, 3.193627039392845, 0.6002230155955386, 5.500016627092491, 1.4568735348880524, 0.14305404372782343, 1.553603425195241, 6.135023363449318, 6.241124001882796, 6.247712459797418, 1.571245658739964, 0.06577438987200344, -0.00766033253247016, 0.9934600657764627, 0.3442831087060272, 0.1798085856277949, 0.5937222710409478, 0.01712582730033519, -0.004155247671591493, 1.7094980439699452, 0.38095476215895285, 0.8719235294154941, 0.037596389410944786, 1.578898440429456, -0.8916408233404729, 1.4257656310308078, 0.06977553477558497]]]}}