{"fidelities_each_sample": [0.42018873148026614, 0.428222196980552, 0.4130839702543814], "average_fidelity": 0.4204982995717332, "training_params": {"N_samples": 3, "N_training_iterations": 1000, "learning_rate": 0.01, "convergence_threshold": 1e-06, "batch_size": 8, "eval_batch_size": 16, "evaluation_time_steps": 100}}