{"iterations": 1000, "returned_params": [[[[]], [[]], [[]], [[]], [[4.651825906177549, 3.546650070658361, 1.180333217692982, 0.5282731776255372, 4.188329780587534, 5.943598571023818, 3.361834801163875, 0.864382348282982, 5.686544317716509, 1.4568735348880524, 0.14305404372782343, 1.553603425195241, 6.081672565561319, 6.1949204485481575, 6.195065502242488, 1.57079632679489]], [[1.7118645792969331, -0.13331551493008342, 1.4748622707738184, 0.3442831087060272, 0.1798085856277949, 0.5937222710409478, 1.7085933734399743, -0.5709516817050534, 1.9091157618131867, 0.38095476215895285, 0.8719235294154941, 0.037596389410944786, -0.2736414597583271, 0.3332446150697511, -0.2178229200166147, 0.06977553466980123]]], [[[]], [[]], [[]], [[]], [[4.598370292321626, 3.79267020299222, 0.9435824452637652, 0.5282731776255372, 4.188329780587534, 5.943598571023818, 3.357689433272861, 0.9246292650686809, 5.8865112399326645, 1.4568735348880524, 0.14305404372782343, 1.553603425195241, 5.997993015979461, 6.230902406493049, 6.219446091556853, 1.5707963270316028]], [[0.07691973478462173, -0.008878628323766551, 0.9963519982021264, 0.3442831087060272, 0.1798085856277949, 0.5937222710409478, 0.01779497668643354, -0.00040108037734493807, 1.672015893028891, 0.38095476215895285, 0.8719235294154941, 0.037596389410944786, 1.5372885231337303, -0.8650496980121478, 1.4082512732038155, 0.06977553515165329]]], [[[]], [[]], [[]], [[]], [[5.214971384508931, 3.0586895883463994, 0.8074599280811057, 0.5282731776255372, 4.188329780587534, 5.943598571023818, 3.20394517063988, 0.8233624217873455, 4.514359686837615, 1.4568735348880524, 0.14305404372782343, 1.553603425195241, 6.417783766498195, 6.291160613789327, 6.296537617514034, 1.5711247332164915]], [[0.07691973478462173, -0.008878628323766551, 0.9963519982021264, 0.3442831087060272, 0.1798085856277949, 0.5937222710409478, 0.01779497668643354, -0.00040108037734493807, 1.672015893028891, 0.38095476215895285, 0.8719235294154941, 0.037596389410944786, 1.5372885231337303, -0.8650496980121478, 1.4082512732038155, 0.06977553515165329]]]], "final_fidelity": 0.9518314379823819, "final_purity": -1, "optimized_trainable_parameters": {"initial_params": [[], [], [], [], [4.651825906177549, 3.546650070658361, 1.180333217692982, 0.5282731776255372, 4.188329780587534, 5.943598571023818, 3.361834801163875, 0.864382348282982, 5.686544317716509, 1.4568735348880524, 0.14305404372782343, 1.553603425195241, 6.081672565561319, 6.1949204485481575, 6.195065502242488, 1.57079632679489], [0.7629686968030167, 0.5157779310907755, 0.7615436436554233, 0.3442831087060272, 0.1798085856277949, 0.5937222710409478, 0.8030427624105341, 0.2090485622535314, 0.9636188991405543, 0.38095476215895285, 0.8719235294154941, 0.037596389410944786, 0.5967162494642011, 0.520225493689553, 0.1669604703213785, 0.0697755349439706]], "lookup_table": [[[4.598370292321626, 3.79267020299222, 0.9435824452637652, 0.5282731776255372, 4.188329780587534, 5.943598571023818, 3.357689433272861, 0.9246292650686809, 5.8865112399326645, 1.4568735348880524, 0.14305404372782343, 1.553603425195241, 5.997993015979461, 6.230902406493049, 6.219446091556853, 1.5707963270316028, 1.7118645792969331, -0.13331551493008342, 1.4748622707738184, 0.3442831087060272, 0.1798085856277949, 0.5937222710409478, 1.7085933734399743, -0.5709516817050534, 1.9091157618131867, 0.38095476215895285, 0.8719235294154941, 0.037596389410944786, -0.2736414597583271, 0.3332446150697511, -0.2178229200166147, 0.06977553466980123], [5.214971384508931, 3.0586895883463994, 0.8074599280811057, 0.5282731776255372, 4.188329780587534, 5.943598571023818, 3.20394517063988, 0.8233624217873455, 4.514359686837615, 1.4568735348880524, 0.14305404372782343, 1.553603425195241, 6.417783766498195, 6.291160613789327, 6.296537617514034, 1.5711247332164915, 0.07691973478462173, -0.008878628323766551, 0.9963519982021264, 0.3442831087060272, 0.1798085856277949, 0.5937222710409478, 0.01779497668643354, -0.00040108037734493807, 1.672015893028891, 0.38095476215895285, 0.8719235294154941, 0.037596389410944786, 1.5372885231337303, -0.8650496980121478, 1.4082512732038155, 0.06977553515165329]]]}}