{"fidelities_each_sample": [0.4091670680044654, 0.408616930459355, 0.37579240905091094], "average_fidelity": 0.3978588025049105, "training_params": {"N_samples": 3, "N_training_iterations": 1000, "learning_rate": 0.01, "convergence_threshold": 1e-06, "batch_size": 8, "eval_batch_size": 16, "evaluation_time_steps": 100}}