{"iterations": 1000, "returned_params": [[[[]], [[]], [[]], [[]], [[3.1488325733378666, 1.2010967814524165, 5.237104028378729, 5.691977942962301, 3.3944930821085464, 5.653545009941311, 3.1872647046483995, 4.762190951995887, 1.8489831344665704, 6.138126006912618, 0.42810001652835794, 4.311557894511821, 4.847789281341872, 2.2095933742067118, 0.6611564397418874, 6.192884021043722]], [[0.0727829576910996, 0.3132110840508662, -0.23016796221680857, 0.9708790947015569, 0.9690607373370841, 0.8147413540075523, -0.0029963756007465115, 0.2067006399680379, -0.010394412145540669, 0.9764140210558472, 0.44385765967405, 0.8783479703876942, 2.051741766005135, -0.4976598889783719, -1.8098400425393268, 0.34859224480025397]]], [[[]], [[]], [[]], [[]], [[2.828033533912768, 1.488684771222928, 5.343017264655564, 5.691977942962301, 3.3944930821085464, 5.653545009941311, 3.453655356782289, 4.6653482695164366, 1.7533866520802288, 6.138126006912618, 0.42810001652835794, 4.311557894511821, 4.837938822080817, 2.130675121798196, 0.7037123802029719, 6.079373570428877]], [[0.9645813760518593, 0.9100991802508164, 1.0710434647909288, 0.9708790947015569, 0.9690607373370841, 0.8147413540075523, -0.13856324640089887, -0.8109082807866684, -0.0920161027764123, 0.9764140210558472, 0.44385765967405, 0.8783479703876942, 0.968216871650482, -0.8407263560153646, -1.1715623356111022, 0.3485922463723948]]], [[[]], [[]], [[]], [[]], [[3.0420698766153587, 1.3656457684741148, 5.354237076203632, 5.691977942962301, 3.3944930821085464, 5.653545009941311, 3.331719492027158, 4.667989508643711, 1.4830553188552351, 6.138126006912618, 0.42810001652835794, 4.311557894511821, 4.821872760190795, 2.2311118868648303, 0.69039572097237, 6.134754691874161]], [[0.0727829576910996, 0.3132110840508662, -0.23016796221680857, 0.9708790947015569, 0.9690607373370841, 0.8147413540075523, -0.0029963756007465115, 0.2067006399680379, -0.010394412145540669, 0.9764140210558472, 0.44385765967405, 0.8783479703876942, 2.051741766005135, -0.4976598889783719, -1.8098400425393268, 0.34859224480025397]]]], "final_fidelity": 0.8933336919617068, "final_purity": -1, "optimized_trainable_parameters": {"initial_params": [[], [], [], [], [3.1488325733378666, 1.2010967814524165, 5.237104028378729, 5.691977942962301, 3.3944930821085464, 5.653545009941311, 3.1872647046483995, 4.762190951995887, 1.8489831344665704, 6.138126006912618, 0.42810001652835794, 4.311557894511821, 4.847789281341872, 2.2095933742067118, 0.6611564397418874, 6.192884021043722], [0.9896361588068807, 0.601678237573869, 0.767188097525503, 0.9708790947015569, 0.9690607373370841, 0.8147413540075523, 0.3231783462593578, 0.5958355450488748, 0.24880720810922852, 0.9764140210558472, 0.44385765967405, 0.8783479703876942, 0.8112416341793036, 0.2098910714741249, 0.017874358514248456, 0.3485922450937331]], "lookup_table": [[[3.0420698766153587, 1.3656457684741148, 5.354237076203632, 5.691977942962301, 3.3944930821085464, 5.653545009941311, 3.331719492027158, 4.667989508643711, 1.4830553188552351, 6.138126006912618, 0.42810001652835794, 4.311557894511821, 4.821872760190795, 2.2311118868648303, 0.69039572097237, 6.134754691874161, 0.9645813760518593, 0.9100991802508164, 1.0710434647909288, 0.9708790947015569, 0.9690607373370841, 0.8147413540075523, -0.13856324640089887, -0.8109082807866684, -0.0920161027764123, 0.9764140210558472, 0.44385765967405, 0.8783479703876942, 0.968216871650482, -0.8407263560153646, -1.1715623356111022, 0.3485922463723948], [2.828033533912768, 1.488684771222928, 5.343017264655564, 5.691977942962301, 3.3944930821085464, 5.653545009941311, 3.453655356782289, 4.6653482695164366, 1.7533866520802288, 6.138126006912618, 0.42810001652835794, 4.311557894511821, 4.837938822080817, 2.130675121798196, 0.7037123802029719, 6.079373570428877, 0.0727829576910996, 0.3132110840508662, -0.23016796221680857, 0.9708790947015569, 0.9690607373370841, 0.8147413540075523, -0.0029963756007465115, 0.2067006399680379, -0.010394412145540669, 0.9764140210558472, 0.44385765967405, 0.8783479703876942, 2.051741766005135, -0.4976598889783719, -1.8098400425393268, 0.34859224480025397]]]}}