{"iterations": 1000, "returned_params": [[[[]], [[]], [[]], [[]], [[3.137821401984929, 1.223422064355721, 5.466840943060515, 5.691977942962301, 3.3944930821085464, 5.653545009941311, 3.139594987899391, 4.773648350644243, 1.9209897773018596, 6.138126006912618, 0.42810001652835794, 4.311557894511821, 4.836295774076912, 2.1769887570305344, 0.6160515668116485, 6.270264479423926]], [[0.08993421298022312, 0.344880466313566, -0.27229647398307477, 0.9708790947015569, 0.9690607373370841, 0.8147413540075523, 0.00030846875952357283, 0.24632829138860662, 0.15485353784978326, 0.9764140210558472, 0.44385765967405, 0.8783479703876942, 2.000996647442624, -0.577094554642868, -1.7176976873165646, 0.3485922447956137]]], [[[]], [[]], [[]], [[]], [[2.7897117478990636, 1.5446658889628322, 5.480298522230287, 5.691977942962301, 3.3944930821085464, 5.653545009941311, 3.585732787435228, 4.561254681468731, 1.8393175945872802, 6.138126006912618, 0.42810001652835794, 4.311557894511821, 4.785923733535783, 2.1500768549983116, 0.6261142815401991, 6.114550640615415]], [[0.9531563584167826, 0.844766346599691, 1.0116002647803353, 0.9708790947015569, 0.9690607373370841, 0.8147413540075523, -0.17231381612582303, -0.8615491597889795, -0.19172931436447055, 0.9764140210558472, 0.44385765967405, 0.8783479703876942, 0.9426482446910148, -0.7574019376571893, -1.25580912545981, 0.3485922446839217]]], [[[]], [[]], [[]], [[]], [[3.0241097198207707, 1.3505289181827538, 5.331554417620596, 5.691977942962301, 3.3944930821085464, 5.653545009941311, 3.2809103188111144, 4.827758716960772, 1.2812389213151623, 6.138126006912618, 0.42810001652835794, 4.311557894511821, 4.61047600893513, 2.251303761262901, 0.6061338969385646, 6.200338173969839]], [[0.08993421298022312, 0.344880466313566, -0.27229647398307477, 0.9708790947015569, 0.9690607373370841, 0.8147413540075523, 0.00030846875952357283, 0.24632829138860662, 0.15485353784978326, 0.9764140210558472, 0.44385765967405, 0.8783479703876942, 2.000996647442624, -0.577094554642868, -1.7176976873165646, 0.3485922447956137]]]], "final_fidelity": 0.8314146653889732, "final_purity": -1, "optimized_trainable_parameters": {"initial_params": [[], [], [], [], [3.137821401984929, 1.223422064355721, 5.466840943060515, 5.691977942962301, 3.3944930821085464, 5.653545009941311, 3.139594987899391, 4.773648350644243, 1.9209897773018596, 6.138126006912618, 0.42810001652835794, 4.311557894511821, 4.836295774076912, 2.1769887570305344, 0.6160515668116485, 6.270264479423926], [0.9896361588068807, 0.601678237573869, 0.767188097525503, 0.9708790947015569, 0.9690607373370841, 0.8147413540075523, 0.3231783462593578, 0.5958355450488748, 0.24880720810922852, 0.9764140210558472, 0.44385765967405, 0.8783479703876942, 0.8112416341793036, 0.2098910714741249, 0.017874358514248456, 0.3485922450937331]], "lookup_table": [[[3.0241097198207707, 1.3505289181827538, 5.331554417620596, 5.691977942962301, 3.3944930821085464, 5.653545009941311, 3.2809103188111144, 4.827758716960772, 1.2812389213151623, 6.138126006912618, 0.42810001652835794, 4.311557894511821, 4.61047600893513, 2.251303761262901, 0.6061338969385646, 6.200338173969839, 0.9531563584167826, 0.844766346599691, 1.0116002647803353, 0.9708790947015569, 0.9690607373370841, 0.8147413540075523, -0.17231381612582303, -0.8615491597889795, -0.19172931436447055, 0.9764140210558472, 0.44385765967405, 0.8783479703876942, 0.9426482446910148, -0.7574019376571893, -1.25580912545981, 0.3485922446839217], [2.7897117478990636, 1.5446658889628322, 5.480298522230287, 5.691977942962301, 3.3944930821085464, 5.653545009941311, 3.585732787435228, 4.561254681468731, 1.8393175945872802, 6.138126006912618, 0.42810001652835794, 4.311557894511821, 4.785923733535783, 2.1500768549983116, 0.6261142815401991, 6.114550640615415, 0.08993421298022312, 0.344880466313566, -0.27229647398307477, 0.9708790947015569, 0.9690607373370841, 0.8147413540075523, 0.00030846875952357283, 0.24632829138860662, 0.15485353784978326, 0.9764140210558472, 0.44385765967405, 0.8783479703876942, 2.000996647442624, -0.577094554642868, -1.7176976873165646, 0.3485922447956137]]]}}