{"iterations": 1000, "returned_params": [[[[]], [[]], [[]], [[]], [[5.091504861609225, 2.4389125456201604, 4.150155748287746, 6.229067048932181, 1.7751352004394012, 2.233601835029501, 2.1928561212169195, 2.715317676526135, 0.6976742783847459, 3.864856988789411, 5.998718376191112, 5.270125085447247, 5.468579936275821, 0.19246551639544004, 2.659022550849675, 4.7063038997920135]], [[2.218939852827347e-05, 0.015794701442424886, 0.396076655438211, 0.5794502442667795, 0.5976030059699919, 0.7000266287193331, -0.01037451226248151, -0.014605944118169173, 0.0037106280374912754, 0.8728580575304441, 0.22663938029178654, 0.6564232100473297, -0.6971626775972029, 1.2317281691861288, 1.421083694973284, 0.4619819581851831]]], [[[]], [[]], [[]], [[]], [[5.105303830815555, 2.442617867901701, 4.379142285587644, 6.229067048932181, 1.7751352004394012, 2.233601835029501, 2.258578434552337, 2.7452051301375207, 0.5478559486274692, 3.864856988789411, 5.998718376191112, 5.270125085447247, 5.423554053100913, 0.213894809360632, 2.394226050071709, 4.7237329382154325]], [[-0.795240745363413, 1.2671479841976048, 0.1135545241541415, 0.5794502442667795, 0.5976030059699919, 0.7000266287193331, -0.09764184984751113, 0.9032385574957126, -0.0932574913629041, 0.8728580575304441, 0.22663938029178654, 0.6564232100473297, -1.7105714833368861, -0.3967439551554647, 2.665751639683966, 0.46198195796304725]]], [[[]], [[]], [[]], [[]], [[5.255184753431705, 2.3027099732356904, 4.153048522310006, 6.229067048932181, 1.7751352004394012, 2.233601835029501, 2.5900152855387213, 2.3887083432923357, 0.381367824636025, 3.864856988789411, 5.998718376191112, 5.270125085447247, 5.361124636916484, 0.5126924175422201, 2.464664813919924, 4.755275611294655]], [[2.218939852827347e-05, 0.015794701442424886, 0.396076655438211, 0.5794502442667795, 0.5976030059699919, 0.7000266287193331, -0.01037451226248151, -0.014605944118169173, 0.0037106280374912754, 0.8728580575304441, 0.22663938029178654, 0.6564232100473297, -0.6971626775972029, 1.2317281691861288, 1.421083694973284, 0.4619819581851831]]]], "final_fidelity": 0.7959540874553227, "final_purity": -1, "optimized_trainable_parameters": {"initial_params": [[], [], [], [], [5.091504861609225, 2.4389125456201604, 4.150155748287746, 6.229067048932181, 1.7751352004394012, 2.233601835029501, 2.1928561212169195, 2.715317676526135, 0.6976742783847459, 3.864856988789411, 5.998718376191112, 5.270125085447247, 5.468579936275821, 0.19246551639544004, 2.659022550849675, 4.7063038997920135], [0.08062436666431605, 0.923948835561414, 0.7339523451366718, 0.5794502442667795, 0.5976030059699919, 0.7000266287193331, 0.8056200973061387, 0.8894700350923472, 0.07627888141344874, 0.8728580575304441, 0.22663938029178654, 0.6564232100473297, 0.29224536994517436, 0.6596231091705356, 0.629365131022366, 0.4619819572813424]], "lookup_table": [[[5.255184753431705, 2.3027099732356904, 4.153048522310006, 6.229067048932181, 1.7751352004394012, 2.233601835029501, 2.5900152855387213, 2.3887083432923357, 0.381367824636025, 3.864856988789411, 5.998718376191112, 5.270125085447247, 5.361124636916484, 0.5126924175422201, 2.464664813919924, 4.755275611294655, -0.795240745363413, 1.2671479841976048, 0.1135545241541415, 0.5794502442667795, 0.5976030059699919, 0.7000266287193331, -0.09764184984751113, 0.9032385574957126, -0.0932574913629041, 0.8728580575304441, 0.22663938029178654, 0.6564232100473297, -1.7105714833368861, -0.3967439551554647, 2.665751639683966, 0.46198195796304725], [5.105303830815555, 2.442617867901701, 4.379142285587644, 6.229067048932181, 1.7751352004394012, 2.233601835029501, 2.258578434552337, 2.7452051301375207, 0.5478559486274692, 3.864856988789411, 5.998718376191112, 5.270125085447247, 5.423554053100913, 0.213894809360632, 2.394226050071709, 4.7237329382154325, 2.218939852827347e-05, 0.015794701442424886, 0.396076655438211, 0.5794502442667795, 0.5976030059699919, 0.7000266287193331, -0.01037451226248151, -0.014605944118169173, 0.0037106280374912754, 0.8728580575304441, 0.22663938029178654, 0.6564232100473297, -0.6971626775972029, 1.2317281691861288, 1.421083694973284, 0.4619819581851831]]]}}