{"iterations": 1000, "returned_params": [[[[]], [[]], [[]], [[]], [[3.139960718146895, 1.1433925089331105, 4.569130880739646, 5.691977942962301, 3.3944930821085464, 5.653545009941311, 3.121184290463536, 4.684240089322072, 1.8098754448942451, 6.138126006912618, 0.42810001652835794, 4.311557894511821, 5.193503746266674, 2.3810826167146657, 0.6622260562980847, 6.043584831060869]], [[6.792567249291575e-06, 0.18080055144975388, 0.7619295854634021, 0.9708790947015569, 0.9690607373370841, 0.8147413540075523, -0.016579668621513634, -0.012177796598369869, 0.4508871389337481, 0.9764140210558472, 0.44385765967405, 0.8783479703876942, 2.424733202676409, -0.5554071791336618, -0.7698358529995604, 0.34859224508278275]]], [[[]], [[]], [[]], [[]], [[2.9620101803611503, 1.1954079678224696, 5.066635315695112, 5.691977942962301, 3.3944930821085464, 5.653545009941311, 2.964705578616661, 4.691117764576573, 1.8452675350556846, 6.138126006912618, 0.42810001652835794, 4.311557894511821, 5.059221978634406, 2.141914135980496, 0.8528768320018035, 5.972490705577306]], [[0.9188429142825479, 1.1784900458675802, 1.1567704175321116, 0.9708790947015569, 0.9690607373370841, 0.8147413540075523, -0.05932298300896997, -0.5164493955211685, 0.21958509550447108, 0.9764140210558472, 0.44385765967405, 0.8783479703876942, 0.7156239906130251, -0.9457778165986087, -0.9869253428496328, 0.34859224430821106]]], [[[]], [[]], [[]], [[]], [[3.1069546085029836, 1.246587854687818, 4.842051530248435, 5.691977942962301, 3.3944930821085464, 5.653545009941311, 2.994301245591978, 4.496854172736206, 1.4696218710551796, 6.138126006912618, 0.42810001652835794, 4.311557894511821, 5.14914043202256, 2.440909981705466, 0.706096003705681, 6.056431487219424]], [[6.792567249291575e-06, 0.18080055144975388, 0.7619295854634021, 0.9708790947015569, 0.9690607373370841, 0.8147413540075523, -0.016579668621513634, -0.012177796598369869, 0.4508871389337481, 0.9764140210558472, 0.44385765967405, 0.8783479703876942, 2.424733202676409, -0.5554071791336618, -0.7698358529995604, 0.34859224508278275]]]], "final_fidelity": 0.8927791531177387, "final_purity": -1, "optimized_trainable_parameters": {"initial_params": [[], [], [], [], [3.139960718146895, 1.1433925089331105, 4.569130880739646, 5.691977942962301, 3.3944930821085464, 5.653545009941311, 3.121184290463536, 4.684240089322072, 1.8098754448942451, 6.138126006912618, 0.42810001652835794, 4.311557894511821, 5.193503746266674, 2.3810826167146657, 0.6622260562980847, 6.043584831060869], [0.9896361588068807, 0.601678237573869, 0.767188097525503, 0.9708790947015569, 0.9690607373370841, 0.8147413540075523, 0.3231783462593578, 0.5958355450488748, 0.24880720810922852, 0.9764140210558472, 0.44385765967405, 0.8783479703876942, 0.8112416341793036, 0.2098910714741249, 0.017874358514248456, 0.3485922450937331]], "lookup_table": [[[3.1069546085029836, 1.246587854687818, 4.842051530248435, 5.691977942962301, 3.3944930821085464, 5.653545009941311, 2.994301245591978, 4.496854172736206, 1.4696218710551796, 6.138126006912618, 0.42810001652835794, 4.311557894511821, 5.14914043202256, 2.440909981705466, 0.706096003705681, 6.056431487219424, 0.9188429142825479, 1.1784900458675802, 1.1567704175321116, 0.9708790947015569, 0.9690607373370841, 0.8147413540075523, -0.05932298300896997, -0.5164493955211685, 0.21958509550447108, 0.9764140210558472, 0.44385765967405, 0.8783479703876942, 0.7156239906130251, -0.9457778165986087, -0.9869253428496328, 0.34859224430821106], [2.9620101803611503, 1.1954079678224696, 5.066635315695112, 5.691977942962301, 3.3944930821085464, 5.653545009941311, 2.964705578616661, 4.691117764576573, 1.8452675350556846, 6.138126006912618, 0.42810001652835794, 4.311557894511821, 5.059221978634406, 2.141914135980496, 0.8528768320018035, 5.972490705577306, 6.792567249291575e-06, 0.18080055144975388, 0.7619295854634021, 0.9708790947015569, 0.9690607373370841, 0.8147413540075523, -0.016579668621513634, -0.012177796598369869, 0.4508871389337481, 0.9764140210558472, 0.44385765967405, 0.8783479703876942, 2.424733202676409, -0.5554071791336618, -0.7698358529995604, 0.34859224508278275]]]}}