{"fidelities_each_sample": [0.4477340357541645, 0.40776230494555776, 0.4723957803798592], "average_fidelity": 0.4426307070265271, "training_params": {"N_samples": 3, "N_training_iterations": 1000, "learning_rate": 0.01, "convergence_threshold": 1e-06, "batch_size": 8, "eval_batch_size": 16, "evaluation_time_steps": 100}}