{"iterations": 1000, "returned_params": [[[[]], [[]], [[]], [[]], [[5.3408455367001695, 2.4879964003694215, 4.648387453215773, 6.229067048932181, 1.7751352004394012, 2.233601835029501, 1.8797296597998492, 1.8266476562740197, 1.3687376073516178, 3.864856988789411, 5.998718376191112, 5.270125085447247, 4.893870053881682, 0.42528890615266474, 3.1380045957403158, 4.712334380903872]], [[-0.044533733571952276, 0.22670038056000216, 0.5055280367705238, 0.5794502442667795, 0.5976030059699919, 0.7000266287193331, -0.00954684778127974, 0.3417282482558453, -1.8012009374605926, 0.8728580575304441, 0.22663938029178654, 0.6564232100473297, -2.262044569562452, 1.2416275740533709, 2.6909880191270523, 0.46198195778040096]]], [[[]], [[]], [[]], [[]], [[5.658140414583691, 2.0690085695130307, 3.222066468985756, 6.229067048932181, 1.7751352004394012, 2.233601835029501, 2.1788597097016185, 1.9614259436404584, 1.0412615689306393, 3.864856988789411, 5.998718376191112, 5.270125085447247, 4.696983814631316, 1.551734892285041, 3.0877739558214987, 4.69815844162613]], [[-0.044533733571952276, 0.22670038056000216, 0.5055280367705238, 0.5794502442667795, 0.5976030059699919, 0.7000266287193331, -0.00954684778127974, 0.3417282482558453, -1.8012009374605926, 0.8728580575304441, 0.22663938029178654, 0.6564232100473297, -2.262044569562452, 1.2416275740533709, 2.6909880191270523, 0.46198195778040096]]], [[[]], [[]], [[]], [[]], [[5.658140414583691, 2.0690085695130307, 3.222066468985756, 6.229067048932181, 1.7751352004394012, 2.233601835029501, 2.1788597097016185, 1.9614259436404584, 1.0412615689306393, 3.864856988789411, 5.998718376191112, 5.270125085447247, 4.696983814631316, 1.551734892285041, 3.0877739558214987, 4.69815844162613]], [[-0.044533733571952276, 0.22670038056000216, 0.5055280367705238, 0.5794502442667795, 0.5976030059699919, 0.7000266287193331, -0.00954684778127974, 0.3417282482558453, -1.8012009374605926, 0.8728580575304441, 0.22663938029178654, 0.6564232100473297, -2.262044569562452, 1.2416275740533709, 2.6909880191270523, 0.46198195778040096]]]], "final_fidelity": 0.9980265252865782, "final_purity": -1, "optimized_trainable_parameters": {"initial_params": [[], [], [], [], [5.3408455367001695, 2.4879964003694215, 4.648387453215773, 6.229067048932181, 1.7751352004394012, 2.233601835029501, 1.8797296597998492, 1.8266476562740197, 1.3687376073516178, 3.864856988789411, 5.998718376191112, 5.270125085447247, 4.893870053881682, 0.42528890615266474, 3.1380045957403158, 4.712334380903872], [0.08062436666431605, 0.923948835561414, 0.7339523451366718, 0.5794502442667795, 0.5976030059699919, 0.7000266287193331, 0.8056200973061387, 0.8894700350923472, 0.07627888141344874, 0.8728580575304441, 0.22663938029178654, 0.6564232100473297, 0.29224536994517436, 0.6596231091705356, 0.629365131022366, 0.4619819572813424]], "lookup_table": [[[5.523413120607773, 2.208591177974241, 2.7915135348297775, 6.229067048932181, 1.7751352004394012, 2.233601835029501, 2.294187066943564, 2.039141318248447, 1.1701572753860292, 3.864856988789411, 5.998718376191112, 5.270125085447247, 4.863568782871662, 1.6867577188658307, 3.348183380604503, 4.70631590775783, -0.5182623418714312, -0.02301291078722751, 0.005181911104419862, 0.5794502442667795, 0.5976030059699919, 0.7000266287193331, 0.43756209700923665, 0.9302269799721036, -0.9189704377383376, 0.8728580575304441, 0.22663938029178654, 0.6564232100473297, -1.1131673159727655, 2.5333594992044017, -0.7306233991423249, 0.4619819582341386], [5.658140414583691, 2.0690085695130307, 3.222066468985756, 6.229067048932181, 1.7751352004394012, 2.233601835029501, 2.1788597097016185, 1.9614259436404584, 1.0412615689306393, 3.864856988789411, 5.998718376191112, 5.270125085447247, 4.696983814631316, 1.551734892285041, 3.0877739558214987, 4.69815844162613, -0.044533733571952276, 0.22670038056000216, 0.5055280367705238, 0.5794502442667795, 0.5976030059699919, 0.7000266287193331, -0.00954684778127974, 0.3417282482558453, -1.8012009374605926, 0.8728580575304441, 0.22663938029178654, 0.6564232100473297, -2.262044569562452, 1.2416275740533709, 2.6909880191270523, 0.46198195778040096]]]}}