{"iterations": 1000, "returned_params": [[[[]], [[]], [[]], [[]], [[3.1008020935390417, 1.1400826273953335, 4.905360275108506, 5.691977942962301, 3.3944930821085464, 5.653545009941311, 3.0219625972896016, 4.743547180502318, 1.8560803254164353, 6.138126006912618, 0.42810001652835794, 4.311557894511821, 4.961579896733769, 2.247512833122826, 0.7226136393509714, 6.0937421868807]], [[0.05706380486850853, 0.27424374683048713, 0.15312399045339467, 0.9708790947015569, 0.9690607373370841, 0.8147413540075523, -0.01752428793956413, 0.11330345460524968, 0.00689399190748523, 0.9764140210558472, 0.44385765967405, 0.8783479703876942, 2.3175272903033775, -0.4850811198659576, -1.612182589066284, 0.3485922446238815]]], [[[]], [[]], [[]], [[]], [[2.9315727155823366, 1.316834785886278, 5.25238328819492, 5.691977942962301, 3.3944930821085464, 5.653545009941311, 3.268180002133942, 4.643162732002192, 1.8870659586416365, 6.138126006912618, 0.42810001652835794, 4.311557894511821, 4.919914796498228, 2.1554146927189533, 0.774625999132772, 6.0346638710426275]], [[0.9156837319071727, 1.088027605615544, 1.1555682820614548, 0.9708790947015569, 0.9690607373370841, 0.8147413540075523, -0.08562325067023145, -0.6419204521931938, 0.09208865938728732, 0.9764140210558472, 0.44385765967405, 0.8783479703876942, 0.8141531810264272, -0.9590450745293579, -0.9949735093615043, 0.3485922441134564]]], [[[]], [[]], [[]], [[]], [[3.0037495849236415, 1.28353577939996, 5.238096714334272, 5.691977942962301, 3.3944930821085464, 5.653545009941311, 3.118376439933829, 4.576629039857381, 1.58713853584387, 6.138126006912618, 0.42810001652835794, 4.311557894511821, 4.876227719184144, 2.2405821005557303, 0.7869924985601245, 6.065116923679944]], [[0.05706380486850853, 0.27424374683048713, 0.15312399045339467, 0.9708790947015569, 0.9690607373370841, 0.8147413540075523, -0.01752428793956413, 0.11330345460524968, 0.00689399190748523, 0.9764140210558472, 0.44385765967405, 0.8783479703876942, 2.3175272903033775, -0.4850811198659576, -1.612182589066284, 0.3485922446238815]]]], "final_fidelity": 0.9094704576945324, "final_purity": -1, "optimized_trainable_parameters": {"initial_params": [[], [], [], [], [3.1008020935390417, 1.1400826273953335, 4.905360275108506, 5.691977942962301, 3.3944930821085464, 5.653545009941311, 3.0219625972896016, 4.743547180502318, 1.8560803254164353, 6.138126006912618, 0.42810001652835794, 4.311557894511821, 4.961579896733769, 2.247512833122826, 0.7226136393509714, 6.0937421868807], [0.9896361588068807, 0.601678237573869, 0.767188097525503, 0.9708790947015569, 0.9690607373370841, 0.8147413540075523, 0.3231783462593578, 0.5958355450488748, 0.24880720810922852, 0.9764140210558472, 0.44385765967405, 0.8783479703876942, 0.8112416341793036, 0.2098910714741249, 0.017874358514248456, 0.3485922450937331]], "lookup_table": [[[3.0037495849236415, 1.28353577939996, 5.238096714334272, 5.691977942962301, 3.3944930821085464, 5.653545009941311, 3.118376439933829, 4.576629039857381, 1.58713853584387, 6.138126006912618, 0.42810001652835794, 4.311557894511821, 4.876227719184144, 2.2405821005557303, 0.7869924985601245, 6.065116923679944, 0.9156837319071727, 1.088027605615544, 1.1555682820614548, 0.9708790947015569, 0.9690607373370841, 0.8147413540075523, -0.08562325067023145, -0.6419204521931938, 0.09208865938728732, 0.9764140210558472, 0.44385765967405, 0.8783479703876942, 0.8141531810264272, -0.9590450745293579, -0.9949735093615043, 0.3485922441134564], [2.9315727155823366, 1.316834785886278, 5.25238328819492, 5.691977942962301, 3.3944930821085464, 5.653545009941311, 3.268180002133942, 4.643162732002192, 1.8870659586416365, 6.138126006912618, 0.42810001652835794, 4.311557894511821, 4.919914796498228, 2.1554146927189533, 0.774625999132772, 6.0346638710426275, 0.05706380486850853, 0.27424374683048713, 0.15312399045339467, 0.9708790947015569, 0.9690607373370841, 0.8147413540075523, -0.01752428793956413, 0.11330345460524968, 0.00689399190748523, 0.9764140210558472, 0.44385765967405, 0.8783479703876942, 2.3175272903033775, -0.4850811198659576, -1.612182589066284, 0.3485922446238815]]]}}