{"iterations": 1000, "returned_params": [[[[]], [[]], [[]], [[]], [[2.84586173050066, 0.8877455775995051, 5.189717933479909, 5.691977942962301, 3.3944930821085464, 5.653545009941311, 3.953002251658551, 5.185548017244693, 0.5832623729265575, 6.138126006912618, 0.42810001652835794, 4.311557894511821, 4.683606890284125, 2.065855147867746, 1.3970667583624998, 6.0997224454273695]], [[0.2610366369964777, 0.6219769054568447, 0.26734618322967985, 0.9708790947015569, 0.9690607373370841, 0.8147413540075523, -0.012349913141059644, -0.1079761862416065, 0.6833751672868292, 0.9764140210558472, 0.44385765967405, 0.8783479703876942, 0.31281203794845697, 0.2571261333201046, -1.0226592019190974, 0.3485922452164134]]], [[[]], [[]], [[]], [[]], [[2.593088888745246, 1.1573564027702696, 5.035930704741961, 5.691977942962301, 3.3944930821085464, 5.653545009941311, 3.6907270397003127, 5.126009985719044, 0.49069174762298956, 6.138126006912618, 0.42810001652835794, 4.311557894511821, 4.694135433209774, 2.298280755611564, 1.1260226848636437, 5.9165087222435915]], [[-0.03150950787225417, -0.2924489071435522, 0.11265736919792468, 0.9708790947015569, 0.9690607373370841, 0.8147413540075523, -0.021615274233207003, 0.04315343242633517, 0.7215873532394652, 0.9764140210558472, 0.44385765967405, 0.8783479703876942, 0.28569307391075716, -0.30056856959811995, -1.1131827026702392, 0.3485922454133542]]], [[[]], [[]], [[]], [[]], [[2.546071640863151, 1.2979412992157402, 5.203524568413878, 5.691977942962301, 3.3944930821085464, 5.653545009941311, 3.7171561840450504, 5.115069271624963, 0.506229943307041, 6.138126006912618, 0.42810001652835794, 4.311557894511821, 4.697079350681084, 2.152342492542386, 1.2665911883569956, 5.835961775591843]], [[0.2610366369964777, 0.6219769054568447, 0.26734618322967985, 0.9708790947015569, 0.9690607373370841, 0.8147413540075523, -0.012349913141059644, -0.1079761862416065, 0.6833751672868292, 0.9764140210558472, 0.44385765967405, 0.8783479703876942, 0.31281203794845697, 0.2571261333201046, -1.0226592019190974, 0.3485922452164134]]]], "final_fidelity": 0.5712719173557063, "final_purity": -1, "optimized_trainable_parameters": {"initial_params": [[], [], [], [], [2.84586173050066, 0.8877455775995051, 5.189717933479909, 5.691977942962301, 3.3944930821085464, 5.653545009941311, 3.953002251658551, 5.185548017244693, 0.5832623729265575, 6.138126006912618, 0.42810001652835794, 4.311557894511821, 4.683606890284125, 2.065855147867746, 1.3970667583624998, 6.0997224454273695], [0.9896361588068807, 0.601678237573869, 0.767188097525503, 0.9708790947015569, 0.9690607373370841, 0.8147413540075523, 0.3231783462593578, 0.5958355450488748, 0.24880720810922852, 0.9764140210558472, 0.44385765967405, 0.8783479703876942, 0.8112416341793036, 0.2098910714741249, 0.017874358514248456, 0.3485922450937331]], "lookup_table": [[[2.546071640863151, 1.2979412992157402, 5.203524568413878, 5.691977942962301, 3.3944930821085464, 5.653545009941311, 3.7171561840450504, 5.115069271624963, 0.506229943307041, 6.138126006912618, 0.42810001652835794, 4.311557894511821, 4.697079350681084, 2.152342492542386, 1.2665911883569956, 5.835961775591843, -0.03150950787225417, -0.2924489071435522, 0.11265736919792468, 0.9708790947015569, 0.9690607373370841, 0.8147413540075523, -0.021615274233207003, 0.04315343242633517, 0.7215873532394652, 0.9764140210558472, 0.44385765967405, 0.8783479703876942, 0.28569307391075716, -0.30056856959811995, -1.1131827026702392, 0.3485922454133542], [2.593088888745246, 1.1573564027702696, 5.035930704741961, 5.691977942962301, 3.3944930821085464, 5.653545009941311, 3.6907270397003127, 5.126009985719044, 0.49069174762298956, 6.138126006912618, 0.42810001652835794, 4.311557894511821, 4.694135433209774, 2.298280755611564, 1.1260226848636437, 5.9165087222435915, 0.2610366369964777, 0.6219769054568447, 0.26734618322967985, 0.9708790947015569, 0.9690607373370841, 0.8147413540075523, -0.012349913141059644, -0.1079761862416065, 0.6833751672868292, 0.9764140210558472, 0.44385765967405, 0.8783479703876942, 0.31281203794845697, 0.2571261333201046, -1.0226592019190974, 0.3485922452164134]]]}}