{"iterations": 1000, "returned_params": [[[[]], [[]], [[]], [[]], [[2.9222976637865568, 1.2094922349017476, 5.18226626140805, 5.691977942962301, 3.3944930821085464, 5.653545009941311, 3.460402666923387, 5.068833422935691, 1.0079450481503356, 6.138126006912618, 0.42810001652835794, 4.311557894511821, 4.702625731306684, 2.4036107133848867, 1.2181260306063169, 6.254582167626969]], [[0.21116041859628082, 0.5439422035308201, 0.3199711707775301, 0.9708790947015569, 0.9690607373370841, 0.8147413540075523, 0.007687462404835758, -0.04655949166802023, 0.6924241268904657, 0.9764140210558472, 0.44385765967405, 0.8783479703876942, 0.5020776589031061, 0.21598890786620095, -1.2892905789221076, 0.34859224455237786]]], [[[]], [[]], [[]], [[]], [[2.7137280624461826, 1.4545386578153432, 5.3244996132048135, 5.691977942962301, 3.3944930821085464, 5.653545009941311, 3.4704240532514175, 4.845239668361568, 0.6402250372973409, 6.138126006912618, 0.42810001652835794, 4.311557894511821, 4.719036471832791, 2.4960494366743933, 1.0800262633534958, 6.113976146533461]], [[0.016162774769630035, -0.4899519825404428, 0.27400278321908145, 0.9708790947015569, 0.9690607373370841, 0.8147413540075523, -0.01593724067119099, -0.009404111964397199, 0.5791223955530188, 0.9764140210558472, 0.44385765967405, 0.8783479703876942, -0.18419770907141628, 0.07433450978000275, -0.8372319789804371, 0.3485922452017634]]], [[[]], [[]], [[]], [[]], [[2.7617032045573358, 1.4601035961996462, 5.294560573823351, 5.691977942962301, 3.3944930821085464, 5.653545009941311, 3.3953633669309538, 4.938791370755504, 0.7414074468623094, 6.138126006912618, 0.42810001652835794, 4.311557894511821, 4.745787360013601, 2.450516444659093, 1.135826005289951, 6.041718311103828]], [[0.21116041859628082, 0.5439422035308201, 0.3199711707775301, 0.9708790947015569, 0.9690607373370841, 0.8147413540075523, 0.007687462404835758, -0.04655949166802023, 0.6924241268904657, 0.9764140210558472, 0.44385765967405, 0.8783479703876942, 0.5020776589031061, 0.21598890786620095, -1.2892905789221076, 0.34859224455237786]]]], "final_fidelity": 0.6454578765240893, "final_purity": -1, "optimized_trainable_parameters": {"initial_params": [[], [], [], [], [2.9222976637865568, 1.2094922349017476, 5.18226626140805, 5.691977942962301, 3.3944930821085464, 5.653545009941311, 3.460402666923387, 5.068833422935691, 1.0079450481503356, 6.138126006912618, 0.42810001652835794, 4.311557894511821, 4.702625731306684, 2.4036107133848867, 1.2181260306063169, 6.254582167626969], [0.9896361588068807, 0.601678237573869, 0.767188097525503, 0.9708790947015569, 0.9690607373370841, 0.8147413540075523, 0.3231783462593578, 0.5958355450488748, 0.24880720810922852, 0.9764140210558472, 0.44385765967405, 0.8783479703876942, 0.8112416341793036, 0.2098910714741249, 0.017874358514248456, 0.3485922450937331]], "lookup_table": [[[2.7617032045573358, 1.4601035961996462, 5.294560573823351, 5.691977942962301, 3.3944930821085464, 5.653545009941311, 3.3953633669309538, 4.938791370755504, 0.7414074468623094, 6.138126006912618, 0.42810001652835794, 4.311557894511821, 4.745787360013601, 2.450516444659093, 1.135826005289951, 6.041718311103828, 0.016162774769630035, -0.4899519825404428, 0.27400278321908145, 0.9708790947015569, 0.9690607373370841, 0.8147413540075523, -0.01593724067119099, -0.009404111964397199, 0.5791223955530188, 0.9764140210558472, 0.44385765967405, 0.8783479703876942, -0.18419770907141628, 0.07433450978000275, -0.8372319789804371, 0.3485922452017634], [2.7137280624461826, 1.4545386578153432, 5.3244996132048135, 5.691977942962301, 3.3944930821085464, 5.653545009941311, 3.4704240532514175, 4.845239668361568, 0.6402250372973409, 6.138126006912618, 0.42810001652835794, 4.311557894511821, 4.719036471832791, 2.4960494366743933, 1.0800262633534958, 6.113976146533461, 0.21116041859628082, 0.5439422035308201, 0.3199711707775301, 0.9708790947015569, 0.9690607373370841, 0.8147413540075523, 0.007687462404835758, -0.04655949166802023, 0.6924241268904657, 0.9764140210558472, 0.44385765967405, 0.8783479703876942, 0.5020776589031061, 0.21598890786620095, -1.2892905789221076, 0.34859224455237786]]]}}