{"fidelities_each_sample": [0.40991670353329374, 0.43188143443454413, 0.39262204449505955], "average_fidelity": 0.4114733941542991, "training_params": {"N_samples": 3, "N_training_iterations": 1000, "learning_rate": 0.01, "convergence_threshold": 1e-06, "batch_size": 8, "eval_batch_size": 16, "evaluation_time_steps": 100}}