{"fidelities_each_sample": [0.4209630695086529, 0.4044271466261653, 0.4675630094785599], "average_fidelity": 0.4309844085377927, "training_params": {"N_samples": 3, "N_training_iterations": 1000, "learning_rate": 0.01, "convergence_threshold": 1e-06, "batch_size": 8, "eval_batch_size": 16, "evaluation_time_steps": 100}}