{"iterations": 1000, "returned_params": [[[[]], [[]], [[]], [[]], [[5.456391343442529, 2.4840590860981253, 3.98213832201796, 6.229067048932181, 1.7751352004394012, 2.233601835029501, 2.3769295211790773, 1.866994882542157, 0.9912159808480283, 3.864856988789411, 5.998718376191112, 5.270125085447247, 4.7744041002083035, 0.43715308780631407, 3.020321592680016, 4.713493421347731]], [[-0.5839920361581918, 0.25784608790448627, -0.5386722888819564, 0.5794502442667795, 0.5976030059699919, 0.7000266287193331, 0.6345867559407866, 0.9221785248093995, -0.8929508536858465, 0.8728580575304441, 0.22663938029178654, 0.6564232100473297, -1.0777980759830297, 1.8984866334188684, -0.03430213051913586, 0.4619819570494211]]], [[[]], [[]], [[]], [[]], [[5.78228286421411, 2.0001664034974507, 2.996046976946573, 6.229067048932181, 1.7751352004394012, 2.233601835029501, 2.579425889969001, 1.9891627290279648, 1.3197898217183377, 3.864856988789411, 5.998718376191112, 5.270125085447247, 4.756264025480076, 1.6621274996313762, 3.2398792863389594, 4.7119395355138405]], [[-0.5839920361581918, 0.25784608790448627, -0.5386722888819564, 0.5794502442667795, 0.5976030059699919, 0.7000266287193331, 0.6345867559407866, 0.9221785248093995, -0.8929508536858465, 0.8728580575304441, 0.22663938029178654, 0.6564232100473297, -1.0777980759830297, 1.8984866334188684, -0.03430213051913586, 0.4619819570494211]]], [[[]], [[]], [[]], [[]], [[5.78228286421411, 2.0001664034974507, 2.996046976946573, 6.229067048932181, 1.7751352004394012, 2.233601835029501, 2.579425889969001, 1.9891627290279648, 1.3197898217183377, 3.864856988789411, 5.998718376191112, 5.270125085447247, 4.756264025480076, 1.6621274996313762, 3.2398792863389594, 4.7119395355138405]], [[-0.07856527251519188, 0.4413970299101782, 0.16289880737499782, 0.5794502442667795, 0.5976030059699919, 0.7000266287193331, -0.010761609049226434, 0.61139606330066, -0.9840963391265504, 0.8728580575304441, 0.22663938029178654, 0.6564232100473297, -1.9588222844981769, 0.9907494150385712, 3.029071689652454, 0.4619819576103189]]]], "final_fidelity": 0.9394849437911708, "final_purity": -1, "optimized_trainable_parameters": {"initial_params": [[], [], [], [], [5.456391343442529, 2.4840590860981253, 3.98213832201796, 6.229067048932181, 1.7751352004394012, 2.233601835029501, 2.3769295211790773, 1.866994882542157, 0.9912159808480283, 3.864856988789411, 5.998718376191112, 5.270125085447247, 4.7744041002083035, 0.43715308780631407, 3.020321592680016, 4.713493421347731], [0.08062436666431605, 0.923948835561414, 0.7339523451366718, 0.5794502442667795, 0.5976030059699919, 0.7000266287193331, 0.8056200973061387, 0.8894700350923472, 0.07627888141344874, 0.8728580575304441, 0.22663938029178654, 0.6564232100473297, 0.29224536994517436, 0.6596231091705356, 0.629365131022366, 0.4619819572813424]], "lookup_table": [[[5.78228286421411, 2.0001664034974507, 2.996046976946573, 6.229067048932181, 1.7751352004394012, 2.233601835029501, 2.579425889969001, 1.9891627290279648, 1.3197898217183377, 3.864856988789411, 5.998718376191112, 5.270125085447247, 4.756264025480076, 1.6621274996313762, 3.2398792863389594, 4.7119395355138405, -0.5839920361581918, 0.25784608790448627, -0.5386722888819564, 0.5794502442667795, 0.5976030059699919, 0.7000266287193331, 0.6345867559407866, 0.9221785248093995, -0.8929508536858465, 0.8728580575304441, 0.22663938029178654, 0.6564232100473297, -1.0777980759830297, 1.8984866334188684, -0.03430213051913586, 0.4619819570494211], [5.666397274975281, 1.9617978604924462, 3.3380368081134058, 6.229067048932181, 1.7751352004394012, 2.233601835029501, 2.2519315811344223, 1.9370575151352425, 1.5084339278954142, 3.864856988789411, 5.998718376191112, 5.270125085447247, 4.71536938444871, 1.5667944168603718, 3.1147989896571358, 4.715142460878903, -0.07856527251519188, 0.4413970299101782, 0.16289880737499782, 0.5794502442667795, 0.5976030059699919, 0.7000266287193331, -0.010761609049226434, 0.61139606330066, -0.9840963391265504, 0.8728580575304441, 0.22663938029178654, 0.6564232100473297, -1.9588222844981769, 0.9907494150385712, 3.029071689652454, 0.4619819576103189]]]}}