{"fidelities_each_sample": [0.4088362848664694, 0.40403748326104855, 0.46914953278536087], "average_fidelity": 0.4273411003042929, "training_params": {"N_samples": 3, "N_training_iterations": 1000, "learning_rate": 0.01, "convergence_threshold": 1e-06, "batch_size": 8, "eval_batch_size": 16, "evaluation_time_steps": 100}}