{"fidelities_each_sample": [0.4276854921345905, 0.423389840821493, 0.4559741424929218], "average_fidelity": 0.4356831584830017, "training_params": {"N_samples": 3, "N_training_iterations": 1000, "learning_rate": 0.01, "convergence_threshold": 1e-06, "batch_size": 8, "eval_batch_size": 16, "evaluation_time_steps": 100}}