{"fidelities_each_sample": [0.39772604412860035, 0.40818947990503957, 0.4573427705664186], "average_fidelity": 0.4210860982000195, "training_params": {"N_samples": 3, "N_training_iterations": 1000, "learning_rate": 0.01, "convergence_threshold": 1e-06, "batch_size": 8, "eval_batch_size": 16, "evaluation_time_steps": 100}}