{"iterations": 1000, "returned_params": [[[[]], [[]], [[]], [[]], [[3.114860932234369, 1.2448746377614452, 5.381811308830605, 5.691977942962301, 3.3944930821085464, 5.653545009941311, 3.1733946330088108, 4.776660878222925, 1.8802581031245356, 6.138126006912618, 0.42810001652835794, 4.311557894511821, 4.833264404280405, 2.183100562202662, 0.6339059236047824, 6.242728874544933]], [[0.08344272035502315, 0.345143614791024, -0.28729945644529964, 0.9708790947015569, 0.9690607373370841, 0.8147413540075523, 0.0011700511571093863, 0.22532088411321494, 0.08279645763501019, 0.9764140210558472, 0.44385765967405, 0.8783479703876942, 2.010500210021713, -0.5236382036981322, -1.7970304399242412, 0.348592244907015]]], [[[]], [[]], [[]], [[]], [[2.781348087953851, 1.5471141117636842, 5.427580001485091, 5.691977942962301, 3.3944930821085464, 5.653545009941311, 3.5162207457600347, 4.649893129045794, 1.778193605104105, 6.138126006912618, 0.42810001652835794, 4.311557894511821, 4.782630654575205, 2.1383198575618962, 0.6592266836713899, 6.088990267251154]], [[0.9523176700756693, 0.8422400809933257, 1.0232797644583138, 0.9708790947015569, 0.9690607373370841, 0.8147413540075523, -0.16271353769520103, -0.8554196714746904, -0.17073787496930856, 0.9764140210558472, 0.44385765967405, 0.8783479703876942, 0.9762116250532537, -0.8143352031965236, -1.2129140663153557, 0.3485922458174378]]], [[[]], [[]], [[]], [[]], [[3.0148027401648148, 1.3516971558892303, 5.288635550506106, 5.691977942962301, 3.3944930821085464, 5.653545009941311, 3.3450184487170196, 4.738409927852443, 1.3900546626055579, 6.138126006912618, 0.42810001652835794, 4.311557894511821, 4.809240152095178, 2.194552808598269, 0.6627488058438196, 6.186991616769675]], [[0.08344272035502315, 0.345143614791024, -0.28729945644529964, 0.9708790947015569, 0.9690607373370841, 0.8147413540075523, 0.0011700511571093863, 0.22532088411321494, 0.08279645763501019, 0.9764140210558472, 0.44385765967405, 0.8783479703876942, 2.010500210021713, -0.5236382036981322, -1.7970304399242412, 0.348592244907015]]]], "final_fidelity": 0.8686496261090844, "final_purity": -1, "optimized_trainable_parameters": {"initial_params": [[], [], [], [], [3.114860932234369, 1.2448746377614452, 5.381811308830605, 5.691977942962301, 3.3944930821085464, 5.653545009941311, 3.1733946330088108, 4.776660878222925, 1.8802581031245356, 6.138126006912618, 0.42810001652835794, 4.311557894511821, 4.833264404280405, 2.183100562202662, 0.6339059236047824, 6.242728874544933], [0.9896361588068807, 0.601678237573869, 0.767188097525503, 0.9708790947015569, 0.9690607373370841, 0.8147413540075523, 0.3231783462593578, 0.5958355450488748, 0.24880720810922852, 0.9764140210558472, 0.44385765967405, 0.8783479703876942, 0.8112416341793036, 0.2098910714741249, 0.017874358514248456, 0.3485922450937331]], "lookup_table": [[[3.0148027401648148, 1.3516971558892303, 5.288635550506106, 5.691977942962301, 3.3944930821085464, 5.653545009941311, 3.3450184487170196, 4.738409927852443, 1.3900546626055579, 6.138126006912618, 0.42810001652835794, 4.311557894511821, 4.809240152095178, 2.194552808598269, 0.6627488058438196, 6.186991616769675, 0.9523176700756693, 0.8422400809933257, 1.0232797644583138, 0.9708790947015569, 0.9690607373370841, 0.8147413540075523, -0.16271353769520103, -0.8554196714746904, -0.17073787496930856, 0.9764140210558472, 0.44385765967405, 0.8783479703876942, 0.9762116250532537, -0.8143352031965236, -1.2129140663153557, 0.3485922458174378], [2.781348087953851, 1.5471141117636842, 5.427580001485091, 5.691977942962301, 3.3944930821085464, 5.653545009941311, 3.5162207457600347, 4.649893129045794, 1.778193605104105, 6.138126006912618, 0.42810001652835794, 4.311557894511821, 4.782630654575205, 2.1383198575618962, 0.6592266836713899, 6.088990267251154, 0.08344272035502315, 0.345143614791024, -0.28729945644529964, 0.9708790947015569, 0.9690607373370841, 0.8147413540075523, 0.0011700511571093863, 0.22532088411321494, 0.08279645763501019, 0.9764140210558472, 0.44385765967405, 0.8783479703876942, 2.010500210021713, -0.5236382036981322, -1.7970304399242412, 0.348592244907015]]]}}