{"fidelities_each_sample": [0.40493253620538844, 0.40433598491106015, 0.46483575901994706], "average_fidelity": 0.42470142671213185, "training_params": {"N_samples": 3, "N_training_iterations": 1000, "learning_rate": 0.01, "convergence_threshold": 1e-06, "batch_size": 8, "eval_batch_size": 16, "evaluation_time_steps": 100}}