{"fidelities_each_sample": [0.4100415821208687, 0.4312690688683519, 0.4119707026358978], "average_fidelity": 0.4177604512083728, "training_params": {"N_samples": 3, "N_training_iterations": 1000, "learning_rate": 0.01, "convergence_threshold": 1e-06, "batch_size": 8, "eval_batch_size": 16, "evaluation_time_steps": 100}}