{"fidelities_each_sample": [0.41691505893781655, 0.4071252493367288, 0.4633941208593152], "average_fidelity": 0.4291448097112869, "training_params": {"N_samples": 3, "N_training_iterations": 1000, "learning_rate": 0.01, "convergence_threshold": 1e-06, "batch_size": 8, "eval_batch_size": 16, "evaluation_time_steps": 100}}