{"iterations": 1000, "returned_params": [[[[]], [[]], [[]], [[]], [[3.130475105397178, 1.2290865664629063, 5.41607198682834, 5.691977942962301, 3.3944930821085464, 5.653545009941311, 3.2109902224202256, 4.812131001170723, 1.8649729608125813, 6.138126006912618, 0.42810001652835794, 4.311557894511821, 4.604994270488929, 2.215505538473387, 0.6370490272127571, 6.234289523881163]], [[0.07931193848650395, 0.32807689954237623, -0.24890898122831256, 0.9708790947015569, 0.9690607373370841, 0.8147413540075523, 0.002150180550851672, 0.21057115904779183, 0.0741308294566784, 0.9764140210558472, 0.44385765967405, 0.8783479703876942, 2.028298113948311, -0.504408931022684, -1.7843379635970784, 0.3485922456125862]]], [[[]], [[]], [[]], [[]], [[2.8303174762016785, 1.531232664663217, 5.386131978371003, 5.691977942962301, 3.3944930821085464, 5.653545009941311, 3.4909333284912396, 4.634784520702144, 1.7551091340435168, 6.138126006912618, 0.42810001652835794, 4.311557894511821, 4.819286147323752, 2.1559939927366627, 0.6583350854547996, 6.099716978104774]], [[0.9624805218180205, 0.86835632756577, 1.0483773134805168, 0.9708790947015569, 0.9690607373370841, 0.8147413540075523, -0.15118754382069527, -0.8273545025407588, -0.12277690694884809, 0.9764140210558472, 0.44385765967405, 0.8783479703876942, 0.9782843924086145, -0.8021390329438827, -1.1987914130577477, 0.34859224517429327]]], [[[]], [[]], [[]], [[]], [[3.027969252716992, 1.355002487873305, 5.291331189164763, 5.691977942962301, 3.3944930821085464, 5.653545009941311, 3.327108019952784, 4.7071391834746645, 1.4011842499638663, 6.138126006912618, 0.42810001652835794, 4.311557894511821, 4.827909952240962, 2.2195263464005026, 0.6687062963561832, 6.180264802708578]], [[0.07931193848650395, 0.32807689954237623, -0.24890898122831256, 0.9708790947015569, 0.9690607373370841, 0.8147413540075523, 0.002150180550851672, 0.21057115904779183, 0.0741308294566784, 0.9764140210558472, 0.44385765967405, 0.8783479703876942, 2.028298113948311, -0.504408931022684, -1.7843379635970784, 0.3485922456125862]]]], "final_fidelity": 0.875607632400429, "final_purity": -1, "optimized_trainable_parameters": {"initial_params": [[], [], [], [], [3.130475105397178, 1.2290865664629063, 5.41607198682834, 5.691977942962301, 3.3944930821085464, 5.653545009941311, 3.2109902224202256, 4.812131001170723, 1.8649729608125813, 6.138126006912618, 0.42810001652835794, 4.311557894511821, 4.604994270488929, 2.215505538473387, 0.6370490272127571, 6.234289523881163], [0.9896361588068807, 0.601678237573869, 0.767188097525503, 0.9708790947015569, 0.9690607373370841, 0.8147413540075523, 0.3231783462593578, 0.5958355450488748, 0.24880720810922852, 0.9764140210558472, 0.44385765967405, 0.8783479703876942, 0.8112416341793036, 0.2098910714741249, 0.017874358514248456, 0.3485922450937331]], "lookup_table": [[[3.027969252716992, 1.355002487873305, 5.291331189164763, 5.691977942962301, 3.3944930821085464, 5.653545009941311, 3.327108019952784, 4.7071391834746645, 1.4011842499638663, 6.138126006912618, 0.42810001652835794, 4.311557894511821, 4.827909952240962, 2.2195263464005026, 0.6687062963561832, 6.180264802708578, 0.9624805218180205, 0.86835632756577, 1.0483773134805168, 0.9708790947015569, 0.9690607373370841, 0.8147413540075523, -0.15118754382069527, -0.8273545025407588, -0.12277690694884809, 0.9764140210558472, 0.44385765967405, 0.8783479703876942, 0.9782843924086145, -0.8021390329438827, -1.1987914130577477, 0.34859224517429327], [2.8303174762016785, 1.531232664663217, 5.386131978371003, 5.691977942962301, 3.3944930821085464, 5.653545009941311, 3.4909333284912396, 4.634784520702144, 1.7551091340435168, 6.138126006912618, 0.42810001652835794, 4.311557894511821, 4.819286147323752, 2.1559939927366627, 0.6583350854547996, 6.099716978104774, 0.07931193848650395, 0.32807689954237623, -0.24890898122831256, 0.9708790947015569, 0.9690607373370841, 0.8147413540075523, 0.002150180550851672, 0.21057115904779183, 0.0741308294566784, 0.9764140210558472, 0.44385765967405, 0.8783479703876942, 2.028298113948311, -0.504408931022684, -1.7843379635970784, 0.3485922456125862]]]}}