{"fidelities_each_sample": [0.44691723961960417, 0.41079205798285123, 0.4649675321017583], "average_fidelity": 0.44089227656807123, "training_params": {"N_samples": 3, "N_training_iterations": 1000, "learning_rate": 0.01, "convergence_threshold": 1e-06, "batch_size": 8, "eval_batch_size": 16, "evaluation_time_steps": 100}}