{"fidelities_each_sample": [0.4459880065501528, 0.4070883747111501, 0.39077810486097864], "average_fidelity": 0.4146181620407605, "training_params": {"N_samples": 3, "N_training_iterations": 1000, "learning_rate": 0.01, "convergence_threshold": 1e-06, "batch_size": 8, "eval_batch_size": 16, "evaluation_time_steps": 100}}