{"fidelities_each_sample": [0.4053533071107566, 0.408839236910806, 0.4026756401195599], "average_fidelity": 0.40562272804704086, "training_params": {"N_samples": 3, "N_training_iterations": 1000, "learning_rate": 0.01, "convergence_threshold": 1e-06, "batch_size": 8, "eval_batch_size": 16, "evaluation_time_steps": 100}}