{"iterations": 1000, "returned_params": [[[[]], [[]], [[]], [[]], [[5.313954549984079, 2.4876025866153775, 4.415678300489102, 6.229067048932181, 1.7751352004394012, 2.233601835029501, 2.0750059866928625, 1.9008362926180744, 1.1519001403857367, 3.864856988789411, 5.998718376191112, 5.270125085447247, 4.838962591621289, 0.37080159201021873, 3.1051911682372766, 4.71343603094225]], [[-0.49781663817936994, 0.182650317450674, -0.3816968163381327, 0.5794502442667795, 0.5976030059699919, 0.7000266287193331, 0.5392913696764592, 0.9304580332624818, -0.879349402555617, 0.8728580575304441, 0.22663938029178654, 0.6564232100473297, -1.0610440042281197, 2.198504965714759, -0.36411693537329737, 0.4619819578110448]]], [[[]], [[]], [[]], [[]], [[5.5921987208751425, 2.126809067348986, 2.8979127431149467, 6.229067048932181, 1.7751352004394012, 2.233601835029501, 2.4482182494699636, 2.073117115839463, 1.1581565850043316, 3.864856988789411, 5.998718376191112, 5.270125085447247, 4.815086666069993, 1.6248192181768109, 3.331584145861031, 4.71284290866608]], [[-0.49781663817936994, 0.182650317450674, -0.3816968163381327, 0.5794502442667795, 0.5976030059699919, 0.7000266287193331, 0.5392913696764592, 0.9304580332624818, -0.879349402555617, 0.8728580575304441, 0.22663938029178654, 0.6564232100473297, -1.0610440042281197, 2.198504965714759, -0.36411693537329737, 0.4619819578110448]]], [[[]], [[]], [[]], [[]], [[5.5921987208751425, 2.126809067348986, 2.8979127431149467, 6.229067048932181, 1.7751352004394012, 2.233601835029501, 2.4482182494699636, 2.073117115839463, 1.1581565850043316, 3.864856988789411, 5.998718376191112, 5.270125085447247, 4.815086666069993, 1.6248192181768109, 3.331584145861031, 4.71284290866608]], [[-0.04585557110697851, 0.27023927321162544, 0.2961889641226164, 0.5794502442667795, 0.5976030059699919, 0.7000266287193331, -0.005398803076865957, 0.4208782499768782, -1.2235015744124125, 0.8728580575304441, 0.22663938029178654, 0.6564232100473297, -2.082050171385249, 0.9506979277784365, 3.031094938066208, 0.46198195636298706]]]], "final_fidelity": 0.9862850206531615, "final_purity": -1, "optimized_trainable_parameters": {"initial_params": [[], [], [], [], [5.313954549984079, 2.4876025866153775, 4.415678300489102, 6.229067048932181, 1.7751352004394012, 2.233601835029501, 2.0750059866928625, 1.9008362926180744, 1.1519001403857367, 3.864856988789411, 5.998718376191112, 5.270125085447247, 4.838962591621289, 0.37080159201021873, 3.1051911682372766, 4.71343603094225], [0.08062436666431605, 0.923948835561414, 0.7339523451366718, 0.5794502442667795, 0.5976030059699919, 0.7000266287193331, 0.8056200973061387, 0.8894700350923472, 0.07627888141344874, 0.8728580575304441, 0.22663938029178654, 0.6564232100473297, 0.29224536994517436, 0.6596231091705356, 0.629365131022366, 0.4619819572813424]], "lookup_table": [[[5.5921987208751425, 2.126809067348986, 2.8979127431149467, 6.229067048932181, 1.7751352004394012, 2.233601835029501, 2.4482182494699636, 2.073117115839463, 1.1581565850043316, 3.864856988789411, 5.998718376191112, 5.270125085447247, 4.815086666069993, 1.6248192181768109, 3.331584145861031, 4.71284290866608, -0.49781663817936994, 0.182650317450674, -0.3816968163381327, 0.5794502442667795, 0.5976030059699919, 0.7000266287193331, 0.5392913696764592, 0.9304580332624818, -0.879349402555617, 0.8728580575304441, 0.22663938029178654, 0.6564232100473297, -1.0610440042281197, 2.198504965714759, -0.36411693537329737, 0.4619819578110448], [5.645278347992486, 2.0209909378407707, 3.3802237294699244, 6.229067048932181, 1.7751352004394012, 2.233601835029501, 2.1982099977662783, 1.9582868947289795, 1.2711332650475453, 3.864856988789411, 5.998718376191112, 5.270125085447247, 4.709703322668133, 1.556267876036105, 3.100513025877544, 4.70659217269011, -0.04585557110697851, 0.27023927321162544, 0.2961889641226164, 0.5794502442667795, 0.5976030059699919, 0.7000266287193331, -0.005398803076865957, 0.4208782499768782, -1.2235015744124125, 0.8728580575304441, 0.22663938029178654, 0.6564232100473297, -2.082050171385249, 0.9506979277784365, 3.031094938066208, 0.46198195636298706]]]}}