{"fidelities_each_sample": [0.43154568295509316, 0.410035053378254, 0.4573859329021028], "average_fidelity": 0.43298888974515, "training_params": {"N_samples": 3, "N_training_iterations": 1000, "learning_rate": 0.01, "convergence_threshold": 1e-06, "batch_size": 8, "eval_batch_size": 16, "evaluation_time_steps": 100}}