{"fidelities_each_sample": [0.4591936923562459, 0.4078330306092791, 0.47217226729848877], "average_fidelity": 0.4463996634213379, "training_params": {"N_samples": 3, "N_training_iterations": 1000, "learning_rate": 0.01, "convergence_threshold": 1e-06, "batch_size": 8, "eval_batch_size": 16, "evaluation_time_steps": 100}}