{"fidelities_each_sample": [0.5082053274930542, 0.40861529739963276, 0.36013417555093846], "average_fidelity": 0.4256516001478752, "training_params": {"N_samples": 3, "N_training_iterations": 1000, "learning_rate": 0.01, "convergence_threshold": 1e-06, "batch_size": 8, "eval_batch_size": 16, "evaluation_time_steps": 100}}