{"iterations": 1000, "returned_params": [[[[]], [[]], [[]], [[]], [[5.348766522890152, 2.48238512555803, 4.803678432382229, 6.229067048932181, 1.7751352004394012, 2.233601835029501, 1.8452500707751849, 1.8673738987164137, 1.2780840471491686, 3.864856988789411, 5.998718376191112, 5.270125085447247, 4.8443702515013385, 0.3736695731408108, 3.135762971597541, 4.717668912504044]], [[-0.5144732754923329, 0.10300939315012593, -0.14206703152095126, 0.5794502442667795, 0.5976030059699919, 0.7000266287193331, 0.3830449142418324, 0.9712460059409372, -0.963404206842558, 0.8728580575304441, 0.22663938029178654, 0.6564232100473297, -1.0708742234793434, 2.4945659978680514, -0.6182453145655974, 0.46198195906107115]]], [[[]], [[]], [[]], [[]], [[5.590961158010493, 2.161014737517881, 2.842441358162834, 6.229067048932181, 1.7751352004394012, 2.233601835029501, 2.3829821495636274, 2.027932087708733, 1.1335959140591925, 3.864856988789411, 5.998718376191112, 5.270125085447247, 4.812094195540941, 1.6092859366610688, 3.3138638433635026, 4.712677474253978]], [[-0.5144732754923329, 0.10300939315012593, -0.14206703152095126, 0.5794502442667795, 0.5976030059699919, 0.7000266287193331, 0.3830449142418324, 0.9712460059409372, -0.963404206842558, 0.8728580575304441, 0.22663938029178654, 0.6564232100473297, -1.0708742234793434, 2.4945659978680514, -0.6182453145655974, 0.46198195906107115]]], [[[]], [[]], [[]], [[]], [[5.590961158010493, 2.161014737517881, 2.842441358162834, 6.229067048932181, 1.7751352004394012, 2.233601835029501, 2.3829821495636274, 2.027932087708733, 1.1335959140591925, 3.864856988789411, 5.998718376191112, 5.270125085447247, 4.812094195540941, 1.6092859366610688, 3.3138638433635026, 4.712677474253978]], [[-0.045454512023852436, 0.2429039198773257, 0.4414553237633734, 0.5794502442667795, 0.5976030059699919, 0.7000266287193331, 0.0016323429601424997, 0.37221426127423796, -1.5117344477987504, 0.8728580575304441, 0.22663938029178654, 0.6564232100473297, -2.252373891028496, 1.295998849347948, 2.807319961514953, 0.46198195732010466]]]], "final_fidelity": 0.9881664528886689, "final_purity": -1, "optimized_trainable_parameters": {"initial_params": [[], [], [], [], [5.348766522890152, 2.48238512555803, 4.803678432382229, 6.229067048932181, 1.7751352004394012, 2.233601835029501, 1.8452500707751849, 1.8673738987164137, 1.2780840471491686, 3.864856988789411, 5.998718376191112, 5.270125085447247, 4.8443702515013385, 0.3736695731408108, 3.135762971597541, 4.717668912504044], [0.08062436666431605, 0.923948835561414, 0.7339523451366718, 0.5794502442667795, 0.5976030059699919, 0.7000266287193331, 0.8056200973061387, 0.8894700350923472, 0.07627888141344874, 0.8728580575304441, 0.22663938029178654, 0.6564232100473297, 0.29224536994517436, 0.6596231091705356, 0.629365131022366, 0.4619819572813424]], "lookup_table": [[[5.590961158010493, 2.161014737517881, 2.842441358162834, 6.229067048932181, 1.7751352004394012, 2.233601835029501, 2.3829821495636274, 2.027932087708733, 1.1335959140591925, 3.864856988789411, 5.998718376191112, 5.270125085447247, 4.812094195540941, 1.6092859366610688, 3.3138638433635026, 4.712677474253978, -0.5144732754923329, 0.10300939315012593, -0.14206703152095126, 0.5794502442667795, 0.5976030059699919, 0.7000266287193331, 0.3830449142418324, 0.9712460059409372, -0.963404206842558, 0.8728580575304441, 0.22663938029178654, 0.6564232100473297, -1.0708742234793434, 2.4945659978680514, -0.6182453145655974, 0.46198195906107115], [5.649193212714275, 2.0666198055909204, 3.2182706893923263, 6.229067048932181, 1.7751352004394012, 2.233601835029501, 2.1616577427085186, 1.982711349361047, 1.1116460103873427, 3.864856988789411, 5.998718376191112, 5.270125085447247, 4.708983063641709, 1.5614412384460485, 3.1102805268204485, 4.723971513821481, -0.045454512023852436, 0.2429039198773257, 0.4414553237633734, 0.5794502442667795, 0.5976030059699919, 0.7000266287193331, 0.0016323429601424997, 0.37221426127423796, -1.5117344477987504, 0.8728580575304441, 0.22663938029178654, 0.6564232100473297, -2.252373891028496, 1.295998849347948, 2.807319961514953, 0.46198195732010466]]]}}