{"fidelities_each_sample": [0.40594144744375926, 0.4112310548281457, 0.4616041591142342], "average_fidelity": 0.426258887128713, "training_params": {"N_samples": 3, "N_training_iterations": 1000, "learning_rate": 0.01, "convergence_threshold": 1e-06, "batch_size": 8, "eval_batch_size": 16, "evaluation_time_steps": 100}}