{"iterations": 1000, "returned_params": [[[[]], [[]], [[]], [[]], [[3.134826905475972, 1.2184787974727294, 5.470614703646263, 5.691977942962301, 3.3944930821085464, 5.653545009941311, 3.0959765420915972, 4.780898108515804, 1.9327715577644677, 6.138126006912618, 0.42810001652835794, 4.311557894511821, 4.83901502485614, 2.1858280518493896, 0.6062991736211779, 6.266999586142805]], [[0.08904616681087278, 0.3479074261192007, -0.28001120526309353, 0.9708790947015569, 0.9690607373370841, 0.8147413540075523, 0.001737938267321584, 0.24120376437401655, 0.1665428810643645, 0.9764140210558472, 0.44385765967405, 0.8783479703876942, 1.9953275542153552, -0.5585701394551581, -1.7320578796607835, 0.3485922450389675]]], [[[]], [[]], [[]], [[]], [[2.7770412042432975, 1.5337676886467617, 5.4651870492532035, 5.691977942962301, 3.3944930821085464, 5.653545009941311, 3.5612579886863185, 4.581853761855524, 1.7702660738943905, 6.138126006912618, 0.42810001652835794, 4.311557894511821, 4.7825761009412515, 2.1473531924393146, 0.634254727469521, 6.122632482027738]], [[0.9675076606237446, 0.8613165894305106, 0.9957720104528556, 0.9708790947015569, 0.9690607373370841, 0.8147413540075523, -0.1782775968477413, -0.8482224255704808, -0.15471009616605091, 0.9764140210558472, 0.44385765967405, 0.8783479703876942, 0.9602046338027889, -0.7605119554882798, -1.2482096114262955, 0.3485922449264759]]], [[[]], [[]], [[]], [[]], [[2.9995649839149925, 1.3708536510930882, 5.358846752164162, 5.691977942962301, 3.3944930821085464, 5.653545009941311, 3.308968290943388, 4.814916159984102, 1.3187874103813275, 6.138126006912618, 0.42810001652835794, 4.311557894511821, 4.616111501656286, 2.232390698421547, 0.6097273396356414, 6.210872493162003]], [[0.08904616681087278, 0.3479074261192007, -0.28001120526309353, 0.9708790947015569, 0.9690607373370841, 0.8147413540075523, 0.001737938267321584, 0.24120376437401655, 0.1665428810643645, 0.9764140210558472, 0.44385765967405, 0.8783479703876942, 1.9953275542153552, -0.5585701394551581, -1.7320578796607835, 0.3485922450389675]]]], "final_fidelity": 0.8277591512439887, "final_purity": -1, "optimized_trainable_parameters": {"initial_params": [[], [], [], [], [3.134826905475972, 1.2184787974727294, 5.470614703646263, 5.691977942962301, 3.3944930821085464, 5.653545009941311, 3.0959765420915972, 4.780898108515804, 1.9327715577644677, 6.138126006912618, 0.42810001652835794, 4.311557894511821, 4.83901502485614, 2.1858280518493896, 0.6062991736211779, 6.266999586142805], [0.9896361588068807, 0.601678237573869, 0.767188097525503, 0.9708790947015569, 0.9690607373370841, 0.8147413540075523, 0.3231783462593578, 0.5958355450488748, 0.24880720810922852, 0.9764140210558472, 0.44385765967405, 0.8783479703876942, 0.8112416341793036, 0.2098910714741249, 0.017874358514248456, 0.3485922450937331]], "lookup_table": [[[2.9995649839149925, 1.3708536510930882, 5.358846752164162, 5.691977942962301, 3.3944930821085464, 5.653545009941311, 3.308968290943388, 4.814916159984102, 1.3187874103813275, 6.138126006912618, 0.42810001652835794, 4.311557894511821, 4.616111501656286, 2.232390698421547, 0.6097273396356414, 6.210872493162003, 0.9675076606237446, 0.8613165894305106, 0.9957720104528556, 0.9708790947015569, 0.9690607373370841, 0.8147413540075523, -0.1782775968477413, -0.8482224255704808, -0.15471009616605091, 0.9764140210558472, 0.44385765967405, 0.8783479703876942, 0.9602046338027889, -0.7605119554882798, -1.2482096114262955, 0.3485922449264759], [2.7770412042432975, 1.5337676886467617, 5.4651870492532035, 5.691977942962301, 3.3944930821085464, 5.653545009941311, 3.5612579886863185, 4.581853761855524, 1.7702660738943905, 6.138126006912618, 0.42810001652835794, 4.311557894511821, 4.7825761009412515, 2.1473531924393146, 0.634254727469521, 6.122632482027738, 0.08904616681087278, 0.3479074261192007, -0.28001120526309353, 0.9708790947015569, 0.9690607373370841, 0.8147413540075523, 0.001737938267321584, 0.24120376437401655, 0.1665428810643645, 0.9764140210558472, 0.44385765967405, 0.8783479703876942, 1.9953275542153552, -0.5585701394551581, -1.7320578796607835, 0.3485922450389675]]]}}