{"fidelities_each_sample": [0.38679276322662415, 0.40830087135604565, 0.4619664510285942], "average_fidelity": 0.419020028537088, "training_params": {"N_samples": 3, "N_training_iterations": 1000, "learning_rate": 0.01, "convergence_threshold": 1e-06, "batch_size": 8, "eval_batch_size": 16, "evaluation_time_steps": 100}}