{"iterations": 1000, "returned_params": [[[[]], [[]], [[]], [[]], [[5.999726544722795, 2.3105760485092994, 4.441229024322281, 6.229067048932181, 1.7751352004394012, 2.233601835029501, 2.394446876504261, 1.5666367732098285, 1.9240253811947494, 3.864856988789411, 5.998718376191112, 5.270125085447247, 4.646091638478063, 0.4470946397106925, 2.8696818719755064, 4.738564202865909]], [[-0.6465665992742781, 0.4243151012747608, -0.7716024662956049, 0.5794502442667795, 0.5976030059699919, 0.7000266287193331, 0.6510484778682996, 0.6290340361713915, -1.0808155077317636, 0.8728580575304441, 0.22663938029178654, 0.6564232100473297, -0.7866388334906904, 0.5652698705863379, 0.6870313326967262, 0.46198195883889737]]], [[[]], [[]], [[]], [[]], [[6.508197515984528, 1.5489931260341965, 3.3463600363080137, 6.229067048932181, 1.7751352004394012, 2.233601835029501, 2.7468555008702134, 2.178165202567643, 1.8041811973025776, 3.864856988789411, 5.998718376191112, 5.270125085447247, 4.806866193904768, 1.3183154721058945, 3.0404649776337074, 4.744898094041897]], [[-0.3728265216860056, 1.3855342337309033, 0.27395401503837685, 0.5794502442667795, 0.5976030059699919, 0.7000266287193331, -0.3129478140241957, 1.165988772142438, -0.3182783255949201, 0.8728580575304441, 0.22663938029178654, 0.6564232100473297, -0.9378870894518804, 0.9456440409006565, 2.0584277767719836, 0.4619819570139648]]], [[[]], [[]], [[]], [[]], [[6.508034819609146, 1.6708494840193335, 3.6803832519858615, 6.229067048932181, 1.7751352004394012, 2.233601835029501, 2.2841856924432276, 2.3681829180967933, 1.6584208079204266, 3.864856988789411, 5.998718376191112, 5.270125085447247, 4.726871130938699, 0.6447951443214631, 2.8844960116392753, 4.713459612404034]], [[-0.3728265216860056, 1.3855342337309033, 0.27395401503837685, 0.5794502442667795, 0.5976030059699919, 0.7000266287193331, -0.3129478140241957, 1.165988772142438, -0.3182783255949201, 0.8728580575304441, 0.22663938029178654, 0.6564232100473297, -0.9378870894518804, 0.9456440409006565, 2.0584277767719836, 0.4619819570139648]]]], "final_fidelity": 0.4208684159975001, "final_purity": -1, "optimized_trainable_parameters": {"initial_params": [[], [], [], [], [5.999726544722795, 2.3105760485092994, 4.441229024322281, 6.229067048932181, 1.7751352004394012, 2.233601835029501, 2.394446876504261, 1.5666367732098285, 1.9240253811947494, 3.864856988789411, 5.998718376191112, 5.270125085447247, 4.646091638478063, 0.4470946397106925, 2.8696818719755064, 4.738564202865909], [0.08062436666431605, 0.923948835561414, 0.7339523451366718, 0.5794502442667795, 0.5976030059699919, 0.7000266287193331, 0.8056200973061387, 0.8894700350923472, 0.07627888141344874, 0.8728580575304441, 0.22663938029178654, 0.6564232100473297, 0.29224536994517436, 0.6596231091705356, 0.629365131022366, 0.4619819572813424]], "lookup_table": [[[6.508197515984528, 1.5489931260341965, 3.3463600363080137, 6.229067048932181, 1.7751352004394012, 2.233601835029501, 2.7468555008702134, 2.178165202567643, 1.8041811973025776, 3.864856988789411, 5.998718376191112, 5.270125085447247, 4.806866193904768, 1.3183154721058945, 3.0404649776337074, 4.744898094041897, -0.6465665992742781, 0.4243151012747608, -0.7716024662956049, 0.5794502442667795, 0.5976030059699919, 0.7000266287193331, 0.6510484778682996, 0.6290340361713915, -1.0808155077317636, 0.8728580575304441, 0.22663938029178654, 0.6564232100473297, -0.7866388334906904, 0.5652698705863379, 0.6870313326967262, 0.46198195883889737], [6.508034819609146, 1.6708494840193335, 3.6803832519858615, 6.229067048932181, 1.7751352004394012, 2.233601835029501, 2.2841856924432276, 2.3681829180967933, 1.6584208079204266, 3.864856988789411, 5.998718376191112, 5.270125085447247, 4.726871130938699, 0.6447951443214631, 2.8844960116392753, 4.713459612404034, -0.3728265216860056, 1.3855342337309033, 0.27395401503837685, 0.5794502442667795, 0.5976030059699919, 0.7000266287193331, -0.3129478140241957, 1.165988772142438, -0.3182783255949201, 0.8728580575304441, 0.22663938029178654, 0.6564232100473297, -0.9378870894518804, 0.9456440409006565, 2.0584277767719836, 0.4619819570139648]]]}}