{"iterations": 1000, "returned_params": [[[[]], [[]], [[]], [[]], [[3.1411808463509745, 1.23580376768527, 5.561693248557023, 5.691977942962301, 3.3944930821085464, 5.653545009941311, 3.0957756915266805, 4.8572024690196365, 1.870734590451311, 6.138126006912618, 0.42810001652835794, 4.311557894511821, 4.646710968314097, 2.1198586079214663, 0.5530462761217726, 6.264452625612847]], [[0.10446314297065795, 0.3613613887167214, -0.4824925923192804, 0.9708790947015569, 0.9690607373370841, 0.8147413540075523, 0.0028775383256357946, 0.3340952376490059, 0.08834931512057252, 0.9764140210558472, 0.44385765967405, 0.8783479703876942, 1.5264278401180418, -0.44072014600468773, -1.815773483851889, 0.3485922452160438]]], [[[]], [[]], [[]], [[]], [[2.7605447877508924, 1.5657221721584178, 5.620824605700943, 5.691977942962301, 3.3944930821085464, 5.653545009941311, 3.5664381652561894, 4.641214404368735, 1.6707409967906475, 6.138126006912618, 0.42810001652835794, 4.311557894511821, 4.670720157493017, 2.0460252974058175, 0.6137097590502149, 6.13737602593207]], [[0.8106453098166543, 0.6959286109806687, 0.9460121572091235, 0.9708790947015569, 0.9690607373370841, 0.8147413540075523, -0.1840698788146404, -0.9249152418949966, -0.43743030570511215, 0.9764140210558472, 0.44385765967405, 0.8783479703876942, 0.8366097517663349, -0.7133110068346828, -1.344877399492028, 0.3485922451007979]]], [[[]], [[]], [[]], [[]], [[2.973522490786846, 1.4246994870493606, 5.438414519598417, 5.691977942962301, 3.3944930821085464, 5.653545009941311, 3.2676909513726278, 4.857025633292268, 1.2270330472822693, 6.138126006912618, 0.42810001652835794, 4.311557894511821, 4.638814481794658, 2.164418427942373, 0.5838259759751934, 6.200187235318144]], [[0.10446314297065795, 0.3613613887167214, -0.4824925923192804, 0.9708790947015569, 0.9690607373370841, 0.8147413540075523, 0.0028775383256357946, 0.3340952376490059, 0.08834931512057252, 0.9764140210558472, 0.44385765967405, 0.8783479703876942, 1.5264278401180418, -0.44072014600468773, -1.815773483851889, 0.3485922452160438]]]], "final_fidelity": 0.7649587688491354, "final_purity": -1, "optimized_trainable_parameters": {"initial_params": [[], [], [], [], [3.1411808463509745, 1.23580376768527, 5.561693248557023, 5.691977942962301, 3.3944930821085464, 5.653545009941311, 3.0957756915266805, 4.8572024690196365, 1.870734590451311, 6.138126006912618, 0.42810001652835794, 4.311557894511821, 4.646710968314097, 2.1198586079214663, 0.5530462761217726, 6.264452625612847], [0.9896361588068807, 0.601678237573869, 0.767188097525503, 0.9708790947015569, 0.9690607373370841, 0.8147413540075523, 0.3231783462593578, 0.5958355450488748, 0.24880720810922852, 0.9764140210558472, 0.44385765967405, 0.8783479703876942, 0.8112416341793036, 0.2098910714741249, 0.017874358514248456, 0.3485922450937331]], "lookup_table": [[[2.973522490786846, 1.4246994870493606, 5.438414519598417, 5.691977942962301, 3.3944930821085464, 5.653545009941311, 3.2676909513726278, 4.857025633292268, 1.2270330472822693, 6.138126006912618, 0.42810001652835794, 4.311557894511821, 4.638814481794658, 2.164418427942373, 0.5838259759751934, 6.200187235318144, 0.8106453098166543, 0.6959286109806687, 0.9460121572091235, 0.9708790947015569, 0.9690607373370841, 0.8147413540075523, -0.1840698788146404, -0.9249152418949966, -0.43743030570511215, 0.9764140210558472, 0.44385765967405, 0.8783479703876942, 0.8366097517663349, -0.7133110068346828, -1.344877399492028, 0.3485922451007979], [2.7605447877508924, 1.5657221721584178, 5.620824605700943, 5.691977942962301, 3.3944930821085464, 5.653545009941311, 3.5664381652561894, 4.641214404368735, 1.6707409967906475, 6.138126006912618, 0.42810001652835794, 4.311557894511821, 4.670720157493017, 2.0460252974058175, 0.6137097590502149, 6.13737602593207, 0.10446314297065795, 0.3613613887167214, -0.4824925923192804, 0.9708790947015569, 0.9690607373370841, 0.8147413540075523, 0.0028775383256357946, 0.3340952376490059, 0.08834931512057252, 0.9764140210558472, 0.44385765967405, 0.8783479703876942, 1.5264278401180418, -0.44072014600468773, -1.815773483851889, 0.3485922452160438]]]}}