{"iterations": 1000, "returned_params": [[[[]], [[]], [[]], [[]], [[3.1144463396682, 1.2149911997830438, 5.04641164689162, 5.691977942962301, 3.3944930821085464, 5.653545009941311, 3.19907901760882, 4.732313590038309, 1.8445914743651959, 6.138126006912618, 0.42810001652835794, 4.311557894511821, 4.92169785005939, 2.230636571723494, 0.6729804982921231, 6.114474625883478]], [[0.06290972918737862, 0.30557033627164776, -0.05031397745570821, 0.9708790947015569, 0.9690607373370841, 0.8147413540075523, -0.01670698456046633, 0.13259496269705442, -0.05110488914544528, 0.9764140210558472, 0.44385765967405, 0.8783479703876942, 2.2131950351438014, -0.44654265613287814, -1.797458345041296, 0.34859224474575023]]], [[[]], [[]], [[]], [[]], [[2.860699457039427, 1.379290821629463, 5.337167112179549, 5.691977942962301, 3.3944930821085464, 5.653545009941311, 3.3743512392846355, 4.689721980821927, 1.758544741662287, 6.138126006912618, 0.42810001652835794, 4.311557894511821, 4.8662404732994125, 2.100717743832828, 0.7772902928775661, 6.052499832987078]], [[0.9205677459545673, 0.9804812128986355, 1.1190947721979783, 0.9708790947015569, 0.9690607373370841, 0.8147413540075523, -0.10884244529960013, -0.7506110571766254, -0.03807807204404046, 0.9764140210558472, 0.44385765967405, 0.8783479703876942, 0.8834943139745157, -0.9069966227023991, -1.0999864593504172, 0.34859224433579505]]], [[[]], [[]], [[]], [[]], [[3.0010462510627884, 1.351924562276111, 5.347122670216191, 5.691977942962301, 3.3944930821085464, 5.653545009941311, 3.2460099713831037, 4.617260387265126, 1.5632548890873932, 6.138126006912618, 0.42810001652835794, 4.311557894511821, 4.841026735181519, 2.214225836442706, 0.7532518558253378, 6.088697582935178]], [[0.06290972918737862, 0.30557033627164776, -0.05031397745570821, 0.9708790947015569, 0.9690607373370841, 0.8147413540075523, -0.01670698456046633, 0.13259496269705442, -0.05110488914544528, 0.9764140210558472, 0.44385765967405, 0.8783479703876942, 2.2131950351438014, -0.44654265613287814, -1.797458345041296, 0.34859224474575023]]]], "final_fidelity": 0.9154247803258276, "final_purity": -1, "optimized_trainable_parameters": {"initial_params": [[], [], [], [], [3.1144463396682, 1.2149911997830438, 5.04641164689162, 5.691977942962301, 3.3944930821085464, 5.653545009941311, 3.19907901760882, 4.732313590038309, 1.8445914743651959, 6.138126006912618, 0.42810001652835794, 4.311557894511821, 4.92169785005939, 2.230636571723494, 0.6729804982921231, 6.114474625883478], [0.9896361588068807, 0.601678237573869, 0.767188097525503, 0.9708790947015569, 0.9690607373370841, 0.8147413540075523, 0.3231783462593578, 0.5958355450488748, 0.24880720810922852, 0.9764140210558472, 0.44385765967405, 0.8783479703876942, 0.8112416341793036, 0.2098910714741249, 0.017874358514248456, 0.3485922450937331]], "lookup_table": [[[3.0010462510627884, 1.351924562276111, 5.347122670216191, 5.691977942962301, 3.3944930821085464, 5.653545009941311, 3.2460099713831037, 4.617260387265126, 1.5632548890873932, 6.138126006912618, 0.42810001652835794, 4.311557894511821, 4.841026735181519, 2.214225836442706, 0.7532518558253378, 6.088697582935178, 0.9205677459545673, 0.9804812128986355, 1.1190947721979783, 0.9708790947015569, 0.9690607373370841, 0.8147413540075523, -0.10884244529960013, -0.7506110571766254, -0.03807807204404046, 0.9764140210558472, 0.44385765967405, 0.8783479703876942, 0.8834943139745157, -0.9069966227023991, -1.0999864593504172, 0.34859224433579505], [2.860699457039427, 1.379290821629463, 5.337167112179549, 5.691977942962301, 3.3944930821085464, 5.653545009941311, 3.3743512392846355, 4.689721980821927, 1.758544741662287, 6.138126006912618, 0.42810001652835794, 4.311557894511821, 4.8662404732994125, 2.100717743832828, 0.7772902928775661, 6.052499832987078, 0.06290972918737862, 0.30557033627164776, -0.05031397745570821, 0.9708790947015569, 0.9690607373370841, 0.8147413540075523, -0.01670698456046633, 0.13259496269705442, -0.05110488914544528, 0.9764140210558472, 0.44385765967405, 0.8783479703876942, 2.2131950351438014, -0.44654265613287814, -1.797458345041296, 0.34859224474575023]]]}}