{"iterations": 1000, "returned_params": [[[[]], [[]], [[]], [[]], [[4.629638803187265, 3.5428916132259123, 1.1749960021045618, 0.5282731776255372, 4.188329780587534, 5.943598571023818, 3.3268444213369786, 0.8748573125197527, 5.675071587918191, 1.4568735348880524, 0.14305404372782343, 1.553603425195241, 6.077479956345382, 6.183118936359035, 6.1849422844874935, 1.5707963267949]], [[1.7210903085495979, -0.1105779807925745, 1.467063257229298, 0.3442831087060272, 0.1798085856277949, 0.5937222710409478, 1.6795209262425108, -0.5517646372981327, 1.8893464068268528, 0.38095476215895285, 0.8719235294154941, 0.037596389410944786, -0.2554517045229515, 0.34090030938835175, -0.21549162160054666, 0.06977553508858436]]], [[[]], [[]], [[]], [[]], [[4.716469234666426, 3.8059614892517186, 0.7659450503467061, 0.5282731776255372, 4.188329780587534, 5.943598571023818, 3.287085508923887, 0.9537452751511947, 5.832869687266758, 1.4568735348880524, 0.14305404372782343, 1.553603425195241, 6.024895065136103, 6.265781233566691, 6.225340254377512, 1.5707962761813445]], [[0.0822317277118733, -0.014201793150287861, 0.933093810531785, 0.3442831087060272, 0.1798085856277949, 0.5937222710409478, 0.011487060543856778, -0.007172755764690459, 1.6600171852001624, 0.38095476215895285, 0.8719235294154941, 0.037596389410944786, 1.464163344010929, -0.8323557682287791, 1.3943719937140955, 0.06977553489944686]]], [[[]], [[]], [[]], [[]], [[5.327707734603831, 3.063178973982351, 0.9069936533121059, 0.5282731776255372, 4.188329780587534, 5.943598571023818, 3.0801685453181284, 1.340861947425435, 3.882147199572913, 1.4568735348880524, 0.14305404372782343, 1.553603425195241, 6.338216946792839, 6.249645210499455, 6.250442096794329, 1.5701012208288208]], [[0.0822317277118733, -0.014201793150287861, 0.933093810531785, 0.3442831087060272, 0.1798085856277949, 0.5937222710409478, 0.011487060543856778, -0.007172755764690459, 1.6600171852001624, 0.38095476215895285, 0.8719235294154941, 0.037596389410944786, 1.464163344010929, -0.8323557682287791, 1.3943719937140955, 0.06977553489944686]]]], "final_fidelity": 0.9300219714865219, "final_purity": -1, "optimized_trainable_parameters": {"initial_params": [[], [], [], [], [4.629638803187265, 3.5428916132259123, 1.1749960021045618, 0.5282731776255372, 4.188329780587534, 5.943598571023818, 3.3268444213369786, 0.8748573125197527, 5.675071587918191, 1.4568735348880524, 0.14305404372782343, 1.553603425195241, 6.077479956345382, 6.183118936359035, 6.1849422844874935, 1.5707963267949], [0.7629686968030167, 0.5157779310907755, 0.7615436436554233, 0.3442831087060272, 0.1798085856277949, 0.5937222710409478, 0.8030427624105341, 0.2090485622535314, 0.9636188991405543, 0.38095476215895285, 0.8719235294154941, 0.037596389410944786, 0.5967162494642011, 0.520225493689553, 0.1669604703213785, 0.0697755349439706]], "lookup_table": [[[4.716469234666426, 3.8059614892517186, 0.7659450503467061, 0.5282731776255372, 4.188329780587534, 5.943598571023818, 3.287085508923887, 0.9537452751511947, 5.832869687266758, 1.4568735348880524, 0.14305404372782343, 1.553603425195241, 6.024895065136103, 6.265781233566691, 6.225340254377512, 1.5707962761813445, 1.7210903085495979, -0.1105779807925745, 1.467063257229298, 0.3442831087060272, 0.1798085856277949, 0.5937222710409478, 1.6795209262425108, -0.5517646372981327, 1.8893464068268528, 0.38095476215895285, 0.8719235294154941, 0.037596389410944786, -0.2554517045229515, 0.34090030938835175, -0.21549162160054666, 0.06977553508858436], [5.327707734603831, 3.063178973982351, 0.9069936533121059, 0.5282731776255372, 4.188329780587534, 5.943598571023818, 3.0801685453181284, 1.340861947425435, 3.882147199572913, 1.4568735348880524, 0.14305404372782343, 1.553603425195241, 6.338216946792839, 6.249645210499455, 6.250442096794329, 1.5701012208288208, 0.0822317277118733, -0.014201793150287861, 0.933093810531785, 0.3442831087060272, 0.1798085856277949, 0.5937222710409478, 0.011487060543856778, -0.007172755764690459, 1.6600171852001624, 0.38095476215895285, 0.8719235294154941, 0.037596389410944786, 1.464163344010929, -0.8323557682287791, 1.3943719937140955, 0.06977553489944686]]]}}