{"fidelities_each_sample": [0.44310898338934585, 0.4066415962472871, 0.417240530402722], "average_fidelity": 0.4223303700131183, "training_params": {"N_samples": 3, "N_training_iterations": 1000, "learning_rate": 0.01, "convergence_threshold": 1e-06, "batch_size": 8, "eval_batch_size": 16, "evaluation_time_steps": 100}}