{"iterations": 1000, "returned_params": [[[[]], [[]], [[]], [[]], [[5.375965026711684, 2.445768909215967, 4.74442557605709, 6.229067048932181, 1.7751352004394012, 2.233601835029501, 1.9704392357365292, 2.055749178477188, 1.1311589256098478, 3.864856988789411, 5.998718376191112, 5.270125085447247, 4.692813738857716, 0.3292738943734208, 3.1011563758751244, 4.711419963700863]], [[-0.4793469380467816, 0.13274190155091278, -0.2579948592537862, 0.5794502442667795, 0.5976030059699919, 0.7000266287193331, 0.4437085689489504, 0.9565912863582964, -0.9072751237588964, 0.8728580575304441, 0.22663938029178654, 0.6564232100473297, -1.01640443411705, 2.4188144507321674, -0.6591010707509743, 0.46198195717671975]]], [[[]], [[]], [[]], [[]], [[5.51856451183069, 2.140071186242335, 3.055722200911357, 6.229067048932181, 1.7751352004394012, 2.233601835029501, 2.375447219289491, 2.221228439332155, 0.9722272657605667, 3.864856988789411, 5.998718376191112, 5.270125085447247, 4.836747025169393, 1.6582216711001787, 3.3239150069420123, 4.697300092041198]], [[-0.4793469380467816, 0.13274190155091278, -0.2579948592537862, 0.5794502442667795, 0.5976030059699919, 0.7000266287193331, 0.4437085689489504, 0.9565912863582964, -0.9072751237588964, 0.8728580575304441, 0.22663938029178654, 0.6564232100473297, -1.01640443411705, 2.4188144507321674, -0.6591010707509743, 0.46198195717671975]]], [[[]], [[]], [[]], [[]], [[5.51856451183069, 2.140071186242335, 3.055722200911357, 6.229067048932181, 1.7751352004394012, 2.233601835029501, 2.375447219289491, 2.221228439332155, 0.9722272657605667, 3.864856988789411, 5.998718376191112, 5.270125085447247, 4.836747025169393, 1.6582216711001787, 3.3239150069420123, 4.697300092041198]], [[-0.06188844959285069, 0.2971244069590012, 0.2857412178131693, 0.5794502442667795, 0.5976030059699919, 0.7000266287193331, 0.022785592083788712, 0.44821238238610533, -1.473826950500471, 0.8728580575304441, 0.22663938029178654, 0.6564232100473297, -2.2673232384939976, 1.5154895939680222, 2.6882740621500467, 0.46198195706151224]]]], "final_fidelity": 0.9710560253056376, "final_purity": -1, "optimized_trainable_parameters": {"initial_params": [[], [], [], [], [5.375965026711684, 2.445768909215967, 4.74442557605709, 6.229067048932181, 1.7751352004394012, 2.233601835029501, 1.9704392357365292, 2.055749178477188, 1.1311589256098478, 3.864856988789411, 5.998718376191112, 5.270125085447247, 4.692813738857716, 0.3292738943734208, 3.1011563758751244, 4.711419963700863], [0.08062436666431605, 0.923948835561414, 0.7339523451366718, 0.5794502442667795, 0.5976030059699919, 0.7000266287193331, 0.8056200973061387, 0.8894700350923472, 0.07627888141344874, 0.8728580575304441, 0.22663938029178654, 0.6564232100473297, 0.29224536994517436, 0.6596231091705356, 0.629365131022366, 0.4619819572813424]], "lookup_table": [[[5.51856451183069, 2.140071186242335, 3.055722200911357, 6.229067048932181, 1.7751352004394012, 2.233601835029501, 2.375447219289491, 2.221228439332155, 0.9722272657605667, 3.864856988789411, 5.998718376191112, 5.270125085447247, 4.836747025169393, 1.6582216711001787, 3.3239150069420123, 4.697300092041198, -0.4793469380467816, 0.13274190155091278, -0.2579948592537862, 0.5794502442667795, 0.5976030059699919, 0.7000266287193331, 0.4437085689489504, 0.9565912863582964, -0.9072751237588964, 0.8728580575304441, 0.22663938029178654, 0.6564232100473297, -1.01640443411705, 2.4188144507321674, -0.6591010707509743, 0.46198195717671975], [5.619406118596812, 2.0485837475993565, 3.3158727139898216, 6.229067048932181, 1.7751352004394012, 2.233601835029501, 2.2414461023044288, 2.0153880368208346, 1.067080831547781, 3.864856988789411, 5.998718376191112, 5.270125085447247, 4.7087204487116034, 1.557947818520386, 3.109975744290913, 4.721058753712849, -0.06188844959285069, 0.2971244069590012, 0.2857412178131693, 0.5794502442667795, 0.5976030059699919, 0.7000266287193331, 0.022785592083788712, 0.44821238238610533, -1.473826950500471, 0.8728580575304441, 0.22663938029178654, 0.6564232100473297, -2.2673232384939976, 1.5154895939680222, 2.6882740621500467, 0.46198195706151224]]]}}