{"fidelities_each_sample": [0.4243962507655833, 0.40604208762889415, 0.4665765163246958], "average_fidelity": 0.4323382849063911, "training_params": {"N_samples": 3, "N_training_iterations": 1000, "learning_rate": 0.01, "convergence_threshold": 1e-06, "batch_size": 8, "eval_batch_size": 16, "evaluation_time_steps": 100}}