{"iterations": 1000, "returned_params": [[[[]], [[]], [[]], [[]], [[3.1207575567828494, 1.2345046200780545, 5.4924142924615005, 5.691977942962301, 3.3944930821085464, 5.653545009941311, 3.1135674199786076, 4.764989919586185, 1.9233465950417044, 6.138126006912618, 0.42810001652835794, 4.311557894511821, 4.819886323543656, 2.1749559975884094, 0.5970158768006257, 6.265083103495419]], [[0.09396283969070532, 0.35723727452384396, -0.2844082678189141, 0.9708790947015569, 0.9690607373370841, 0.8147413540075523, 0.002425682682469283, 0.2442388280854323, 0.18270012985213435, 0.9764140210558472, 0.44385765967405, 0.8783479703876942, 1.9789769483042312, -0.5784465628759283, -1.7045621316908843, 0.34859224490266233]]], [[[]], [[]], [[]], [[]], [[2.7610350327867166, 1.5469653308735343, 5.54045839045735, 5.691977942962301, 3.3944930821085464, 5.653545009941311, 3.5663560235712617, 4.5573942413803366, 1.855329174021922, 6.138126006912618, 0.42810001652835794, 4.311557894511821, 4.771912438495278, 2.140579393654944, 0.6286242678309311, 6.120080418568615]], [[0.930463478828936, 0.8331561231265406, 0.9915926338301075, 0.9708790947015569, 0.9690607373370841, 0.8147413540075523, -0.17651124016983066, -0.8498041043235555, -0.1982105910097553, 0.9764140210558472, 0.44385765967405, 0.8783479703876942, 0.9396449449108774, -0.7470837629665386, -1.2776401942016806, 0.3485922449176195]]], [[[]], [[]], [[]], [[]], [[2.962852497286276, 1.4111293030442222, 5.370878270050944, 5.691977942962301, 3.3944930821085464, 5.653545009941311, 3.368153773911345, 4.778527119872049, 1.2862348475954921, 6.138126006912618, 0.42810001652835794, 4.311557894511821, 4.618508409447352, 2.2295253709265572, 0.6005659291484375, 6.213770993026675]], [[0.09396283969070532, 0.35723727452384396, -0.2844082678189141, 0.9708790947015569, 0.9690607373370841, 0.8147413540075523, 0.002425682682469283, 0.2442388280854323, 0.18270012985213435, 0.9764140210558472, 0.44385765967405, 0.8783479703876942, 1.9789769483042312, -0.5784465628759283, -1.7045621316908843, 0.34859224490266233]]]], "final_fidelity": 0.8121234178857795, "final_purity": -1, "optimized_trainable_parameters": {"initial_params": [[], [], [], [], [3.1207575567828494, 1.2345046200780545, 5.4924142924615005, 5.691977942962301, 3.3944930821085464, 5.653545009941311, 3.1135674199786076, 4.764989919586185, 1.9233465950417044, 6.138126006912618, 0.42810001652835794, 4.311557894511821, 4.819886323543656, 2.1749559975884094, 0.5970158768006257, 6.265083103495419], [0.9896361588068807, 0.601678237573869, 0.767188097525503, 0.9708790947015569, 0.9690607373370841, 0.8147413540075523, 0.3231783462593578, 0.5958355450488748, 0.24880720810922852, 0.9764140210558472, 0.44385765967405, 0.8783479703876942, 0.8112416341793036, 0.2098910714741249, 0.017874358514248456, 0.3485922450937331]], "lookup_table": [[[2.962852497286276, 1.4111293030442222, 5.370878270050944, 5.691977942962301, 3.3944930821085464, 5.653545009941311, 3.368153773911345, 4.778527119872049, 1.2862348475954921, 6.138126006912618, 0.42810001652835794, 4.311557894511821, 4.618508409447352, 2.2295253709265572, 0.6005659291484375, 6.213770993026675, 0.930463478828936, 0.8331561231265406, 0.9915926338301075, 0.9708790947015569, 0.9690607373370841, 0.8147413540075523, -0.17651124016983066, -0.8498041043235555, -0.1982105910097553, 0.9764140210558472, 0.44385765967405, 0.8783479703876942, 0.9396449449108774, -0.7470837629665386, -1.2776401942016806, 0.3485922449176195], [2.7610350327867166, 1.5469653308735343, 5.54045839045735, 5.691977942962301, 3.3944930821085464, 5.653545009941311, 3.5663560235712617, 4.5573942413803366, 1.855329174021922, 6.138126006912618, 0.42810001652835794, 4.311557894511821, 4.771912438495278, 2.140579393654944, 0.6286242678309311, 6.120080418568615, 0.09396283969070532, 0.35723727452384396, -0.2844082678189141, 0.9708790947015569, 0.9690607373370841, 0.8147413540075523, 0.002425682682469283, 0.2442388280854323, 0.18270012985213435, 0.9764140210558472, 0.44385765967405, 0.8783479703876942, 1.9789769483042312, -0.5784465628759283, -1.7045621316908843, 0.34859224490266233]]]}}