{"fidelities_each_sample": [0.44120929395713465, 0.40871258723140974, 0.37206860992231444], "average_fidelity": 0.4073301637036196, "training_params": {"N_samples": 3, "N_training_iterations": 1000, "learning_rate": 0.01, "convergence_threshold": 1e-06, "batch_size": 8, "eval_batch_size": 16, "evaluation_time_steps": 100}}