{"iterations": 1000, "returned_params": [[[[]], [[]], [[]], [[]], [[4.6666014447997695, 3.537488802095089, 1.1435429849120131, 0.5282731776255372, 4.188329780587534, 5.943598571023818, 3.32120271068879, 0.8423144323669554, 5.696422529600034, 1.4568735348880524, 0.14305404372782343, 1.553603425195241, 6.0679620310047735, 6.188467330244821, 6.188871481684651, 1.570796326794886]], [[1.7174387176451802, -0.13975253767605292, 1.4892152622224808, 0.3442831087060272, 0.1798085856277949, 0.5937222710409478, 1.710826659260427, -0.5482569433061821, 1.9053370244348817, 0.38095476215895285, 0.8719235294154941, 0.037596389410944786, -0.26240488106321513, 0.32602282575560243, -0.16681207654326513, 0.06977553521610207]]], [[[]], [[]], [[]], [[]], [[4.6977896311726255, 3.7843743102074194, 0.8139124612207618, 0.5282731776255372, 4.188329780587534, 5.943598571023818, 3.3191960679280443, 0.9098477786168568, 5.8258635006489525, 1.4568735348880524, 0.14305404372782343, 1.553603425195241, 5.992227000512499, 6.255630561754698, 6.220600536939839, 1.570796324896566]], [[0.07916066841720681, -0.012001822510963751, 0.9522108448793634, 0.3442831087060272, 0.1798085856277949, 0.5937222710409478, 0.01601453530288697, -0.0022476131905742338, 1.6948315339427527, 0.38095476215895285, 0.8719235294154941, 0.037596389410944786, 1.5028489452586358, -0.8541978045464464, 1.4081629801111626, 0.06977553508627521]]], [[[]], [[]], [[]], [[]], [[5.24167925380873, 3.0736179249226443, 0.8729662604625015, 0.5282731776255372, 4.188329780587534, 5.943598571023818, 3.173669281812635, 1.01823872909858, 4.2122335055711835, 1.4568735348880524, 0.14305404372782343, 1.553603425195241, 6.400019339775693, 6.288628438970342, 6.292889599809737, 1.5705671671122503]], [[0.07916066841720681, -0.012001822510963751, 0.9522108448793634, 0.3442831087060272, 0.1798085856277949, 0.5937222710409478, 0.01601453530288697, -0.0022476131905742338, 1.6948315339427527, 0.38095476215895285, 0.8719235294154941, 0.037596389410944786, 1.5028489452586358, -0.8541978045464464, 1.4081629801111626, 0.06977553508627521]]]], "final_fidelity": 0.9511135633095525, "final_purity": -1, "optimized_trainable_parameters": {"initial_params": [[], [], [], [], [4.6666014447997695, 3.537488802095089, 1.1435429849120131, 0.5282731776255372, 4.188329780587534, 5.943598571023818, 3.32120271068879, 0.8423144323669554, 5.696422529600034, 1.4568735348880524, 0.14305404372782343, 1.553603425195241, 6.0679620310047735, 6.188467330244821, 6.188871481684651, 1.570796326794886], [0.7629686968030167, 0.5157779310907755, 0.7615436436554233, 0.3442831087060272, 0.1798085856277949, 0.5937222710409478, 0.8030427624105341, 0.2090485622535314, 0.9636188991405543, 0.38095476215895285, 0.8719235294154941, 0.037596389410944786, 0.5967162494642011, 0.520225493689553, 0.1669604703213785, 0.0697755349439706]], "lookup_table": [[[4.6977896311726255, 3.7843743102074194, 0.8139124612207618, 0.5282731776255372, 4.188329780587534, 5.943598571023818, 3.3191960679280443, 0.9098477786168568, 5.8258635006489525, 1.4568735348880524, 0.14305404372782343, 1.553603425195241, 5.992227000512499, 6.255630561754698, 6.220600536939839, 1.570796324896566, 1.7174387176451802, -0.13975253767605292, 1.4892152622224808, 0.3442831087060272, 0.1798085856277949, 0.5937222710409478, 1.710826659260427, -0.5482569433061821, 1.9053370244348817, 0.38095476215895285, 0.8719235294154941, 0.037596389410944786, -0.26240488106321513, 0.32602282575560243, -0.16681207654326513, 0.06977553521610207], [5.24167925380873, 3.0736179249226443, 0.8729662604625015, 0.5282731776255372, 4.188329780587534, 5.943598571023818, 3.173669281812635, 1.01823872909858, 4.2122335055711835, 1.4568735348880524, 0.14305404372782343, 1.553603425195241, 6.400019339775693, 6.288628438970342, 6.292889599809737, 1.5705671671122503, 0.07916066841720681, -0.012001822510963751, 0.9522108448793634, 0.3442831087060272, 0.1798085856277949, 0.5937222710409478, 0.01601453530288697, -0.0022476131905742338, 1.6948315339427527, 0.38095476215895285, 0.8719235294154941, 0.037596389410944786, 1.5028489452586358, -0.8541978045464464, 1.4081629801111626, 0.06977553508627521]]]}}