{"fidelities_each_sample": [0.5652628625312328, 0.28085725239815135, 0.14710798486350235], "average_fidelity": 0.3310760332642955, "training_params": {"N_samples": 3, "N_training_iterations": 1000, "learning_rate": 0.01, "convergence_threshold": 1e-06, "batch_size": 8, "eval_batch_size": 16, "evaluation_time_steps": 100}}