{"fidelities_each_sample": [0.21493388129899837, 0.1490128087612912, 0.1631630246302399], "average_fidelity": 0.1757032382301765, "training_params": {"N_samples": 3, "N_training_iterations": 1000, "learning_rate": 0.01, "convergence_threshold": 1e-06, "batch_size": 8, "eval_batch_size": 16, "evaluation_time_steps": 100}}