{"fidelities_each_sample": [0.20447301455837533, 0.16579890765932737, 0.16716491388105234], "average_fidelity": 0.17914561203291834, "training_params": {"N_samples": 3, "N_training_iterations": 1000, "learning_rate": 0.01, "convergence_threshold": 1e-06, "batch_size": 8, "eval_batch_size": 16, "evaluation_time_steps": 100}}