{"fidelities_each_sample": [0.17928045774651274, 0.16083922127222475, 0.15491759092759252], "average_fidelity": 0.16501242331544333, "training_params": {"N_samples": 3, "N_training_iterations": 1000, "learning_rate": 0.01, "convergence_threshold": 1e-06, "batch_size": 8, "eval_batch_size": 16, "evaluation_time_steps": 100}}