{"fidelities_each_sample": [0.1366734485356225, 0.150231265303987, 0.14097727048446151], "average_fidelity": 0.14262732810802367, "training_params": {"N_samples": 3, "N_training_iterations": 1000, "learning_rate": 0.01, "convergence_threshold": 1e-06, "batch_size": 8, "eval_batch_size": 16, "evaluation_time_steps": 100}}