{"fidelities_each_sample": [0.16013387619400607, 0.1906318671282308, 0.2015447931575216], "average_fidelity": 0.1841035121599195, "training_params": {"N_samples": 3, "N_training_iterations": 1000, "learning_rate": 0.01, "convergence_threshold": 1e-06, "batch_size": 8, "eval_batch_size": 16, "evaluation_time_steps": 100}}