{"fidelities_each_sample": [0.24760934642996182, 0.2347007544283956, 0.24136481515816555], "average_fidelity": 0.24122497200550766, "training_params": {"N_samples": 3, "N_training_iterations": 4000, "learning_rate": 0.01, "convergence_threshold": 1e-06, "batch_size": 8, "eval_batch_size": 16, "evaluation_time_steps": 100}}