{"fidelities_each_sample": [0.1873097817577546, 0.17698176951774564, 0.16752218076243816], "average_fidelity": 0.17727124401264613, "training_params": {"N_samples": 3, "N_training_iterations": 4000, "learning_rate": 0.01, "convergence_threshold": 1e-06, "batch_size": 8, "eval_batch_size": 16, "evaluation_time_steps": 100}}