{"fidelities_each_sample": [0.2863706907693732, 0.29043279100367814, 0.29487377162722433], "average_fidelity": 0.29055908446675854, "training_params": {"N_samples": 3, "N_training_iterations": 4000, "learning_rate": 0.01, "convergence_threshold": 1e-06, "batch_size": 8, "eval_batch_size": 16, "evaluation_time_steps": 100}}