{"fidelities_each_sample": [0.3245511299740848, 0.29782919786016016, 0.31110592537778636], "average_fidelity": 0.31116208440401044, "training_params": {"N_samples": 3, "N_training_iterations": 4000, "learning_rate": 0.01, "convergence_threshold": 1e-06, "batch_size": 8, "eval_batch_size": 16, "evaluation_time_steps": 100}}