{"fidelities_each_sample": [0.17274519274509598, 0.19498952627646773, 0.23694749334736215], "average_fidelity": 0.20156073745630865, "training_params": {"N_samples": 3, "N_training_iterations": 4000, "learning_rate": 0.01, "convergence_threshold": 1e-06, "batch_size": 8, "eval_batch_size": 16, "evaluation_time_steps": 100}}