{"fidelities_each_sample": [0.16225055629447538, 0.15863890625915644, 0.18444247383806917], "average_fidelity": 0.1684439787972337, "training_params": {"N_samples": 3, "N_training_iterations": 1000, "learning_rate": 0.01, "convergence_threshold": 1e-06, "batch_size": 8, "eval_batch_size": 16, "evaluation_time_steps": 100}}