{"fidelities_each_sample": [0.2822695236910363, 0.2591675052121456, 0.2554529880657612], "average_fidelity": 0.2656300056563144, "training_params": {"N_samples": 3, "N_training_iterations": 4000, "learning_rate": 0.01, "convergence_threshold": 1e-06, "batch_size": 8, "eval_batch_size": 16, "evaluation_time_steps": 100}}