{"fidelities_each_sample": [0.24286328155950473, 0.19713660828441398, 0.2062966532419435], "average_fidelity": 0.21543218102862072, "training_params": {"N_samples": 3, "N_training_iterations": 4000, "learning_rate": 0.01, "convergence_threshold": 1e-06, "batch_size": 8, "eval_batch_size": 16, "evaluation_time_steps": 100}}