{"fidelities_each_sample": [0.2526523608912989, 0.2713119861996998, 0.40005730158857594], "average_fidelity": 0.3080072162265249, "training_params": {"N_samples": 3, "N_training_iterations": 4000, "learning_rate": 0.01, "convergence_threshold": 1e-06, "batch_size": 8, "eval_batch_size": 16, "evaluation_time_steps": 100}}