{"fidelities_each_sample": [0.3234721239341477, 0.31616403904638646, 0.29269763323846154], "average_fidelity": 0.3107779320729986, "training_params": {"N_samples": 3, "N_training_iterations": 4000, "learning_rate": 0.01, "convergence_threshold": 1e-06, "batch_size": 8, "eval_batch_size": 16, "evaluation_time_steps": 100}}