{"fidelities_each_sample": [0.2414906528334992, 0.3245027098076947, 0.21722255769174573], "average_fidelity": 0.2610719734443132, "training_params": {"N_samples": 3, "N_training_iterations": 4000, "learning_rate": 0.01, "convergence_threshold": 1e-06, "batch_size": 8, "eval_batch_size": 16, "evaluation_time_steps": 100}}