{"fidelities_each_sample": [0.18885288802654282, 0.16265554210709146, 0.17974143028533812], "average_fidelity": 0.17708328680632412, "training_params": {"N_samples": 3, "N_training_iterations": 4000, "learning_rate": 0.01, "convergence_threshold": 1e-06, "batch_size": 8, "eval_batch_size": 16, "evaluation_time_steps": 100}}