{"fidelities_each_sample": [0.28373376118431215, 0.22814246513284842, 0.2736709352183073], "average_fidelity": 0.26184905384515594, "training_params": {"N_samples": 3, "N_training_iterations": 4000, "learning_rate": 0.01, "convergence_threshold": 1e-06, "batch_size": 8, "eval_batch_size": 16, "evaluation_time_steps": 100}}