{"fidelities_each_sample": [0.18188024150251408, 0.18433902885380207, 0.22970722606312374], "average_fidelity": 0.19864216547314664, "training_params": {"N_samples": 3, "N_training_iterations": 4000, "learning_rate": 0.01, "convergence_threshold": 1e-06, "batch_size": 8, "eval_batch_size": 16, "evaluation_time_steps": 100}}