{"fidelities_each_sample": [0.1286325443759493, 0.12706463921492267, 0.12578034069128802], "average_fidelity": 0.12715917476072, "training_params": {"N_samples": 3, "N_training_iterations": 4000, "learning_rate": 0.01, "convergence_threshold": 1e-06, "batch_size": 8, "eval_batch_size": 16, "evaluation_time_steps": 100}}