{"fidelities_each_sample": [0.12858949957820914, 0.12699536494364155, 0.12606126935634157], "average_fidelity": 0.1272153779593974, "training_params": {"N_samples": 3, "N_training_iterations": 4000, "learning_rate": 0.01, "convergence_threshold": 1e-06, "batch_size": 8, "eval_batch_size": 16, "evaluation_time_steps": 100}}