{"fidelities_each_sample": [0.23509994622332028, 0.28562361493609306, 0.2790343319343694], "average_fidelity": 0.26658596436459425, "training_params": {"N_samples": 3, "N_training_iterations": 4000, "learning_rate": 0.01, "convergence_threshold": 1e-06, "batch_size": 8, "eval_batch_size": 16, "evaluation_time_steps": 100}}