{"fidelities_each_sample": [0.1884205271770992, 0.167571953354246, 0.17212883022420916], "average_fidelity": 0.17604043691851812, "training_params": {"N_samples": 3, "N_training_iterations": 4000, "learning_rate": 0.01, "convergence_threshold": 1e-06, "batch_size": 8, "eval_batch_size": 16, "evaluation_time_steps": 100}}