{"fidelities_each_sample": [0.23477099365973053, 0.23428894375515644, 0.2250816369533706], "average_fidelity": 0.23138052478941917, "training_params": {"N_samples": 3, "N_training_iterations": 4000, "learning_rate": 0.01, "convergence_threshold": 1e-06, "batch_size": 8, "eval_batch_size": 16, "evaluation_time_steps": 100}}