{"fidelities_each_sample": [0.33119544248656463, 0.32488551998068294, 0.27977266894315894], "average_fidelity": 0.31195121047013546, "training_params": {"N_samples": 3, "N_training_iterations": 4000, "learning_rate": 0.01, "convergence_threshold": 1e-06, "batch_size": 8, "eval_batch_size": 16, "evaluation_time_steps": 100}}