{"fidelities_each_sample": [0.18682654577564436, 0.17064909372791134, 0.15548592675277786], "average_fidelity": 0.1709871887521112, "training_params": {"N_samples": 3, "N_training_iterations": 4000, "learning_rate": 0.01, "convergence_threshold": 1e-06, "batch_size": 8, "eval_batch_size": 16, "evaluation_time_steps": 100}}