{"fidelities_each_sample": [0.1736704160145203, 0.18347394526420585, 0.16658372892923154], "average_fidelity": 0.17457603006931924, "training_params": {"N_samples": 3, "N_training_iterations": 4000, "learning_rate": 0.01, "convergence_threshold": 1e-06, "batch_size": 8, "eval_batch_size": 16, "evaluation_time_steps": 100}}