{"fidelities_each_sample": [0.23319018343266854, 0.23030841257317144, 0.20299656852938955], "average_fidelity": 0.2221650548450765, "training_params": {"N_samples": 3, "N_training_iterations": 4000, "learning_rate": 0.01, "convergence_threshold": 1e-06, "batch_size": 8, "eval_batch_size": 16, "evaluation_time_steps": 100}}