{"fidelities_each_sample": [0.1727555270207588, 0.19916542643540203, 0.25607728401890073], "average_fidelity": 0.2093327458250205, "training_params": {"N_samples": 3, "N_training_iterations": 4000, "learning_rate": 0.01, "convergence_threshold": 1e-06, "batch_size": 8, "eval_batch_size": 16, "evaluation_time_steps": 100}}