{"fidelities_each_sample": [0.12254674862693385, 0.12012805387700856, 0.1197527911531836], "average_fidelity": 0.12080919788570867, "training_params": {"N_samples": 3, "N_training_iterations": 4000, "learning_rate": 0.01, "convergence_threshold": 1e-06, "batch_size": 8, "eval_batch_size": 16, "evaluation_time_steps": 100}}