{"fidelities_each_sample": [0.1286321716655127, 0.1270118384841464, 0.12577326301770303], "average_fidelity": 0.12713909105578738, "training_params": {"N_samples": 3, "N_training_iterations": 4000, "learning_rate": 0.01, "convergence_threshold": 1e-06, "batch_size": 8, "eval_batch_size": 16, "evaluation_time_steps": 100}}