{"fidelities_each_sample": [0.2913759790541994, 0.30203289390897453, 0.2824207610644451], "average_fidelity": 0.2919432113425397, "training_params": {"N_samples": 3, "N_training_iterations": 4000, "learning_rate": 0.01, "convergence_threshold": 1e-06, "batch_size": 8, "eval_batch_size": 16, "evaluation_time_steps": 100}}