{"fidelities_each_sample": [0.2363426191419981, 0.23340639541523597, 0.21198640757558862], "average_fidelity": 0.2272451407109409, "training_params": {"N_samples": 3, "N_training_iterations": 4000, "learning_rate": 0.01, "convergence_threshold": 1e-06, "batch_size": 8, "eval_batch_size": 16, "evaluation_time_steps": 100}}