{"fidelities_each_sample": [0.18166729053698075, 0.15518973775607045, 0.16514338293950534], "average_fidelity": 0.1673334704108522, "training_params": {"N_samples": 3, "N_training_iterations": 4000, "learning_rate": 0.01, "convergence_threshold": 1e-06, "batch_size": 8, "eval_batch_size": 16, "evaluation_time_steps": 100}}