{"fidelities_each_sample": [0.23054939901449245, 0.23270079287861944, 0.21761946507631655], "average_fidelity": 0.22695655232314282, "training_params": {"N_samples": 3, "N_training_iterations": 1000, "learning_rate": 0.01, "convergence_threshold": 1e-06, "batch_size": 8, "eval_batch_size": 16, "evaluation_time_steps": 100}}