{"fidelities_each_sample": [0.33006499421118324, 0.30495352641852613, 0.3168918064687598], "average_fidelity": 0.31730344236615643, "training_params": {"N_samples": 3, "N_training_iterations": 4000, "learning_rate": 0.01, "convergence_threshold": 1e-06, "batch_size": 8, "eval_batch_size": 16, "evaluation_time_steps": 100}}