{"fidelities_each_sample": [0.20326173682424248, 0.18817464230224368, 0.1869920004719038], "average_fidelity": 0.19280945986613, "training_params": {"N_samples": 3, "N_training_iterations": 4000, "learning_rate": 0.01, "convergence_threshold": 1e-06, "batch_size": 8, "eval_batch_size": 16, "evaluation_time_steps": 100}}