{"fidelities_each_sample": [0.2510451721599554, 0.2809731516569534, 0.37159708181070106], "average_fidelity": 0.3012051352092033, "training_params": {"N_samples": 3, "N_training_iterations": 4000, "learning_rate": 0.01, "convergence_threshold": 1e-06, "batch_size": 8, "eval_batch_size": 16, "evaluation_time_steps": 100}}