{"fidelities_each_sample": [0.30862851859910545, 0.2772827646023049, 0.28786318976570624], "average_fidelity": 0.29125815765570556, "training_params": {"N_samples": 3, "N_training_iterations": 4000, "learning_rate": 0.01, "convergence_threshold": 1e-06, "batch_size": 8, "eval_batch_size": 16, "evaluation_time_steps": 100}}