{"fidelities_each_sample": [0.281068468522008, 0.24461599560191397, 0.22469775444967588], "average_fidelity": 0.2501274061911993, "training_params": {"N_samples": 3, "N_training_iterations": 1000, "learning_rate": 0.01, "convergence_threshold": 1e-06, "batch_size": 8, "eval_batch_size": 16, "evaluation_time_steps": 100}}